timestamp,prediction_mwh,lead_time_min,quarter_hour,method,baseline_pred,reg_cumulative_mean,created_at,pred_date,settlement_start,balancing_energy_mw_mean,balancing_energy_mw_first,balancing_energy_mw_last,balancing_energy_mw_std,import_deviation_mean,import_deviation_first,import_deviation_last,frequency_hz_mean,frequency_hz_first,frequency_hz_last,frequency_hz_min,frequency_hz_max,freq_deviation_mean,freq_deviation_sum,generation_mw_mean,generation_mw_first,generation_mw_last,load_mw_mean,load_mw_first,load_mw_last,cross_border_measured_mw_mean,cross_border_scheduled_mw_mean,reg_full_period_mean,actual_imbalance,actual_sign,model_pred_sign,baseline_pred_sign,import_dev_sign,freq_dev_sign,abs_actual,sign_correct,prev_actual,prev_sign,sign_flip,model_import_disagree,model_import_agree,model_freq_agree,vote_sum,majority_sign,model_uncertain,conditional_sign,reg_first,reg_final
2026-01-29 15:15:15.474107+00:00,-0.9531448317908432,12,15:15,lgbm_v4,-8.41725,33.669,2026-01-29 15:15:15.496926+00,2026-01-29,2026-01-29 16:15:00,34.654199999999996,33.669,56.611,20.8147067526785,-23.2,1,-2,49.9908,49.992,50.013,49.976,50.013,-0.009200000000001296,-0.04600000000000648,4093.6,4092,4095,3977.8,3940,3967,114.4,137.6,34.6542,-7.143,-1.0,-1.0,-1.0,1,-1.0,7.143,True,,,True,True,False,True,-1.0,-1.0,True,1.0,33.669,34.6542
2026-01-29 15:30:15.844059+00:00,-3.823530456523269,12,15:30,lgbm_v4,-0.269,1.076,2026-01-29 15:30:15.84794+00,2026-01-29,2026-01-29 16:30:00,17.2278,1.076,15.794,9.724177764726434,-22.4,-48,-22,50.00019999999999,50.019,49.98,49.98,50.019,0.0001999999999981128,0.000999999999990564,4090.4,4092,4083,4003.8,4018,4002,85.6,108.0,17.2278,-4.744,-1.0,-1.0,-1.0,-1,1.0,4.744,True,-7.143,-1.0,False,False,True,False,-1.0,-1.0,False,-1.0,1.076,17.2278
2026-01-29 15:45:15.865605+00:00,-2.999371599619714,12,15:45,lgbm_v4,-1.7725,7.09,2026-01-29 15:45:15.877587+00,2026-01-29,2026-01-29 16:45:00,23.262,7.09,27.396,11.047517662352933,-3.6,-40,69,49.9784,49.966,49.979,49.966,49.99,-0.021599999999999397,-0.10799999999999699,4107.6,4100,4142,4019.0,4041,3978,86.8,90.4,23.262,-5.594,-1.0,-1.0,-1.0,-1,-1.0,5.594,True,-4.744,-1.0,False,False,True,True,-3.0,-1.0,True,-1.0,7.09,23.262
2026-01-29 16:00:19.232436+00:00,-3.133082200878221,12,16:00,lgbm_v4,-0.1295,0.518,2026-01-29 16:00:19.236412+00,2026-01-29,2026-01-29 17:00:00,30.712400000000002,0.518,58.918,20.924887318693017,-8.0,31,17,50.000600000000006,50.006,49.996,49.979,50.011,0.0006000000000014438,0.003000000000007219,4155.0,4153,4180,4028.0,4008,4017,134.4,142.4,30.712399999999995,-9.848,-1.0,-1.0,-1.0,1,1.0,9.848,True,-5.594,-1.0,False,True,False,False,1.0,1.0,False,-1.0,0.518,30.712399999999995
2026-01-29 16:15:15.748096+00:00,-5.241105899763441,12,16:15,lgbm_v4,-11.21575,44.863,2026-01-29 16:15:15.75786+00,2026-01-29,2026-01-29 17:15:00,44.449799999999996,44.863,50.447,7.990159616678503,-4.2,4,18,49.9928,50.003,49.98,49.978,50.025,-0.007200000000000273,-0.036000000000001364,4165.4,4183,4172,4014.4,4033,3992,154.0,158.2,44.4498,-10.219,-1.0,-1.0,-1.0,1,-1.0,10.219,True,-9.848,-1.0,False,True,False,True,-1.0,-1.0,False,-1.0,44.863,44.4498
2026-01-29 16:30:15.695163+00:00,-5.580581698200946,12,16:30,lgbm_v4,-6.38425,25.537,2026-01-29 16:30:15.699244+00,2026-01-29,2026-01-29 17:30:00,23.099200000000003,25.537,35.575,13.682367401148094,5.2,41,15,50.0004,50.014,49.983,49.979,50.014,0.00040000000000048883,0.0020000000000024443,4158.8,4172,4168,3978.2,3963,3976,178.8,173.6,23.0992,-6.008,-1.0,-1.0,-1.0,1,1.0,6.008,True,-10.219,-1.0,False,True,False,False,1.0,1.0,False,-1.0,25.537,23.0992
2026-01-29 16:45:15.465455+00:00,-5.256589161161192,12,16:45,lgbm_v4,-7.52725,30.109,2026-01-29 16:45:15.476989+00,2026-01-29,2026-01-29 17:45:00,19.514,30.109,-8.91,19.485351587795382,25.8,9,65,49.9944,49.959,50.013,49.959,50.013,-0.005599999999998317,-0.027999999999991587,4177.6,4184,4171,4004.2,4010,3967,171.4,145.6,19.514,-2.079,-1.0,-1.0,-1.0,1,-1.0,2.079,True,-6.008,-1.0,False,True,False,True,-1.0,-1.0,False,-1.0,30.109,19.514
2026-01-29 17:00:15.439853+00:00,-2.149556634106132,12,17:00,lgbm_v4,7.10325,-28.413,2026-01-29 17:00:15.443884+00,2026-01-29,2026-01-29 18:00:00,8.0964,-28.413,32.076,26.83989255380878,28.6,57,16,49.9948,49.984,50.0,49.982,50.005,-0.0051999999999992495,-0.02599999999999625,4144.0,4168,4134,3990.2,3977,3997,152.6,124.0,8.0964,-5.243,-1.0,-1.0,1.0,1,-1.0,5.243,True,-2.079,-1.0,False,True,False,True,-1.0,-1.0,True,1.0,-28.413,8.0964
2026-01-29 17:15:15.630926+00:00,-5.275414757439311,12,17:15,lgbm_v4,-9.05775,36.231,2026-01-29 17:15:15.641875+00,2026-01-29,2026-01-29 18:15:00,23.038,36.231,36.473,18.74748209760447,31.2,23,33,49.9868,49.974,50.0,49.974,50.0,-0.0132000000000005,-0.0660000000000025,4143.0,4144,4141,3992.6,4000,3989,148.8,117.6,23.038,-4.864,-1.0,-1.0,-1.0,1,-1.0,4.864,True,-5.243,-1.0,False,True,False,True,-1.0,-1.0,False,-1.0,36.231,23.038
2026-01-29 17:30:15.775257+00:00,-3.337231207159732,12,17:30,lgbm_v4,-3.81175,15.247,2026-01-29 17:30:15.779341+00,2026-01-29,2026-01-29 18:30:00,-4.3478,15.247,-11.494,11.86604747588682,43.6,64,1,49.9996,49.987,50.014,49.987,50.014,-0.00040000000000048883,-0.0020000000000024443,4136.0,4151,4121,3968.2,3966,3995,166.8,123.2,-4.3478,2.275,1.0,-1.0,-1.0,1,-1.0,2.275,False,-4.864,-1.0,True,True,False,True,-1.0,-1.0,False,-1.0,15.247,-4.3478
2026-01-29 17:45:15.492445+00:00,0.5294683022801933,12,17:45,lgbm_v4,2.236,-8.944,2026-01-29 17:45:15.496493+00,2026-01-29,2026-01-29 18:45:00,-9.3124,-8.944,0.198,11.605030043045991,50.0,82,46,50.0002,50.016,49.994,49.981,50.016,0.00019999999999953388,0.0009999999999976694,4114.2,4113,4099,3950.0,3911,3951,163.2,113.2,-9.3124,3.24,1.0,1.0,1.0,1,1.0,3.24,True,2.275,1.0,False,False,True,True,3.0,1.0,True,1.0,-8.944,-9.3124
2026-01-29 18:00:16.193243+00:00,0.9408174620548916,12,18:00,lgbm_v4,-0.0495,0.198,2026-01-29 18:00:16.19689+00,2026-01-29,2026-01-29 19:00:00,23.025,0.198,-5.508,33.907870531780674,11.4,78,38,49.995799999999996,49.987,50.022,49.987,50.022,-0.004200000000000159,-0.021000000000000796,3988.6,4092,3959,3964.4,3949,3929,23.2,11.8,23.025,-4.853,-1.0,1.0,-1.0,1,-1.0,4.853,False,3.24,1.0,True,False,True,False,1.0,1.0,True,1.0,0.198,23.025
2026-01-29 18:15:15.763244+00:00,-1.8027755344040093,12,18:15,lgbm_v4,4.3485,-17.394,2026-01-29 18:15:15.776505+00,2026-01-29,2026-01-29 19:15:00,-17.8196,-17.394,-37.968,20.044083436266178,53.4,-12,35,50.0068,50.025,50.026,49.987,50.026,0.006800000000001205,0.034000000000006025,3959.2,3938,3943,3898.2,3951,3894,60.4,7.0,-17.8196,5.691,1.0,-1.0,1.0,-1,1.0,5.691,False,-4.853,-1.0,True,False,True,False,-1.0,-1.0,True,-1.0,-17.394,-17.8196
2026-01-29 18:30:15.712444+00:00,3.107110048400567,12,18:30,lgbm_v4,4.11075,-16.443,2026-01-29 18:30:15.722998+00,2026-01-29,2026-01-29 19:30:00,16.8042,-16.443,-4.769,30.6498455412095,9.0,-11,23,50.005399999999995,50.007,50.018,49.986,50.018,0.005399999999998783,0.026999999999993918,3949.0,3942,3941,3894.2,3926,3862,53.6,44.6,16.8042,-5.382,-1.0,1.0,1.0,-1,1.0,5.382,False,5.691,1.0,True,True,False,True,1.0,1.0,False,1.0,-16.443,16.8042
2026-01-29 18:45:16.511545+00:00,-1.7018029077133572,12,18:45,lgbm_v4,-1.7035,6.814,2026-01-29 18:45:16.515437+00,2026-01-29,2026-01-29 19:45:00,31.047000000000004,6.814,-3.227,27.981250570694655,-10.2,25,-30,49.9984,50.012,50.007,49.979,50.012,-0.0016000000000005344,-0.008000000000002672,3943.0,3935,3939,3859.8,3837,3873,81.8,92.0,31.047,-4.976,-1.0,-1.0,-1.0,1,-1.0,4.976,True,-5.382,-1.0,False,True,False,True,-1.0,-1.0,True,1.0,6.814,31.047
2026-01-29 19:00:15.818531+00:00,-3.220756690369718,12,19:00,lgbm_v4,0.80675,-3.227,2026-01-29 19:00:15.823003+00,2026-01-29,2026-01-29 20:00:00,44.5474,-3.227,32.275,32.504046652686185,-35.4,-35,-37,49.99679999999999,49.97,50.034,49.97,50.034,-0.0032000000000010687,-0.016000000000005343,3904.6,3945,3878,3900.0,3907,3887,3.2,38.6,44.5474,-12.87,-1.0,-1.0,1.0,-1,-1.0,12.87,True,-4.976,-1.0,False,False,True,True,-3.0,-1.0,False,-1.0,-3.227,44.5474
2026-01-29 19:15:15.769041+00:00,-4.227558792714307,12,19:15,lgbm_v4,-7.775,31.1,2026-01-29 19:15:15.78159+00,2026-01-29,2026-01-29 20:15:00,28.499000000000002,31.1,1.006,22.50963537021424,14.8,-15,34,50.001999999999995,50.011,50.018,49.993,50.018,0.002000000000001023,0.010000000000005116,3897.0,3868,3895,3832.8,3847,3801,63.4,48.6,28.498999999999995,-5.814,-1.0,-1.0,-1.0,-1,1.0,5.814,True,-12.87,-1.0,False,False,True,False,-1.0,-1.0,False,-1.0,31.1,28.498999999999995
2026-01-29 19:30:15.969581+00:00,-4.025874754813105,12,19:30,lgbm_v4,-1.2405,4.962,2026-01-29 19:30:15.98301+00,2026-01-29,2026-01-29 20:30:00,29.438,4.962,20.024,17.661678685787486,15.0,-2,-36,50.013,50.015,50.014,49.992,50.023,0.013000000000000966,0.06500000000000483,3906.4,3883,3901,3771.6,3800,3798,134.0,119.0,29.438,-9.928,-1.0,-1.0,-1.0,-1,1.0,9.928,True,-5.814,-1.0,False,False,True,False,-1.0,-1.0,False,-1.0,4.962,29.438
2026-01-29 19:45:15.908212+00:00,-7.974084186507063,12,19:45,lgbm_v4,-14.9935,59.974,2026-01-29 19:45:15.913349+00,2026-01-29,2026-01-29 20:45:00,63.35419999999999,59.974,49.615,14.818832804914157,-13.6,-75,47,49.9984,50.029,49.985,49.985,50.029,-0.0016000000000005344,-0.008000000000002672,3886.6,3881,3878,3708.4,3794,3625,177.2,190.8,63.354200000000006,-11.822,-1.0,-1.0,-1.0,-1,-1.0,11.822,True,-9.928,-1.0,False,False,True,True,-3.0,-1.0,False,-1.0,59.974,63.354200000000006
2026-01-29 20:00:16.416957+00:00,-5.5957938550451365,12,20:00,lgbm_v4,0.2475,-0.99,2026-01-29 20:00:16.483554+00,2026-01-29,2026-01-29 21:00:00,2.9623999999999997,-0.99,1.507,7.568972935610221,28.0,-20,11,49.983,49.983,50.013,49.966,50.013,-0.01700000000000159,-0.08500000000000796,3874.2,3865,3861,3629.2,3675,3627,242.8,214.8,2.9624,-2.157,-1.0,-1.0,1.0,-1,-1.0,2.157,True,-11.822,-1.0,False,False,True,True,-3.0,-1.0,False,-1.0,-0.99,2.9624
2026-01-29 20:15:19.729414+00:00,-4.142896265159361,12,20:15,lgbm_v4,-6.3455,25.382,2026-01-29 20:15:19.743108+00,2026-01-29,2026-01-29 21:15:00,43.845600000000005,25.382,26.514,22.155421104100007,0.0,-25,77,49.9928,50.005,49.998,49.98,50.005,-0.007200000000000273,-0.036000000000001364,3869.4,3844,3870,3599.0,3626,3514,269.0,269.0,43.8456,-8.388,-1.0,-1.0,-1.0,-1,-1.0,8.388,True,-2.157,-1.0,False,False,True,True,-3.0,-1.0,False,-1.0,25.382,43.8456
2026-01-29 20:30:15.090289+00:00,-4.704640622567114,12,20:30,lgbm_v4,-6.6285,26.514,2026-01-29 20:30:15.098061+00,2026-01-29,2026-01-29 21:30:00,31.1068,26.514,3.892,21.468103216167002,64.6,55,95,50.0028,49.984,50.013,49.984,50.026,0.00280000000000058,0.014000000000002899,3880.4,3858,3894,3560.2,3514,3544,314.8,250.2,31.1068,-7.791,-1.0,-1.0,-1.0,1,1.0,7.791,True,-8.388,-1.0,False,True,False,False,1.0,1.0,False,-1.0,26.514,31.1068
2026-01-29 20:45:15.605002+00:00,-7.100451626796091,12,20:45,lgbm_v4,-7.4565,29.826,2026-01-29 20:45:15.623042+00,2026-01-29,2026-01-29 21:45:00,49.424,29.826,23.841,26.910262048148102,61.0,63,54,50.0132,50.029,50.022,49.988,50.029,0.0132000000000005,0.0660000000000025,3885.4,3857,3882,3476.8,3500,3458,407.4,346.4,49.42400000000001,-10.582,-1.0,-1.0,-1.0,1,1.0,10.582,True,-7.791,-1.0,False,True,False,False,1.0,1.0,False,-1.0,29.826,49.42400000000001
2026-01-29 21:00:17.166746+00:00,-3.173965851273226,12,21:00,lgbm_v4,1.0365,-4.146,2026-01-29 21:00:17.1728+00,2026-01-29,2026-01-29 22:00:00,9.004999999999999,-4.146,22.552,9.835585620592196,17.6,29,15,49.9988,50.038,49.993,49.984,50.038,-0.0012000000000000454,-0.006000000000000227,3812.8,3825,3812,3429.4,3428,3428,382.4,364.8,9.004999999999999,-3.509,-1.0,-1.0,1.0,1,-1.0,3.509,True,-10.582,-1.0,False,True,False,True,-1.0,-1.0,False,-1.0,-4.146,9.004999999999999
2026-01-29 21:15:15.927480+00:00,-4.364422822509047,12,21:15,lgbm_v4,-4.6135,18.454,2026-01-29 21:15:15.931449+00,2026-01-29,2026-01-29 22:15:00,33.7264,18.454,34.483,14.372636824883594,26.0,6,8,50.006,50.007,50.011,49.989,50.019,0.005999999999998807,0.02999999999999403,3806.0,3792,3803,3368.0,3399,3378,436.6,410.6,33.7264,-6.267,-1.0,-1.0,-1.0,1,1.0,6.267,True,-3.509,-1.0,False,True,False,False,1.0,1.0,False,-1.0,18.454,33.7264
2026-01-29 21:30:15.864426+00:00,-1.757413204367149,12,21:30,lgbm_v4,6.4945,-25.978,2026-01-29 21:30:15.868584+00,2026-01-29,2026-01-29 22:30:00,10.666999999999998,-25.978,-5.42,27.677982621571246,30.4,36,2,49.9948,50.018,50.013,49.967,50.018,-0.005200000000000671,-0.026000000000003354,3799.8,3762,3791,3308.2,3301,3319,402.0,371.6,10.667,-4.34,-1.0,-1.0,1.0,1,-1.0,4.34,True,-6.267,-1.0,False,True,False,True,-1.0,-1.0,True,1.0,-25.978,10.667
2026-01-29 21:45:15.981396+00:00,-2.5010224792156115,12,21:45,lgbm_v4,1.355,-5.42,2026-01-29 21:45:15.985089+00,2026-01-29,2026-01-29 22:45:00,10.097199999999999,-5.42,-12.944,19.386964762437675,35.0,23,22,50.0022,49.99,50.02,49.99,50.02,0.002200000000000557,0.011000000000002785,3784.0,3766,3772,3234.6,3256,3216,444.4,409.4,10.0972,-2.614,-1.0,-1.0,1.0,1,1.0,2.614,True,-4.34,-1.0,False,True,False,False,1.0,1.0,True,1.0,-5.42,10.0972
2026-01-29 22:00:16.405861+00:00,-2.3634564129263573,12,22:00,lgbm_v4,0.687,-2.748,2026-01-29 22:00:16.409834+00,2026-01-29,2026-01-29 23:00:00,-35.238,-2.748,-52.267,25.213173649899772,55.2,10,26,50.0004,49.982,50.027,49.971,50.027,0.00039999999999906777,0.001999999999995339,3754.6,3767,3751,3172.4,3191,3197,559.6,504.4,-35.238,9.641,1.0,-1.0,1.0,1,1.0,9.641,False,-2.614,-1.0,True,True,False,False,1.0,1.0,True,1.0,-2.748,-35.238
2026-01-29 22:15:15.987075+00:00,-1.0821994819739944,12,22:15,lgbm_v4,4.7745,-19.098,2026-01-29 22:15:15.999636+00,2026-01-29,2026-01-29 23:15:00,-22.498199999999997,-19.098,-78.835,33.95252175759556,36.8,41,51,50.0132,50.02,50.007,49.989,50.038,0.013199999999999079,0.0659999999999954,3746.0,3752,3743,3149.6,3166,3147,595.0,558.2,-22.4982,9.107,1.0,-1.0,1.0,1,1.0,9.107,False,9.641,1.0,False,True,False,False,1.0,1.0,True,1.0,-19.098,-22.4982
2026-01-29 22:30:15.813578+00:00,1.7336248371029606,12,22:30,lgbm_v4,21.914,-87.656,2026-01-29 22:30:15.817711+00,2026-01-29,2026-01-29 23:30:00,-21.7006,-87.656,-19.708,45.97622521260309,-7.2,37,9,50.013400000000004,49.994,50.04,49.988,50.04,0.013400000000000033,0.06700000000000017,3751.6,3751,3747,3151.2,3150,3140,329.6,336.8,-21.7006,1.51,1.0,1.0,1.0,1,1.0,1.51,True,9.107,1.0,False,False,True,True,3.0,1.0,True,1.0,-87.656,-21.7006
2026-01-29 22:45:15.667017+00:00,1.9332515042872136,12,22:45,lgbm_v4,1.11275,-4.451,2026-01-29 22:45:15.671264+00,2026-01-29,2026-01-29 23:45:00,-5.368,-4.451,-12.277,24.3889150332687,1.0,14,8,50.022000000000006,50.028,50.045,49.991,50.045,0.021999999999999888,0.10999999999999943,3745.4,3745,3744,3124.4,3126,3092,311.0,310.0,-5.368,0.505,1.0,1.0,1.0,1,1.0,0.505,True,1.51,1.0,False,False,True,True,3.0,1.0,True,1.0,-4.451,-5.368
2026-01-29 23:00:15.494073+00:00,2.9409942203229145,12,23:00,lgbm_v4,3.06925,-12.277,2026-01-29 23:00:15.501537+00,2026-01-29,2026-01-30 00:00:00,3.3160000000000003,-12.277,-4.348,19.814309639752782,28.6,4,26,49.9864,50.01,50.006,49.959,50.01,-0.013599999999999567,-0.06799999999999784,3672.6,3734,3662,3074.2,3116,3075,542.6,514.0,3.316000000000001,-1.801,-1.0,1.0,1.0,1,-1.0,1.801,False,0.505,1.0,True,False,True,False,1.0,1.0,True,1.0,-12.277,3.316000000000001
2026-01-29 23:15:14.702419+00:00,1.384826042116269,12,23:15,lgbm_v4,1.087,-4.348,2026-01-29 23:15:14.706196+00,2026-01-29,2026-01-30 00:15:00,1.8905999999999998,-4.348,-28.309,19.234632991039884,8.0,19,22,50.0072,50.006,50.01,49.984,50.028,0.007200000000000273,0.036000000000001364,3629.8,3646,3613,3045.6,3075,3006,586.2,578.2,1.8906,0.725,1.0,1.0,1.0,1,1.0,0.725,True,-1.801,-1.0,True,False,True,True,3.0,1.0,True,1.0,-4.348,1.8906
2026-01-29 23:30:15.609384+00:00,1.178375718964923,12,23:30,lgbm_v4,6.8225,-27.29,2026-01-29 23:30:15.620068+00,2026-01-29,2026-01-30 00:30:00,2.5469999999999997,-27.29,13.686,22.440509252242915,-23.2,-3,-62,50.0028,49.988,50.012,49.988,50.012,0.00280000000000058,0.014000000000002899,3598.6,3615,3587,3023.8,3027,3045,573.6,596.8,2.547,-3.895,-1.0,1.0,1.0,-1,1.0,3.895,False,0.725,1.0,True,True,False,True,1.0,1.0,True,-1.0,-27.29,2.547
2026-01-29 23:45:15.637297+00:00,-2.296899049887841,12,23:45,lgbm_v4,-9.79825,39.193,2026-01-29 23:45:15.649314+00,2026-01-29,2026-01-30 00:45:00,27.47,39.193,11.751,15.48729095097009,-30.6,-64,3,50.001,49.992,49.979,49.979,50.025,0.0009999999999990906,0.0049999999999954525,3589.6,3591,3596,2986.8,3039,2950,601.6,632.2,27.47,-5.133,-1.0,-1.0,-1.0,-1,1.0,5.133,True,-3.895,-1.0,False,False,True,False,-1.0,-1.0,True,-1.0,39.193,27.47
2026-01-30 00:00:15.579128+00:00,-2.4360333065912387,12,00:00,lgbm_v4,-1.02725,4.109,2026-01-30 00:00:15.583075+00,2026-01-30,2026-01-30 01:00:00,27.3538,4.109,43.438,15.613318567812547,23.0,62,30,49.9864,50.002,49.985,49.954,50.012,-0.013599999999999567,-0.06799999999999784,3615.2,3583,3627,2934.4,2873,2935,679.0,656.0,27.3538,-8.455,-1.0,-1.0,-1.0,1,-1.0,8.455,True,-5.133,-1.0,False,True,False,True,-1.0,-1.0,True,1.0,4.109,27.3538
2026-01-30 00:15:15.558388+00:00,-5.1624734252192095,12,00:15,lgbm_v4,-7.84175,31.367,2026-01-30 00:15:15.566481+00,2026-01-30,2026-01-30 01:15:00,32.1314,31.367,23.112,6.576579452876701,-6.0,20,27,49.999,49.99,50.009,49.986,50.009,-0.0010000000000005115,-0.005000000000002558,3606.2,3603,3596,2946.4,2920,2900,658.8,664.8,32.1314,-5.767,-1.0,-1.0,-1.0,1,-1.0,5.767,True,-8.455,-1.0,False,True,False,True,-1.0,-1.0,False,-1.0,31.367,32.1314
2026-01-30 00:30:15.902866+00:00,-2.975974127524616,12,00:30,lgbm_v4,3.81675,-15.267,2026-01-30 00:30:15.906787+00,2026-01-30,2026-01-30 01:30:00,16.776999999999997,-15.267,10.467,21.19696175162846,-16.8,-23,-41,50.0108,50.002,50.022,50.0,50.022,0.01080000000000041,0.054000000000002046,3600.4,3598,3601,2932.2,2946,2950,667.4,684.2,16.776999999999997,-5.327,-1.0,-1.0,1.0,-1,1.0,5.327,True,-5.767,-1.0,False,False,True,False,-1.0,-1.0,True,-1.0,-15.267,16.776999999999997
2026-01-30 00:45:15.596606+00:00,-4.1651176263908765,12,00:45,lgbm_v4,-2.50825,10.033,2026-01-30 00:45:15.600593+00,2026-01-30,2026-01-30 01:45:00,9.3806,10.033,-12.504,13.60263942402356,3.8,7,27,50.0118,50.028,50.012,49.996,50.028,0.01180000000000092,0.059000000000004604,3608.2,3593,3611,2903.8,2890,2892,703.4,699.6,9.3806,0.836,1.0,-1.0,-1.0,1,1.0,0.836,False,-5.327,-1.0,True,True,False,False,1.0,1.0,False,-1.0,10.033,9.3806
2026-01-30 01:00:16.595253+00:00,-2.185325120047827,12,01:00,lgbm_v4,13.6825,-54.73,2026-01-30 01:00:16.608616+00,2026-01-30,2026-01-30 02:00:00,10.1486,-54.73,3.798,41.723267163538374,-7.8,47,8,50.001400000000004,50.024,50.001,49.985,50.024,0.0013999999999995793,0.006999999999997897,3598.0,3595,3605,2939.6,2901,2938,575.0,582.8,10.1486,-6.049,-1.0,-1.0,1.0,1,1.0,6.049,True,0.836,1.0,True,True,False,False,1.0,1.0,True,1.0,-54.73,10.1486
2026-01-30 01:15:15.436769+00:00,-3.791150119431639,12,01:15,lgbm_v4,-4.01675,16.067,2026-01-30 01:15:15.44885+00,2026-01-30,2026-01-30 02:15:00,12.4962,16.067,-12.445,15.302117719453085,4.0,12,8,50.010000000000005,50.021,50.023,49.996,50.023,0.010000000000000852,0.05000000000000426,3595.6,3598,3592,2940.6,2930,2934,550.2,546.2,12.4962,-1.781,-1.0,-1.0,-1.0,1,1.0,1.781,True,-6.049,-1.0,False,True,False,False,1.0,1.0,False,-1.0,16.067,12.4962
2026-01-30 01:30:15.500208+00:00,-1.9008047336542813,12,01:30,lgbm_v4,2.52625,-10.105,2026-01-30 01:30:15.504165+00,2026-01-30,2026-01-30 02:30:00,-2.3206,-10.105,-5.854,7.0985050750140335,24.6,-5,29,49.999199999999995,50.023,50.013,49.97,50.023,-0.0008000000000009777,-0.0040000000000048885,3598.6,3596,3593,2910.8,2947,2905,581.6,557.0,-2.3206,0.114,1.0,-1.0,1.0,-1,-1.0,0.114,False,-1.781,-1.0,True,False,True,True,-3.0,-1.0,True,-1.0,-10.105,-2.3206
2026-01-30 01:45:15.534323+00:00,0.364018360705635,12,01:45,lgbm_v4,4.80975,-19.239,2026-01-30 01:45:15.540075+00,2026-01-30,2026-01-30 02:45:00,-7.575200000000001,-19.239,-0.248,7.398720004162883,0.2,4,-2,50.0108,50.038,49.996,49.996,50.038,0.01080000000000041,0.054000000000002046,3595.8,3573,3601,2918.8,2903,2891,562.2,562.0,-7.5752,0.685,1.0,1.0,1.0,1,1.0,0.685,True,0.114,1.0,False,False,True,True,3.0,1.0,True,1.0,-19.239,-7.5752
2026-01-30 02:00:15.216954+00:00,-1.9902604933746617,12,02:00,lgbm_v4,-4.82325,19.293,2026-01-30 02:00:15.220709+00,2026-01-30,2026-01-30 03:00:00,21.785999999999998,19.293,-14.436,21.328133849448715,-22.0,-114,30,50.0028,50.019,49.987,49.984,50.021,0.00280000000000058,0.014000000000002899,3598.0,3593,3594,2906.2,2968,2863,490.0,512.0,21.785999999999994,-2.8,-1.0,-1.0,-1.0,-1,1.0,2.8,True,0.685,1.0,True,False,True,False,-1.0,-1.0,True,-1.0,19.293,21.785999999999994
2026-01-30 02:15:15.478312+00:00,-2.3079567549287456,12,02:15,lgbm_v4,2.64,-10.56,2026-01-30 02:15:15.486842+00,2026-01-30,2026-01-30 03:15:00,1.6273999999999997,-10.56,17.087,11.997969257336845,-6.2,8,-2,50.0148,50.021,50.007,50.006,50.021,0.014799999999999614,0.07399999999999807,3598.8,3595,3603,2925.0,2895,2929,472.2,478.4,1.6274000000000002,-2.429,-1.0,-1.0,1.0,1,1.0,2.429,True,-2.8,-1.0,False,True,False,False,1.0,1.0,True,1.0,-10.56,1.6274000000000002
2026-01-30 02:30:15.839274+00:00,-1.7954566255518745,12,02:30,lgbm_v4,-3.5515,14.206,2026-01-30 02:30:15.843115+00,2026-01-30,2026-01-30 03:30:00,15.034,14.206,16.285,13.405749456856189,-16.2,-24,-27,49.994600000000005,50.006,50.006,49.981,50.006,-0.005400000000000205,-0.027000000000001023,3599.4,3602,3602,2938.2,2949,2951,458.6,474.8,15.033999999999995,-3.862,-1.0,-1.0,-1.0,-1,-1.0,3.862,True,-2.429,-1.0,False,False,True,True,-3.0,-1.0,True,-1.0,14.206,15.033999999999995
2026-01-30 02:45:15.632170+00:00,-1.840753133771378,12,02:45,lgbm_v4,-4.00025,16.001,2026-01-30 02:45:15.643516+00,2026-01-30,2026-01-30 03:45:00,12.909600000000001,16.001,15.939,4.971538172437178,-33.4,3,-90,50.0092,50.021,50.015,49.987,50.021,0.009199999999999875,0.045999999999999375,3599.2,3601,3598,2956.4,2921,3015,440.6,474.0,12.9096,-3.147,-1.0,-1.0,-1.0,1,1.0,3.147,True,-3.862,-1.0,False,True,False,False,1.0,1.0,True,1.0,16.001,12.9096
2026-01-30 03:00:16.740926+00:00,-3.6932662245361434,12,03:00,lgbm_v4,-4.04525,16.181,2026-01-30 03:00:16.745271+00,2026-01-30,2026-01-30 04:00:00,-0.10519999999999996,16.181,-14.983,13.589006906319534,-4.4,-22,4,49.992399999999996,50.007,50.001,49.973,50.007,-0.007600000000002183,-0.038000000000010914,3596.0,3599,3593,2965.2,2965,2968,428.4,432.8,-0.1051999999999999,1.933,1.0,-1.0,-1.0,-1,-1.0,1.933,False,-3.147,-1.0,True,False,True,True,-3.0,-1.0,False,-1.0,16.181,-0.1051999999999999
2026-01-30 03:15:15.462048+00:00,0.0124117642681342,12,03:15,lgbm_v4,3.74575,-14.983,2026-01-30 03:15:15.465931+00,2026-01-30,2026-01-30 04:15:00,-9.5378,-14.983,6.734,12.93951441129071,10.4,-4,-8,49.9928,50.005,49.99,49.986,50.005,-0.007199999999998851,-0.03599999999999426,3591.2,3595,3593,2997.6,2994,3019,390.6,380.2,-9.5378,0.14,1.0,1.0,1.0,-1,-1.0,0.14,True,1.933,1.0,False,True,False,False,-1.0,-1.0,True,-1.0,-14.983,-9.5378
2026-01-30 03:30:15.813847+00:00,-1.989666233000063,12,03:30,lgbm_v4,-7.39725,29.589,2026-01-30 03:30:15.824684+00,2026-01-30,2026-01-30 04:30:00,65.5844,29.589,96.644,25.371604103800774,-71.0,-64,-66,49.993,50.014,49.976,49.976,50.014,-0.0069999999999993175,-0.03499999999999659,3605.0,3595,3623,3027.4,3049,3024,374.4,445.4,65.5844,-20.467,-1.0,-1.0,-1.0,-1,-1.0,20.467,True,0.14,1.0,True,False,True,True,-3.0,-1.0,True,-1.0,29.589,65.5844
2026-01-30 03:45:15.612611+00:00,-16.718973480948204,12,03:45,lgbm_v4,-27.49,109.96,2026-01-30 03:45:15.616419+00,2026-01-30,2026-01-30 04:45:00,102.92699999999999,109.96,113.16,12.971987569374248,-82.2,-42,-89,49.9892,49.983,49.991,49.978,50.008,-0.01080000000000041,-0.054000000000002046,3615.4,3635,3602,3044.4,3017,3045,367.0,449.2,102.927,-25.901,-1.0,-1.0,-1.0,-1,-1.0,25.901,True,-20.467,-1.0,False,False,True,True,-3.0,-1.0,False,-1.0,109.96,102.927
2026-01-30 04:00:16.022763+00:00,-25.66474697443041,12,04:00,lgbm_v4,-27.605,110.42,2026-01-30 04:00:16.032665+00,2026-01-30,2026-01-30 05:00:00,37.5556,110.42,-23.945,58.43266023637808,-18.4,-104,20,49.998400000000004,50.015,49.994,49.993,50.015,-0.0015999999999991132,-0.007999999999995566,3620.8,3597,3634,3107.4,3077,3132,372.8,391.2,37.555600000000005,-3.175,-1.0,-1.0,-1.0,-1,-1.0,3.175,True,-25.901,-1.0,False,False,True,True,-3.0,-1.0,False,-1.0,110.42,37.555600000000005
2026-01-30 04:15:15.539109+00:00,-1.6709150634095056,12,04:15,lgbm_v4,4.7365,-18.946,2026-01-30 04:15:15.54302+00,2026-01-30,2026-01-30 05:15:00,-12.733999999999998,-18.946,1.806,17.55734502992978,1.4,-12,-51,50.0138,50.024,50.012,49.994,50.03,0.013800000000000524,0.06900000000000261,3629.8,3634,3633,3163.0,3171,3218,362.2,360.8,-12.734,1.676,1.0,-1.0,1.0,-1,1.0,1.676,False,-3.175,-1.0,True,False,True,False,-1.0,-1.0,True,-1.0,-18.946,-12.734
2026-01-30 04:30:15.465650+00:00,0.074631846553172,12,04:30,lgbm_v4,-3.3505,13.402,2026-01-30 04:30:15.470994+00,2026-01-30,2026-01-30 05:30:00,0.9242000000000001,13.402,18.349,14.953768745704208,-1.4,-27,-35,49.9892,50.012,49.976,49.959,50.021,-0.010799999999998987,-0.05399999999999494,3661.8,3647,3680,3227.2,3185,3292,412.2,413.6,0.9242,-0.149,-1.0,1.0,-1.0,-1,-1.0,0.149,False,1.676,1.0,True,True,False,False,-1.0,-1.0,True,-1.0,13.402,0.9242
2026-01-30 04:45:15.475251+00:00,-4.813083977407363,12,04:45,lgbm_v4,-1.9485,7.794,2026-01-30 04:45:15.486414+00,2026-01-30,2026-01-30 05:45:00,-27.0834,7.794,-11.189,27.82602807265169,31.4,35,27,50.0022,50.012,49.982,49.982,50.029,0.002200000000000557,0.011000000000002785,3701.6,3690,3711,3287.8,3247,3317,412.2,380.8,-27.0834,7.927,1.0,-1.0,-1.0,1,1.0,7.927,False,-0.149,-1.0,True,True,False,False,1.0,1.0,False,-1.0,7.794,-27.0834
2026-01-30 05:00:15.956750+00:00,2.2104043146613983,12,05:00,lgbm_v4,3.30475,-13.219,2026-01-30 05:00:15.960308+00,2026-01-30,2026-01-30 06:00:00,-13.038999999999998,-13.219,7.98,31.52569731980563,-2.0,-38,42,49.9742,50.031,49.959,49.932,50.031,-0.025799999999999556,-0.12899999999999778,3828.2,3747,3887,3518.6,3442,3557,307.6,309.6,-13.039,2.692,1.0,1.0,1.0,-1,-1.0,2.692,True,7.927,1.0,False,True,False,False,-1.0,-1.0,True,-1.0,-13.219,-13.039
2026-01-30 05:15:15.658104+00:00,3.178109253096747,12,05:15,lgbm_v4,1.833,-7.332,2026-01-30 05:15:15.67082+00,2026-01-30,2026-01-30 06:15:00,-9.4666,-7.332,33.087,30.411487193164366,16.8,8,-11,50.0054,50.011,49.968,49.968,50.024,0.005400000000001626,0.02700000000000813,3865.4,3892,3853,3652.2,3633,3696,212.2,195.4,-9.4666,2.132,1.0,1.0,1.0,1,1.0,2.132,True,2.692,1.0,False,False,True,True,3.0,1.0,False,1.0,-7.332,-9.4666
2026-01-30 05:30:15.458128+00:00,2.456165036850877,12,05:30,lgbm_v4,0.499,-1.996,2026-01-30 05:30:15.478566+00,2026-01-30,2026-01-30 06:30:00,4.946999999999998,-1.996,52.049,33.869565313124404,2.2,47,-21,49.9976,50.018,50.005,49.983,50.018,-0.002400000000000091,-0.012000000000000455,3857.4,3861,3857,3749.2,3672,3787,106.2,104.0,4.946999999999998,-2.861,-1.0,1.0,1.0,1,-1.0,2.861,False,2.132,1.0,True,False,True,False,1.0,1.0,True,1.0,-1.996,4.946999999999998
2026-01-30 05:45:15.488188+00:00,-0.0057778519073822,12,05:45,lgbm_v4,-7.40925,29.637,2026-01-30 05:45:15.491778+00,2026-01-30,2026-01-30 06:45:00,6.5164,29.637,2.956,13.309209153815264,14.6,41,10,49.986000000000004,50.01,49.962,49.962,50.028,-0.014000000000000058,-0.07000000000000028,3869.6,3879,3878,3790.0,3758,3807,74.6,60.0,6.5164,-2.63,-1.0,-1.0,-1.0,1,-1.0,2.63,True,-2.861,-1.0,False,True,False,True,-1.0,-1.0,True,1.0,29.637,6.5164
2026-01-30 06:00:16.897621+00:00,-2.282565257041312,12,06:00,lgbm_v4,-12.09775,48.391,2026-01-30 06:00:16.908104+00,2026-01-30,2026-01-30 07:00:00,5.755999999999999,48.391,16.978,32.96454863182567,30.2,-30,34,49.9906,49.99,49.975,49.965,50.019,-0.009399999999999409,-0.046999999999997044,3966.2,3895,4006,3861.6,3858,3896,99.8,69.6,5.755999999999999,-0.854,-1.0,-1.0,-1.0,-1,-1.0,0.854,True,-2.63,-1.0,False,False,True,True,-3.0,-1.0,True,-1.0,48.391,5.755999999999999
2026-01-30 06:15:15.714167+00:00,-2.027593423019211,12,06:15,lgbm_v4,-8.60125,34.405,2026-01-30 06:15:15.717926+00,2026-01-30,2026-01-30 07:15:00,5.365600000000001,34.405,23.591,27.17537023298855,62.4,70,54,49.997,49.976,49.995,49.976,50.008,-0.0030000000000001137,-0.015000000000000568,4002.2,4014,3992,3885.8,3879,3875,112.0,49.6,5.365600000000001,-1.691,-1.0,-1.0,-1.0,1,-1.0,1.691,True,-0.854,-1.0,False,True,False,True,-1.0,-1.0,True,1.0,34.405,5.365600000000001
2026-01-30 06:30:15.660403+00:00,-2.461614162334322,12,06:30,lgbm_v4,-10.38325,41.533,2026-01-30 06:30:15.664083+00,2026-01-30,2026-01-30 07:30:00,-22.5868,41.533,-19.709,51.490570400802504,60.8,1,63,49.9914,50.003,49.97,49.97,50.014,-0.008599999999999853,-0.04299999999999926,4144.8,3996,4191,3890.0,3878,3902,251.0,190.2,-22.5868,7.905,1.0,-1.0,-1.0,1,-1.0,7.905,False,-1.691,-1.0,True,True,False,True,-1.0,-1.0,True,1.0,41.533,-22.5868
2026-01-30 06:45:15.672481+00:00,1.8225702429086736,12,06:45,lgbm_v4,1.4195,-5.678,2026-01-30 06:45:15.683194+00,2026-01-30,2026-01-30 07:45:00,-14.6202,-5.678,-14.059,8.327606570918201,25.6,-10,45,49.9964,49.988,49.995,49.983,50.021,-0.0036000000000015577,-0.018000000000007788,4166.8,4186,4179,3945.6,3985,3932,218.8,193.2,-14.6202,1.62,1.0,1.0,1.0,-1,-1.0,1.62,True,7.905,1.0,False,True,False,False,-1.0,-1.0,True,-1.0,-5.678,-14.6202
2026-01-30 07:00:16.731020+00:00,-0.3930536645330804,12,07:00,lgbm_v4,-8.76075,35.043,2026-01-30 07:00:16.734911+00,2026-01-30,2026-01-30 08:00:00,-47.934200000000004,35.043,-43.525,65.59784461169437,89.6,53,19,50.007,50.024,50.01,49.984,50.026,0.007000000000000739,0.035000000000003695,4380.2,4190,4412,3955.4,3883,4026,424.4,334.8,-47.9342,14.021,1.0,-1.0,-1.0,1,1.0,14.021,False,1.62,1.0,False,True,False,False,1.0,1.0,True,1.0,35.043,-47.9342
2026-01-30 07:15:15.529644+00:00,3.853080379270877,12,07:15,lgbm_v4,1.46325,-5.853,2026-01-30 07:15:15.539415+00,2026-01-30,2026-01-30 08:15:00,-16.855,-5.853,-42.291,15.270742729153678,47.6,3,71,50.0016,50.014,49.991,49.991,50.014,0.0016000000000005344,0.008000000000002672,4406.6,4393,4406,4014.8,4032,4004,390.0,342.4,-16.855,7.293,1.0,1.0,1.0,1,1.0,7.293,True,14.021,1.0,False,False,True,True,3.0,1.0,False,1.0,-5.853,-16.855
2026-01-30 07:30:16.406867+00:00,7.607985412918784,12,07:30,lgbm_v4,10.57275,-42.291,2026-01-30 07:30:16.411143+00,2026-01-30,2026-01-30 08:30:00,-44.6418,-42.291,-42.28,7.059319351042281,95.0,127,152,49.9988,50.012,50.017,49.977,50.017,-0.0012000000000000454,-0.006000000000000227,4419.8,4411,4433,4062.8,3982,4034,354.0,259.0,-44.6418,11.584,1.0,1.0,1.0,1,-1.0,11.584,True,7.293,1.0,False,False,True,False,1.0,1.0,False,1.0,-42.291,-44.6418
2026-01-30 07:45:15.610283+00:00,13.764034058462055,12,07:45,lgbm_v4,12.8615,-51.446,2026-01-30 07:45:15.614493+00,2026-01-30,2026-01-30 08:45:00,-22.6804,-51.446,-28.654,18.86607055801499,88.2,96,110,49.9964,50.0,50.004,49.982,50.008,-0.0036000000000001365,-0.018000000000000682,4436.6,4426,4444,4090.6,4079,4079,343.8,255.6,-22.6804,6.646,1.0,1.0,1.0,1,-1.0,6.646,True,11.584,1.0,False,False,True,False,1.0,1.0,False,1.0,-51.446,-22.6804
2026-01-30 08:00:14.825154+00:00,8.058679924605283,12,08:00,lgbm_v4,7.1635,-28.654,2026-01-30 08:00:14.836291+00,2026-01-30,2026-01-30 09:00:00,-43.673,-28.654,-24.293,15.783396830213704,93.4,136,87,50.001999999999995,50.004,50.018,49.987,50.018,0.001999999999999602,0.00999999999999801,4406.2,4438,4404,4121.6,4079,4141,283.8,190.4,-43.673,10.192,1.0,1.0,1.0,1,1.0,10.192,True,6.646,1.0,False,False,True,True,3.0,1.0,False,1.0,-28.654,-43.673
2026-01-30 08:15:15.618373+00:00,5.270425919649292,12,08:15,lgbm_v4,2.98475,-11.939,2026-01-30 08:15:15.629498+00,2026-01-30,2026-01-30 09:15:00,-13.5618,-11.939,-39.988,15.07539149408731,57.8,66,74,50.0194,50.021,50.028,50.01,50.028,0.019399999999998842,0.0969999999999942,4398.8,4396,4384,4164.2,4153,4143,232.4,174.6,-13.5618,8.325,1.0,1.0,1.0,1,1.0,8.325,True,10.192,1.0,False,False,True,True,3.0,1.0,False,1.0,-11.939,-13.5618
2026-01-30 08:30:15.543227+00:00,12.672618988577597,12,08:30,lgbm_v4,27.61025,-110.441,2026-01-30 08:30:15.547745+00,2026-01-30,2026-01-30 09:30:00,-59.1348,-110.441,-51.997,36.68300471880677,91.6,108,111,50.001400000000004,50.005,50.014,49.979,50.021,0.0014000000000010005,0.007000000000005002,4248.4,4370,4218,4090.8,4137,4065,154.4,62.8,-59.1348,11.544,1.0,1.0,1.0,1,1.0,11.544,True,8.325,1.0,False,False,True,True,3.0,1.0,False,1.0,-110.441,-59.1348
2026-01-30 08:45:15.652999+00:00,9.32089720753183,12,08:45,lgbm_v4,10.94175,-43.767,2026-01-30 08:45:15.657443+00,2026-01-30,2026-01-30 09:45:00,-37.6418,-43.767,-60.218,21.023649604671405,84.0,28,35,50.0016,49.975,50.016,49.975,50.031,0.0016000000000005344,0.008000000000002672,4236.6,4212,4216,4095.0,4136,4117,139.0,55.0,-37.6418,10.437,1.0,1.0,1.0,1,1.0,10.437,True,11.544,1.0,False,False,True,True,3.0,1.0,False,1.0,-43.767,-37.6418
2026-01-30 09:00:15.334992+00:00,12.131134408442938,12,09:00,lgbm_v4,15.81675,-63.267,2026-01-30 09:00:15.339434+00,2026-01-30,2026-01-30 10:00:00,-25.815000000000005,-63.267,-11.074,25.542472697450414,108.4,92,96,49.9966,49.995,50.021,49.967,50.021,-0.0034000000000006026,-0.017000000000003013,4163.4,4204,4153,3964.2,4036,3957,194.0,85.6,-25.815,4.722,1.0,1.0,1.0,1,-1.0,4.722,True,10.437,1.0,False,False,True,False,1.0,1.0,False,1.0,-63.267,-25.815
2026-01-30 09:15:15.745567+00:00,6.093052964920968,12,09:15,lgbm_v4,7.566,-30.264,2026-01-30 09:15:15.749903+00,2026-01-30,2026-01-30 10:15:00,-11.1022,-30.264,-22.506,16.572657532815914,113.6,105,156,50.007999999999996,50.0,50.028,49.98,50.028,0.00799999999999983,0.03999999999999915,4146.4,4119,4156,3921.4,3909,3896,219.2,105.6,-11.1022,4.845,1.0,1.0,1.0,1,1.0,4.845,True,4.722,1.0,False,False,True,True,3.0,1.0,False,1.0,-30.264,-11.1022
2026-01-30 09:30:16.032273+00:00,10.39256029042965,12,09:30,lgbm_v4,18.36825,-73.473,2026-01-30 09:30:16.036747+00,2026-01-30,2026-01-30 10:30:00,-16.857,-73.473,1.176,34.69344224777934,103.6,134,107,49.9968,50.024,49.993,49.979,50.024,-0.0031999999999996476,-0.015999999999998238,4079.2,4141,4060,3974.0,3946,3976,99.8,-3.8,-16.857,0.499,1.0,1.0,1.0,1,-1.0,0.499,True,4.845,1.0,False,False,True,False,1.0,1.0,False,1.0,-73.473,-16.857
2026-01-30 09:45:15.689397+00:00,2.113295693551166,12,09:45,lgbm_v4,-0.24725,0.989,2026-01-30 09:45:15.695224+00,2026-01-30,2026-01-30 10:45:00,-32.318400000000004,0.989,-70.238,29.29446686321497,145.2,127,177,50.001999999999995,49.995,50.014,49.986,50.014,0.001999999999999602,0.00999999999999801,4053.6,4057,4033,3921.2,3946,3884,128.0,-17.2,-32.318400000000004,15.877,1.0,1.0,-1.0,1,1.0,15.877,True,0.499,1.0,False,False,True,True,3.0,1.0,True,1.0,0.989,-32.318400000000004
2026-01-30 10:00:15.260174+00:00,9.13479494748817,12,10:00,lgbm_v4,39.908,-159.632,2026-01-30 10:00:15.264314+00,2026-01-30,2026-01-30 11:00:00,-67.7696,-159.632,-27.882,54.835493604051756,69.2,181,-15,50.0052,50.025,49.995,49.988,50.025,0.0051999999999992495,0.02599999999999625,3855.0,3979,3786,4001.2,3905,4061,-152.2,-221.4,-67.7696,9.529,1.0,1.0,1.0,1,1.0,9.529,True,15.877,1.0,False,False,True,True,3.0,1.0,False,1.0,-159.632,-67.7696
2026-01-30 10:15:14.486891+00:00,6.1362156708147255,12,10:15,lgbm_v4,6.9705,-27.882,2026-01-30 10:15:14.501173+00,2026-01-30,2026-01-30 11:15:00,-19.4904,-27.882,-34.93,12.158889764283579,21.8,11,30,50.016000000000005,50.023,50.026,49.988,50.026,0.01600000000000108,0.0800000000000054,3795.0,3789,3788,4005.0,4025,3985,-215.6,-237.4,-19.4904,6.011,1.0,1.0,1.0,1,1.0,6.011,True,9.529,1.0,False,False,True,True,3.0,1.0,False,1.0,-27.882,-19.4904
2026-01-30 10:30:15.697155+00:00,8.112164732619538,12,10:30,lgbm_v4,12.14325,-48.573,2026-01-30 10:30:15.701267+00,2026-01-30,2026-01-30 11:30:00,-27.8798,-48.573,-8.965,15.848435212979231,18.4,36,12,50.0242,50.026,50.027,50.016,50.031,0.024200000000000443,0.12100000000000222,3789.0,3787,3791,4003.8,3979,4013,-219.2,-237.6,-27.8798,4.539,1.0,1.0,1.0,1,1.0,4.539,True,6.011,1.0,False,False,True,True,3.0,1.0,False,1.0,-48.573,-27.8798
2026-01-30 10:45:14.429768+00:00,3.4691994129396755,12,10:45,lgbm_v4,2.24125,-8.965,2026-01-30 10:45:14.434105+00,2026-01-30,2026-01-30 11:45:00,1.7058000000000004,-8.965,12.699,13.966870504876889,-4.6,-6,-10,50.0084,50.031,50.017,49.988,50.031,0.008400000000000319,0.04200000000000159,3793.0,3794,3793,4011.8,4026,4012,-221.8,-217.2,1.7058000000000004,-1.095,-1.0,1.0,1.0,-1,1.0,1.095,False,4.539,1.0,True,True,False,True,1.0,1.0,False,1.0,-8.965,1.7058000000000004
2026-01-30 11:00:14.574112+00:00,0.1313892665450741,12,11:00,lgbm_v4,-3.17475,12.699,2026-01-30 11:00:14.590249+00,2026-01-30,2026-01-30 12:00:00,-6.7964,12.699,-3.92,16.240679767177234,13.4,22,-36,50.00320000000001,50.005,49.984,49.984,50.022,0.0032000000000010687,0.016000000000005343,3811.0,3793,3816,4009.4,4012,4052,-195.4,-208.8,-6.7964,1.741,1.0,1.0,-1.0,1,1.0,1.741,True,-1.095,-1.0,True,False,True,True,3.0,1.0,True,1.0,12.699,-6.7964
2026-01-30 11:15:15.454549+00:00,-2.427339704070432,12,11:15,lgbm_v4,-4.906,19.624,2026-01-30 11:15:15.465514+00,2026-01-30,2026-01-30 12:15:00,7.0408,19.624,-0.506,8.297535127976259,1.2,-12,-12,50.0036,49.987,50.015,49.987,50.024,0.0036000000000001365,0.018000000000000682,3816.0,3821,3809,3990.4,4022,3992,-178.6,-179.8,7.040799999999999,0.811,1.0,-1.0,-1.0,-1,1.0,0.811,False,1.741,1.0,False,False,True,False,-1.0,-1.0,True,-1.0,19.624,7.040799999999999
2026-01-30 11:30:15.721112+00:00,-0.7517173367532016,12,11:30,lgbm_v4,0.153,-0.612,2026-01-30 11:30:15.725257+00,2026-01-30,2026-01-30 12:30:00,-7.0592,-0.612,-19.21,7.893551589747165,18.0,5,16,49.995799999999996,50.008,50.006,49.971,50.023,-0.004200000000000159,-0.021000000000000796,3820.8,3807,3821,3983.8,3981,3995,-172.8,-190.8,-7.0592,1.79,1.0,-1.0,1.0,1,-1.0,1.79,False,0.811,1.0,False,True,False,True,-1.0,-1.0,True,1.0,-0.612,-7.0592
2026-01-30 11:45:15.501869+00:00,-0.0138936445955051,12,11:45,lgbm_v4,1.144,-4.576,2026-01-30 11:45:15.514306+00,2026-01-30,2026-01-30 12:45:00,-17.519,-4.576,-26.091,10.163575428952157,16.8,11,40,50.0154,50.011,50.019,50.01,50.023,0.015400000000001057,0.07700000000000529,3816.6,3815,3818,3982.0,3990,3960,-169.0,-185.8,-17.519,6.466,1.0,-1.0,1.0,1,1.0,6.466,False,1.79,1.0,False,True,False,False,1.0,1.0,True,1.0,-4.576,-17.519
2026-01-30 12:00:15.722967+00:00,4.69339605580033,12,12:00,lgbm_v4,6.52275,-26.091,2026-01-30 12:00:15.733522+00,2026-01-30,2026-01-30 13:00:00,-22.767599999999998,-26.091,-19.086,3.8493498541961606,8.8,9,-11,50.0166,50.011,50.032,50.006,50.032,0.01659999999999968,0.08299999999999841,3791.8,3821,3772,3988.4,4003,3992,-200.4,-209.2,-22.7676,4.044,1.0,1.0,1.0,1,1.0,4.044,True,6.466,1.0,False,False,True,True,3.0,1.0,False,1.0,-26.091,-22.7676
2026-01-30 12:15:16.165274+00:00,0.3962471981236681,12,12:15,lgbm_v4,-2.6035,10.414,2026-01-30 12:15:16.176096+00,2026-01-30,2026-01-30 13:15:00,7.3372,10.414,-21.258,18.029535038375226,3.0,0,63,50.001999999999995,50.006,49.998,49.987,50.02,0.002000000000001023,0.010000000000005116,3783.4,3778,3791,3958.6,3975,3896,-178.6,-181.6,7.337199999999998,0.188,1.0,1.0,-1.0,0,1.0,0.188,True,4.044,1.0,False,True,False,True,2.0,1.0,True,0.0,10.414,7.337199999999998
2026-01-30 12:30:16.000692+00:00,2.026262027998207,12,12:30,lgbm_v4,7.578,-30.312,2026-01-30 12:30:16.011418+00,2026-01-30,2026-01-30 13:30:00,4.8244,-30.312,13.771,22.66342382121466,3.6,1,17,50.0,50.036,49.994,49.979,50.036,0.0,0.0,3779.0,3788,3777,3915.8,3943,3895,-139.8,-143.4,4.8244,-1.599,-1.0,1.0,1.0,1,0.0,1.599,False,0.188,1.0,True,False,True,False,2.0,1.0,True,1.0,-30.312,4.8244
2026-01-30 12:45:16.383026+00:00,1.6361895815832788,12,12:45,lgbm_v4,5.80825,-23.233,2026-01-30 12:45:16.387205+00,2026-01-30,2026-01-30 13:45:00,-5.4976,-23.233,-5.527,14.782868118196822,5.2,15,6,50.0034,50.021,50.014,49.992,50.021,0.0033999999999991815,0.016999999999995907,3773.2,3784,3763,3916.8,3911,3907,-146.4,-151.6,-5.497600000000001,0.32,1.0,1.0,1.0,1,1.0,0.32,True,-1.599,-1.0,True,False,True,True,3.0,1.0,True,1.0,-23.233,-5.497600000000001
2026-01-30 13:00:19.014736+00:00,0.6270819251887519,12,13:00,lgbm_v4,0.45225,-1.809,2026-01-30 13:00:19.018553+00,2026-01-30,2026-01-30 14:00:00,20.2506,-1.809,17.471,19.523742579229015,-2.8,-30,-1,50.0052,50.013,50.013,49.985,50.025,0.0051999999999992495,0.02599999999999625,3770.8,3756,3781,3891.4,3922,3889,-122.6,-119.8,20.2506,-6.68,-1.0,1.0,1.0,-1,1.0,6.68,False,0.32,1.0,True,True,False,True,1.0,1.0,True,-1.0,-1.809,20.2506
2026-01-30 13:15:15.592291+00:00,-5.613091475793554,12,13:15,lgbm_v4,-8.1375,32.55,2026-01-30 13:15:15.59678+00,2026-01-30,2026-01-30 14:15:00,45.9508,32.55,46.879,9.09943329004615,-28.0,-24,-6,50.003,49.993,50.014,49.993,50.014,0.003000000000001535,0.015000000000007674,3785.4,3788,3787,3879.0,3900,3852,-95.8,-67.8,45.9508,-11.351,-1.0,-1.0,-1.0,-1,1.0,11.351,True,-6.68,-1.0,False,False,True,False,-1.0,-1.0,False,-1.0,32.55,45.9508
2026-01-30 13:30:16.300050+00:00,-9.934209560033093,12,13:30,lgbm_v4,-11.71975,46.879,2026-01-30 13:30:16.304278+00,2026-01-30,2026-01-30 14:30:00,24.3014,46.879,12.746,16.949774550123077,-4.2,-5,-26,50.0104,50.018,50.013,49.998,50.018,0.01039999999999992,0.0519999999999996,3801.6,3792,3805,3882.4,3863,3913,-82.2,-78.0,24.3014,-4.137,-1.0,-1.0,-1.0,-1,1.0,4.137,True,-11.351,-1.0,False,False,True,False,-1.0,-1.0,False,-1.0,46.879,24.3014
2026-01-30 13:45:15.436516+00:00,-3.58055563823057,12,13:45,lgbm_v4,-2.47475,9.899,2026-01-30 13:45:15.447614+00,2026-01-30,2026-01-30 14:45:00,17.400799999999997,9.899,38.793,15.54565631293835,5.6,-61,52,49.9958,50.009,49.996,49.984,50.009,-0.004199999999998738,-0.02099999999999369,3815.2,3798,3841,3899.8,3947,3864,-86.4,-92.0,17.400799999999997,-8.21,-1.0,-1.0,-1.0,-1,-1.0,8.21,True,-4.137,-1.0,False,False,True,True,-3.0,-1.0,False,-1.0,9.899,17.400799999999997
2026-01-30 14:00:15.480867+00:00,-7.941361463386028,12,14:00,lgbm_v4,-9.69825,38.793,2026-01-30 14:00:15.484712+00,2026-01-30,2026-01-30 15:00:00,-5.451400000000001,38.793,0.608,32.888808541812516,41.4,30,13,50.0068,50.017,50.0,49.978,50.022,0.006800000000001205,0.034000000000006025,3965.8,3906,3965,3828.0,3879,3815,136.2,94.8,-5.451400000000001,2.719,1.0,-1.0,-1.0,1,1.0,2.719,False,-8.21,-1.0,True,True,False,False,1.0,1.0,False,-1.0,38.793,-5.451400000000001
2026-01-30 14:15:15.675503+00:00,-2.5541096475610963,12,14:15,lgbm_v4,-2.60725,10.429,2026-01-30 14:15:15.680522+00,2026-01-30,2026-01-30 15:15:00,-11.8874,10.429,-6.289,15.562103675274754,16.0,30,-12,49.9942,49.98,50.0,49.98,50.007,-0.005800000000002114,-0.029000000000010573,3946.0,3964,3933,3806.8,3801,3826,136.8,120.8,-11.8874,3.381,1.0,-1.0,-1.0,1,-1.0,3.381,False,2.719,1.0,False,True,False,True,-1.0,-1.0,True,1.0,10.429,-11.8874
2026-01-30 14:30:15.646811+00:00,-0.1953321887416244,12,14:30,lgbm_v4,-0.809,3.236,2026-01-30 14:30:15.651368+00,2026-01-30,2026-01-30 15:30:00,-0.1629999999999998,3.236,3.03,7.031179915206266,12.8,29,14,50.0058,50.027,49.998,49.989,50.027,0.005799999999999273,0.028999999999996362,3934.6,3929,3945,3799.4,3780,3807,134.2,121.4,-0.1629999999999996,0.42,1.0,-1.0,-1.0,1,1.0,0.42,False,3.381,1.0,False,True,False,False,1.0,1.0,True,1.0,3.236,-0.1629999999999996
2026-01-30 14:45:15.619437+00:00,0.0994194091526528,12,14:45,lgbm_v4,1.17575,-4.703,2026-01-30 14:45:15.635769+00,2026-01-30,2026-01-30 15:45:00,0.06279999999999983,-4.703,5.001,8.844916319558935,-1.4,7,10,49.9996,50.0,50.003,49.99,50.009,-0.00039999999999906777,-0.001999999999995339,3938.4,3937,3949,3814.4,3806,3817,122.6,124.0,0.0627999999999998,0.551,1.0,1.0,1.0,1,-1.0,0.551,True,0.42,1.0,False,False,True,False,1.0,1.0,True,1.0,-4.703,0.0627999999999998
2026-01-30 15:00:15.217452+00:00,0.2687316481665922,12,15:00,lgbm_v4,-1.25025,5.001,2026-01-30 15:00:15.22565+00,2026-01-30,2026-01-30 16:00:00,-0.5358,5.001,4.057,7.983026819446369,15.2,58,-5,50.0072,50.017,50.002,49.994,50.026,0.007200000000001694,0.03600000000000847,4017.2,3965,4038,3930.0,3808,3983,87.0,71.8,-0.5358,-0.252,-1.0,1.0,-1.0,1,1.0,0.252,False,0.551,1.0,True,False,True,True,3.0,1.0,True,1.0,5.001,-0.5358
2026-01-30 15:15:15.646200+00:00,0.9578596039730998,12,15:15,lgbm_v4,-3.4155,13.662,2026-01-30 15:15:15.656511+00,2026-01-30,2026-01-30 16:15:00,-2.3147999999999995,13.662,-26.516,16.436270157794315,43.0,63,75,49.994600000000005,49.994,50.001,49.987,50.001,-0.005400000000000205,-0.027000000000001023,4050.0,4054,4048,3931.2,3923,3896,117.6,74.6,-2.3147999999999995,2.84,1.0,1.0,-1.0,1,-1.0,2.84,True,-0.252,-1.0,True,False,True,False,1.0,1.0,True,1.0,13.662,-2.3147999999999995
2026-01-30 15:30:15.707354+00:00,2.7716352957927164,12,15:30,lgbm_v4,8.243,-32.972,2026-01-30 15:30:15.711768+00,2026-01-30,2026-01-30 16:30:00,-18.7624,-32.972,-11.667,14.734541859182455,35.0,41,16,50.007400000000004,50.023,50.005,49.99,50.023,0.007400000000002649,0.037000000000013245,4042.6,4047,4039,3936.6,3931,3953,105.0,70.0,-18.7624,2.814,1.0,1.0,1.0,1,1.0,2.814,True,2.84,1.0,False,False,True,True,3.0,1.0,True,1.0,-32.972,-18.7624
2026-01-30 15:45:15.535045+00:00,1.1885879376094552,12,15:45,lgbm_v4,-0.9785,3.914,2026-01-30 15:45:15.538769+00,2026-01-30,2026-01-30 16:45:00,8.3052,3.914,16.162,14.475622860519682,-0.4,-4,26,49.998599999999996,50.006,50.022,49.983,50.022,-0.0014000000000010005,-0.007000000000005002,4030.0,4032,4035,3954.4,3963,3935,73.4,73.8,8.3052,-1.635,-1.0,1.0,-1.0,-1,-1.0,1.635,False,2.814,1.0,True,True,False,False,-1.0,-1.0,True,-1.0,3.914,8.3052
2026-01-30 16:00:17.695164+00:00,0.2394375462654199,12,16:00,lgbm_v4,1.16025,-4.641,2026-01-30 16:00:17.699877+00,2026-01-30,2026-01-30 17:00:00,-15.861,-4.641,-26.044,9.991298964599148,18.8,7,40,49.9936,50.0,49.999,49.985,50.0,-0.006399999999999295,-0.031999999999996476,4036.4,4047,4030,3964.8,3975,3939,70.6,51.8,-15.861,4.382,1.0,1.0,1.0,1,-1.0,4.382,True,-1.635,-1.0,True,False,True,False,1.0,1.0,True,1.0,-4.641,-15.861
2026-01-30 16:15:15.781588+00:00,3.247055498044407,12,16:15,lgbm_v4,3.78325,-15.133,2026-01-30 16:15:15.785621+00,2026-01-30,2026-01-30 17:15:00,5.010800000000001,-15.133,7.431,12.468461942035994,16.0,16,24,49.9978,49.991,50.004,49.99,50.005,-0.002199999999999136,-0.01099999999999568,4033.6,4036,4030,3932.4,3955,3910,100.2,84.2,5.010800000000001,-2.784,-1.0,1.0,1.0,1,-1.0,2.784,False,4.382,1.0,True,False,True,False,1.0,1.0,False,1.0,-15.133,5.010800000000001
2026-01-30 16:30:15.457890+00:00,-1.207436703949022,12,16:30,lgbm_v4,-3.61475,14.459,2026-01-30 16:30:15.472506+00,2026-01-30,2026-01-30 17:30:00,10.6634,14.459,14.223,6.71302974073555,5.6,-3,18,50.007600000000004,49.997,50.012,49.991,50.024,0.0076000000000007615,0.03800000000000381,4041.2,4041,4051,3917.2,3940,3902,123.0,117.4,10.6634,-2.718,-1.0,-1.0,-1.0,-1,1.0,2.718,True,-2.784,-1.0,False,False,True,False,-1.0,-1.0,True,-1.0,14.459,10.6634
2026-01-30 16:45:15.626280+00:00,-1.76587144892736,12,16:45,lgbm_v4,-4.37625,17.505,2026-01-30 16:45:15.630546+00,2026-01-30,2026-01-30 17:45:00,30.8548,17.505,27.894,8.973634475506564,-24.8,-38,-6,50.021,50.018,50.006,50.006,50.045,0.021000000000000796,0.10500000000000398,4060.0,4038,4078,3898.0,3923,3879,161.2,186.0,30.8548,-7.618,-1.0,-1.0,-1.0,-1,1.0,7.618,True,-2.718,-1.0,False,False,True,False,-1.0,-1.0,True,-1.0,17.505,30.8548
2026-01-30 17:00:15.755927+00:00,-1.5748039354240009,12,17:00,lgbm_v4,-4.56025,18.241,2026-01-30 17:00:15.769132+00,2026-01-30,2026-01-30 18:00:00,45.6262,18.241,26.176,26.007807312420628,-21.0,20,-68,49.9758,49.992,49.995,49.956,49.995,-0.024200000000000443,-0.12100000000000222,4098.2,4086,4102,3877.2,3847,3919,219.2,240.2,45.6262,-13.332,-1.0,-1.0,-1.0,1,-1.0,13.332,True,-7.618,-1.0,False,True,False,True,-1.0,-1.0,True,1.0,18.241,45.6262
2026-01-30 17:15:15.559688+00:00,-7.670666588067888,12,17:15,lgbm_v4,-13.0755,52.302,2026-01-30 17:15:15.564396+00,2026-01-30,2026-01-30 18:15:00,29.1762,52.302,14.939,14.813529008983647,-8.2,-22,5,49.9972,49.99,50.008,49.985,50.008,-0.0027999999999991586,-0.013999999999995794,4106.4,4107,4105,3858.4,3876,3843,246.4,254.6,29.1762,-4.359,-1.0,-1.0,-1.0,-1,-1.0,4.359,True,-13.332,-1.0,False,False,True,True,-3.0,-1.0,False,-1.0,52.302,29.1762
2026-01-30 17:30:15.550446+00:00,-2.273229786759872,12,17:30,lgbm_v4,1.94175,-7.767,2026-01-30 17:30:15.566289+00,2026-01-30,2026-01-30 18:30:00,10.38,-7.767,21.582,20.158598996458064,-6.2,-23,-17,50.0098,50.022,49.986,49.986,50.022,0.009799999999999897,0.04899999999999949,4102.6,4104,4106,3862.6,3875,3878,239.0,245.2,10.38,-4.177,-1.0,-1.0,1.0,-1,1.0,4.177,True,-4.359,-1.0,False,False,True,False,-1.0,-1.0,True,-1.0,-7.767,10.38
2026-01-30 17:45:15.908475+00:00,-4.389778831199691,12,17:45,lgbm_v4,-6.54225,26.169,2026-01-30 17:45:15.920943+00,2026-01-30,2026-01-30 18:45:00,40.8624,26.169,35.363,10.067134115526624,-30.6,-37,30,49.989799999999995,49.986,50.009,49.98,50.009,-0.010200000000001808,-0.05100000000000904,4104.6,4104,4103,3872.8,3888,3808,230.0,260.6,40.8624,-10.419,-1.0,-1.0,-1.0,-1,-1.0,10.419,True,-4.177,-1.0,False,False,True,True,-3.0,-1.0,False,-1.0,26.169,40.8624
2026-01-30 18:00:16.024809+00:00,-5.739527561977821,12,18:00,lgbm_v4,-7.25325,29.013,2026-01-30 18:00:16.030584+00,2026-01-30,2026-01-30 19:00:00,16.708800000000004,29.013,-0.046,14.174037805085748,6.2,-45,51,49.9944,49.997,49.997,49.977,50.013,-0.00560000000000116,-0.028000000000005798,4094.0,4101,4083,3829.8,3884,3774,262.6,256.4,16.7088,-3.567,-1.0,-1.0,-1.0,-1,-1.0,3.567,True,-10.419,-1.0,False,False,True,True,-3.0,-1.0,False,-1.0,29.013,16.7088
2026-01-30 18:15:15.772403+00:00,-3.9804973155122703,12,18:15,lgbm_v4,-3.78475,15.139,2026-01-30 18:15:15.777439+00,2026-01-30,2026-01-30 19:15:00,24.1164,15.139,15.006,11.224960592358443,-23.8,-54,-25,50.0034,50.006,50.002,49.985,50.015,0.0034000000000006026,0.017000000000003013,4079.8,4081,4080,3832.8,3873,3831,245.8,269.6,24.1164,-5.577,-1.0,-1.0,-1.0,-1,1.0,5.577,True,-3.567,-1.0,False,False,True,False,-1.0,-1.0,False,-1.0,15.139,24.1164
2026-01-30 18:30:15.685657+00:00,-3.07439244906972,12,18:30,lgbm_v4,-1.3885,5.554,2026-01-30 18:30:15.69151+00,2026-01-30,2026-01-30 19:30:00,-1.5652000000000001,5.554,-17.241,14.454662092210942,14.4,8,-6,49.9982,49.995,50.009,49.971,50.028,-0.0018000000000014892,-0.009000000000007446,4078.6,4082,4052,3780.8,3796,3772,296.6,282.2,-1.5652,-0.471,-1.0,-1.0,-1.0,1,-1.0,0.471,True,-5.577,-1.0,False,True,False,True,-1.0,-1.0,False,-1.0,5.554,-1.5652
2026-01-30 18:45:15.794333+00:00,-3.072155071345653,12,18:45,lgbm_v4,-6.04025,24.161,2026-01-30 18:45:15.799739+00,2026-01-30,2026-01-30 19:45:00,13.0452,24.161,-38.859,39.63434237123154,-10.0,-65,35,49.999399999999994,49.976,50.016,49.976,50.018,-0.0006000000000014438,-0.003000000000007219,4070.4,4021,4096,3783.6,3793,3780,286.0,296.0,13.0452,1.504,1.0,-1.0,-1.0,-1,-1.0,1.504,False,-0.471,-1.0,True,False,True,True,-3.0,-1.0,False,-1.0,24.161,13.0452
2026-01-30 19:00:21.117108+00:00,1.346686068265674,12,19:00,lgbm_v4,18.247,-72.988,2026-01-30 19:00:21.129142+00,2026-01-30,2026-01-30 20:00:00,-19.0918,-72.988,8.52,33.73859674319607,-2.8,50,16,50.0102,50.021,50.003,49.985,50.03,0.010200000000000386,0.05100000000000193,3888.2,4014,3841,3782.4,3755,3754,104.6,107.4,-19.0918,0.206,1.0,1.0,1.0,1,1.0,0.206,True,1.504,1.0,False,False,True,True,3.0,1.0,True,1.0,-72.988,-19.0918
2026-01-30 19:15:15.644323+00:00,-0.1966746030524953,12,19:15,lgbm_v4,-5.16425,20.657,2026-01-30 19:15:15.656258+00,2026-01-30,2026-01-30 20:15:00,23.219,20.657,6.083,10.367642571963987,7.6,-5,45,49.9892,49.997,49.997,49.973,49.997,-0.01080000000000041,-0.054000000000002046,3858.6,3833,3869,3725.2,3745,3680,132.0,124.4,23.219,-5.303,-1.0,-1.0,-1.0,-1,-1.0,5.303,True,0.206,1.0,True,False,True,True,-3.0,-1.0,True,-1.0,20.657,23.219
2026-01-30 19:30:15.715015+00:00,-1.951395760721211,12,19:30,lgbm_v4,-2.12125,8.485,2026-01-30 19:30:15.719288+00,2026-01-30,2026-01-30 20:30:00,8.145599999999998,8.485,-4.94,7.777814333088699,32.8,6,66,49.9938,50.002,50.013,49.98,50.013,-0.006200000000001182,-0.03100000000000591,3884.6,3865,3891,3649.6,3690,3607,233.8,201.0,8.1456,-2.312,-1.0,-1.0,-1.0,1,-1.0,2.312,True,-5.303,-1.0,False,True,False,True,-1.0,-1.0,True,1.0,8.485,8.1456
2026-01-30 19:45:15.474202+00:00,-2.045369781909803,12,19:45,lgbm_v4,-3.23875,12.955,2026-01-30 19:45:15.478441+00,2026-01-30,2026-01-30 20:45:00,11.136399999999998,12.955,-5.552,17.31052820684568,16.0,-18,12,50.0052,50.012,50.005,49.982,50.017,0.005200000000000671,0.026000000000003354,3871.8,3880,3847,3610.4,3668,3585,259.8,243.8,11.1364,-0.041,-1.0,-1.0,-1.0,-1,1.0,0.041,True,-2.312,-1.0,False,False,True,False,-1.0,-1.0,True,-1.0,12.955,11.1364
2026-01-30 20:00:15.062715+00:00,1.2250828574063477,12,20:00,lgbm_v4,4.67,-18.68,2026-01-30 20:00:15.067202+00,2026-01-30,2026-01-30 21:00:00,2.4372,-18.68,15.235,13.995816685710057,88.2,53,121,49.983799999999995,49.982,50.01,49.958,50.01,-0.016200000000000613,-0.08100000000000307,3841.6,3833,3866,3524.6,3540,3519,315.2,227.0,2.4372,0.255,1.0,1.0,1.0,1,-1.0,0.255,True,-0.041,-1.0,True,False,True,False,1.0,1.0,True,1.0,-18.68,2.4372
2026-01-30 20:15:14.445577+00:00,-1.0405637021503165,12,20:15,lgbm_v4,4.79875,-19.195,2026-01-30 20:15:14.450819+00,2026-01-30,2026-01-30 21:15:00,-2.0924,-19.195,-8.701,11.629130805868511,36.2,53,46,50.0058,49.993,50.018,49.993,50.018,0.0058000000000006935,0.029000000000003467,3771.2,3801,3729,3489.4,3514,3429,282.6,246.4,-2.0924,-0.461,-1.0,-1.0,1.0,1,1.0,0.461,True,0.255,1.0,True,True,False,False,1.0,1.0,True,1.0,-19.195,-2.0924
2026-01-30 20:30:15.645311+00:00,0.0250601118017367,12,20:30,lgbm_v4,-0.39375,1.575,2026-01-30 20:30:15.650414+00,2026-01-30,2026-01-30 21:30:00,8.3174,1.575,-29.885,24.16391057548426,5.8,23,34,49.999399999999994,50.022,50.005,49.98,50.022,-0.0006000000000014438,-0.003000000000007219,3740.4,3735,3744,3466.4,3453,3433,272.4,266.6,8.317399999999997,-0.694,-1.0,1.0,-1.0,1,-1.0,0.694,False,-0.461,-1.0,False,False,True,False,1.0,1.0,True,1.0,1.575,8.317399999999997
2026-01-30 20:45:15.741234+00:00,-0.8786836068063522,12,20:45,lgbm_v4,6.59225,-26.369,2026-01-30 20:45:15.753814+00,2026-01-30,2026-01-30 21:45:00,-22.5496,-26.369,-45.005,18.299140138268793,26.2,2,29,50.0028,50.016,50.012,49.977,50.021,0.0027999999999991586,0.013999999999995794,3728.4,3744,3716,3374.0,3443,3344,353.0,326.8,-22.5496,6.039,1.0,-1.0,1.0,1,1.0,6.039,False,-0.694,-1.0,True,True,False,False,1.0,1.0,True,1.0,-26.369,-22.5496
2026-01-30 21:00:17.047855+00:00,2.235307779450876,12,21:00,lgbm_v4,11.25125,-45.005,2026-01-30 21:00:17.052453+00,2026-01-30,2026-01-30 22:00:00,21.549599999999998,-45.005,6.502,46.24050286058749,16.2,-4,-6,49.973,49.99,50.012,49.927,50.012,-0.0269999999999996,-0.134999999999998,3728.8,3726,3713,3355.0,3384,3353,371.6,355.4,21.5496,-9.894,-1.0,1.0,1.0,-1,-1.0,9.894,False,6.039,1.0,True,True,False,False,-1.0,-1.0,True,-1.0,-45.005,21.5496
2026-01-30 21:15:16.497434+00:00,-3.681710119503765,12,21:15,lgbm_v4,-9.56575,38.263,2026-01-30 21:15:16.509927+00,2026-01-30,2026-01-30 22:15:00,27.5086,38.263,24.194,18.46003916030516,50.4,37,56,49.9968,50.015,49.999,49.976,50.015,-0.0031999999999996476,-0.015999999999998238,3746.4,3737,3725,3276.8,3314,3231,468.2,417.8,27.5086,-5.723,-1.0,-1.0,-1.0,1,-1.0,5.723,True,-9.894,-1.0,False,True,False,True,-1.0,-1.0,False,-1.0,38.263,27.5086
2026-01-30 21:30:15.657974+00:00,-3.750712102762783,12,21:30,lgbm_v4,-6.0485,24.194,2026-01-30 21:30:15.662631+00,2026-01-30,2026-01-30 22:30:00,45.82000000000001,24.194,58.288,17.57584537084917,-4.0,-49,62,49.995999999999995,50.018,49.998,49.985,50.018,-0.0040000000000006255,-0.020000000000003126,3721.8,3699,3736,3229.6,3285,3160,490.6,494.6,45.81999999999999,-11.877,-1.0,-1.0,-1.0,-1,-1.0,11.877,True,-5.723,-1.0,False,False,True,True,-3.0,-1.0,False,-1.0,24.194,45.81999999999999
2026-01-30 21:45:15.863594+00:00,-2.4127924425736214,12,21:45,lgbm_v4,-7.9615,31.846,2026-01-30 21:45:15.868045+00,2026-01-30,2026-01-30 22:45:00,46.678,31.846,49.617,9.758609865139602,-17.6,-12,24,50.025999999999996,50.016,50.023,50.016,50.033,0.02600000000000193,0.13000000000000966,3719.4,3709,3729,3193.0,3195,3151,525.6,543.2,46.678,-11.19,-1.0,-1.0,-1.0,-1,1.0,11.19,True,-11.877,-1.0,False,False,True,False,-1.0,-1.0,True,-1.0,31.846,46.678
2026-01-30 22:00:16.190628+00:00,-11.448632560009289,12,22:00,lgbm_v4,-12.40425,49.617,2026-01-30 22:00:16.195017+00,2026-01-30,2026-01-30 23:00:00,39.8632,49.617,26.126,8.722593633776595,-34.6,-20,-52,50.0012,50.007,50.014,49.979,50.018,0.0012000000000000454,0.006000000000000227,3697.4,3699,3687,3154.4,3156,3153,541.8,576.4,39.8632,-10.151,-1.0,-1.0,-1.0,-1,1.0,10.151,True,-11.19,-1.0,False,False,True,False,-1.0,-1.0,False,-1.0,49.617,39.8632
2026-01-30 22:15:17.226063+00:00,-10.15518981225808,12,22:15,lgbm_v4,-13.2025,52.81,2026-01-30 22:15:17.231089+00,2026-01-30,2026-01-30 23:15:00,40.7108,52.81,29.888,11.5134151623226,-25.4,-45,-33,50.0094,50.008,49.994,49.994,50.021,0.00940000000000083,0.04700000000000415,3686.6,3689,3684,3086.8,3132,3083,599.2,624.6,40.7108,-8.123,-1.0,-1.0,-1.0,-1,1.0,8.123,True,-10.151,-1.0,False,False,True,False,-1.0,-1.0,False,-1.0,52.81,40.7108
2026-01-30 22:30:15.819168+00:00,-5.425623662239298,12,22:30,lgbm_v4,-3.22075,12.883,2026-01-30 22:30:15.823677+00,2026-01-30,2026-01-30 23:30:00,24.949,12.883,16.112,11.645778527002825,-16.4,-29,-24,50.009,50.02,49.997,49.997,50.02,0.009000000000000341,0.045000000000001705,3691.4,3682,3694,3088.2,3083,3102,602.2,618.6,24.949,-5.885,-1.0,-1.0,-1.0,-1,1.0,5.885,True,-8.123,-1.0,False,False,True,False,-1.0,-1.0,False,-1.0,12.883,24.949
2026-01-30 22:45:15.661461+00:00,-4.595559173080003,12,22:45,lgbm_v4,-1.6015,6.406,2026-01-30 22:45:15.665877+00,2026-01-30,2026-01-30 23:45:00,24.4254,6.406,18.428,12.855546693937212,-22.0,-32,-55,50.0086,50.003,50.038,49.983,50.038,0.008599999999998432,0.042999999999992156,3688.4,3683,3683,3094.4,3098,3129,592.8,614.8,24.4254,-4.932,-1.0,-1.0,-1.0,-1,1.0,4.932,True,-5.885,-1.0,False,False,True,False,-1.0,-1.0,False,-1.0,6.406,24.4254
