date,spread_mean,spread_sum,spread_std,spread_positive_pct,reg_vol,n_hours,direction,direction_binary,dow,dow_name,month,year_month,is_weekend,direction_lag1,direction_lag2,direction_lag3,spread_lag1,spread_lag2,reg_vol_lag1,direction_rolling_3d,direction_rolling_7d,spread_rolling_7d,period
2025-01-01,-75.84758068181817,-1668.646775,147.0882754527028,22.727272727272727,23.217807541443175,22,-1.0,0,2,Wednesday,1,2025-01,0,,,,,,,,,,2025
2025-01-02,61.73525729166666,1481.6461749999999,61.29431785022203,91.66666666666666,29.227040177799548,24,1.0,1,3,Thursday,1,2025-01,0,0.0,,,-75.84758068181817,,23.217807541443175,,,,2025
2025-01-03,101.72439791666666,2441.38555,50.44557029118704,100.0,31.17433653693008,24,1.0,1,4,Friday,1,2025-01,0,1.0,0.0,,61.73525729166666,-75.84758068181817,29.227040177799548,,,,2025
2025-01-04,40.003815217391306,920.08775,49.724833198779685,78.26086956521739,28.34735124625368,23,1.0,1,5,Saturday,1,2025-01,1,1.0,1.0,0.0,101.72439791666666,61.73525729166666,31.17433653693008,0.6666666666666666,,,2025
2025-01-05,18.0478375,433.1481,69.43749550805096,58.333333333333336,25.556578274757793,24,1.0,1,6,Sunday,1,2025-01,1,1.0,1.0,1.0,40.003815217391306,101.72439791666666,28.34735124625368,1.0,,,2025
2025-01-06,40.759729166666666,978.2335,69.43470818934539,75.0,22.78029414822802,24,1.0,1,0,Monday,1,2025-01,0,1.0,1.0,1.0,18.0478375,40.003815217391306,25.556578274757793,1.0,,,2025
2025-01-07,64.47791354166667,1547.4699249999999,61.33507513227036,91.66666666666666,30.625352058285916,24,1.0,1,1,Tuesday,1,2025-01,0,1.0,1.0,1.0,40.759729166666666,18.0478375,22.78029414822802,1.0,,,2025
2025-01-08,45.81731770833333,1099.615625,44.18486132166731,83.33333333333334,28.940876128549707,24,1.0,1,2,Wednesday,1,2025-01,0,1.0,1.0,1.0,64.47791354166667,40.759729166666666,30.625352058285916,1.0,0.8571428571428571,35.84305285031997,2025
2025-01-09,37.87070729166667,908.896975,47.04723213108873,75.0,27.510364564745842,24,1.0,1,3,Thursday,1,2025-01,0,1.0,1.0,1.0,45.81731770833333,64.47791354166667,28.940876128549707,1.0,1.0,53.223752620341614,2025
2025-01-10,19.448357291666664,466.7605749999999,52.214985047086024,66.66666666666666,31.642842992489435,24,1.0,1,4,Friday,1,2025-01,0,1.0,1.0,1.0,37.87070729166667,45.81731770833333,27.510364564745842,1.0,1.0,49.81453119177018,2025
2025-01-11,49.106344791666665,1178.552275,39.68712260589684,87.5,27.69605486413577,24,1.0,1,5,Saturday,1,2025-01,1,1.0,1.0,1.0,19.448357291666664,37.87070729166667,31.642842992489435,1.0,1.0,38.06081110248447,2025
2025-01-12,30.93314375,742.39545,46.70178207582897,70.83333333333334,23.079835290971445,24,1.0,1,6,Sunday,1,2025-01,1,1.0,1.0,1.0,49.106344791666665,19.448357291666664,27.69605486413577,1.0,1.0,39.36117247023809,2025
2025-01-13,5.102516666666664,122.46039999999994,45.138584726136116,58.333333333333336,29.71865557168385,24,1.0,1,0,Monday,1,2025-01,0,1.0,1.0,1.0,30.93314375,49.106344791666665,23.079835290971445,1.0,1.0,41.20193050595237,2025
2025-01-14,5.294644791666663,127.07147499999991,161.17311367160264,54.166666666666664,32.32861705669584,24,1.0,1,1,Tuesday,1,2025-01,0,1.0,1.0,1.0,5.102516666666664,30.93314375,29.71865557168385,1.0,1.0,36.108043005952375,2025
2025-01-15,78.53805208333333,1884.9132499999998,97.49987519522779,79.16666666666666,28.39151407492599,24,1.0,1,2,Wednesday,1,2025-01,0,1.0,1.0,1.0,5.294644791666663,5.102516666666664,32.32861705669584,1.0,1.0,27.653290327380944,2025
2025-01-16,41.496291666666664,995.911,57.23928700577177,75.0,31.895964030989575,24,1.0,1,3,Thursday,1,2025-01,0,1.0,1.0,1.0,78.53805208333333,5.294644791666663,28.39151407492599,1.0,1.0,32.327680952380945,2025
2025-01-17,12.343356250000005,296.2405500000001,69.61375210309843,58.333333333333336,28.199624465870873,24,1.0,1,4,Friday,1,2025-01,0,1.0,1.0,1.0,41.496291666666664,78.53805208333333,31.895964030989575,1.0,1.0,32.845621577380946,2025
2025-01-18,30.35260520833333,728.4625249999999,59.28547135575661,70.83333333333334,27.663375841784145,24,1.0,1,5,Saturday,1,2025-01,1,1.0,1.0,1.0,12.343356250000005,41.496291666666664,28.199624465870873,1.0,1.0,31.830621428571423,2025
2025-01-19,23.107553125,554.581275,55.299148129235164,62.5,27.144537454177662,24,1.0,1,6,Sunday,1,2025-01,1,1.0,1.0,1.0,30.35260520833333,12.343356250000005,27.663375841784145,1.0,1.0,29.151515773809518,2025
2025-01-20,59.565221875,1429.565325,111.48988454694344,75.0,29.78617681921132,24,1.0,1,0,Monday,1,2025-01,0,1.0,1.0,1.0,23.107553125,30.35260520833333,27.144537454177662,1.0,1.0,28.033574255952377,2025
2025-01-21,66.404790625,1593.714975,99.35863528085908,66.66666666666666,31.971283801026615,24,1.0,1,1,Tuesday,1,2025-01,0,1.0,1.0,1.0,59.565221875,23.107553125,29.78617681921132,1.0,1.0,35.813960714285706,2025
2025-01-22,-1.7043468750000024,-40.90432500000006,186.71719673319453,70.83333333333334,25.291148131488118,24,-1.0,0,2,Wednesday,1,2025-01,0,1.0,1.0,1.0,66.404790625,59.565221875,31.971283801026615,1.0,1.0,44.54398154761905,2025
2025-01-23,59.97516666666667,1439.404,83.99562996777806,83.33333333333334,32.7473109989371,24,1.0,1,3,Thursday,1,2025-01,0,0.0,1.0,1.0,-1.7043468750000024,66.404790625,25.291148131488118,0.6666666666666666,0.8571428571428571,33.080781696428566,2025
2025-01-24,49.89634062499999,1197.5121749999998,57.19620877246321,79.16666666666666,28.25771785241707,24,1.0,1,4,Friday,1,2025-01,0,1.0,0.0,1.0,59.97516666666667,-1.7043468750000024,32.7473109989371,0.6666666666666666,0.8571428571428571,35.720620982142854,2025
2025-01-25,58.12646458333333,1395.03515,54.33100854375443,83.33333333333334,24.448641727632154,24,1.0,1,5,Saturday,1,2025-01,1,1.0,1.0,0.0,49.89634062499999,59.97516666666667,28.25771785241707,0.6666666666666666,0.8571428571428571,41.08533303571428,2025
2025-01-26,50.39777708333333,1209.54665,39.980959028278946,91.66666666666666,28.877102042500898,24,1.0,1,6,Sunday,1,2025-01,1,1.0,1.0,1.0,58.12646458333333,49.89634062499999,24.448641727632154,1.0,0.8571428571428571,45.053027232142846,2025
2025-01-27,68.26487291666666,1638.3569499999999,53.486560758429896,91.66666666666666,33.42730541191602,24,1.0,1,0,Monday,1,2025-01,0,1.0,1.0,1.0,50.39777708333333,58.12646458333333,28.877102042500898,1.0,0.8571428571428571,48.95163065476191,2025
2025-01-28,36.94446666666666,886.6672,41.815931766403125,75.0,27.80593959768412,24,1.0,1,1,Tuesday,1,2025-01,0,1.0,1.0,1.0,68.26487291666666,50.39777708333333,33.42730541191602,1.0,0.8571428571428571,50.19443794642856,2025
2025-01-29,22.147055208333327,531.5293249999999,42.64033640515238,66.66666666666666,28.422353617435135,24,1.0,1,2,Wednesday,1,2025-01,0,1.0,1.0,1.0,36.94446666666666,68.26487291666666,27.80593959768412,1.0,0.8571428571428571,45.98582023809523,2025
2025-01-30,29.213567708333333,701.125625,35.670770093312704,79.16666666666666,22.64806734744018,24,1.0,1,3,Thursday,1,2025-01,0,1.0,1.0,1.0,22.147055208333327,36.94446666666666,28.422353617435135,1.0,1.0,49.39316339285714,2025
2025-01-31,20.705149999999996,496.9235999999999,33.954328976037644,75.0,20.84161205620639,24,1.0,1,4,Friday,1,2025-01,0,1.0,1.0,1.0,29.213567708333333,22.147055208333327,22.64806734744018,1.0,1.0,44.99864925595237,2025
2025-02-01,28.875999999999994,693.0239999999999,34.055139289602664,83.33333333333334,28.334416985602683,24,1.0,1,5,Saturday,2,2025-02,1,1.0,1.0,1.0,20.705149999999996,29.213567708333333,20.84161205620639,1.0,1.0,40.82847916666666,2025
2025-02-02,35.067732291666665,841.625575,31.71662512399629,87.5,23.40024130305767,24,1.0,1,6,Sunday,2,2025-02,1,1.0,1.0,1.0,28.875999999999994,20.705149999999996,28.334416985602683,1.0,1.0,36.649841369047614,2025
2025-02-03,45.341756249999996,1088.2021499999998,48.745220514855205,83.33333333333334,30.066385003528165,24,1.0,1,0,Monday,2,2025-02,0,1.0,1.0,1.0,35.067732291666665,28.875999999999994,23.40024130305767,1.0,1.0,34.459834970238084,2025
2025-02-04,9.516728260869565,218.88475,48.76253826735949,60.86956521739131,32.620311359627884,23,1.0,1,1,Tuesday,2,2025-02,0,1.0,1.0,1.0,45.341756249999996,35.067732291666665,30.066385003528165,1.0,1.0,31.185104017857135,2025
2025-02-05,7.401840624999998,177.64417499999996,56.78139500882722,45.83333333333333,28.53562026918166,24,1.0,1,2,Wednesday,2,2025-02,0,1.0,1.0,1.0,9.516728260869565,45.341756249999996,32.620311359627884,1.0,1.0,27.266855674171836,2025
2025-02-06,54.37100520833334,1304.904125,63.11183428716947,75.0,27.551077099257057,24,1.0,1,3,Thursday,2,2025-02,0,1.0,1.0,1.0,7.401840624999998,9.516728260869565,28.53562026918166,1.0,1.0,25.16039644798136,2025
2025-02-07,53.99821770833333,1295.9572249999999,38.81163878145575,91.66666666666666,27.715968568924424,24,1.0,1,4,Friday,2,2025-02,0,1.0,1.0,1.0,54.37100520833334,7.401840624999998,27.551077099257057,1.0,1.0,28.754316090838504,2025
2025-02-08,12.161775,291.8826,39.68828640614502,58.333333333333336,26.95834719224409,24,1.0,1,5,Saturday,2,2025-02,1,1.0,1.0,1.0,53.99821770833333,54.37100520833334,27.715968568924424,1.0,1.0,33.510468620600406,2025
2025-02-09,12.460398958333336,299.04957500000006,47.494788171397815,66.66666666666666,24.621363372621676,24,1.0,1,6,Sunday,2,2025-02,1,1.0,1.0,1.0,12.161775,53.99821770833333,26.95834719224409,1.0,1.0,31.12272219202898,2025
2025-02-10,63.062617708333335,1513.502825,77.6291979634006,79.16666666666666,35.49121233327344,24,1.0,1,0,Monday,2,2025-02,0,1.0,1.0,1.0,12.460398958333336,12.161775,24.621363372621676,1.0,1.0,27.893103144409935,2025
2025-02-11,47.46665520833333,1139.199725,74.1985238352379,66.66666666666666,33.25675939602888,24,1.0,1,1,Tuesday,2,2025-02,0,1.0,1.0,1.0,63.062617708333335,12.460398958333336,35.49121233327344,1.0,1.0,30.424654781314693,2025
2025-02-12,11.486831250000002,275.68395000000004,54.41722056143997,50.0,32.35295978026073,24,1.0,1,2,Wednesday,2,2025-02,0,1.0,1.0,1.0,47.46665520833333,63.062617708333335,33.25675939602888,1.0,1.0,35.846072916666664,2025
2025-02-13,38.20343229166667,916.8823750000001,52.95693963740498,79.16666666666666,33.19290706798019,24,1.0,1,3,Thursday,2,2025-02,0,1.0,1.0,1.0,11.486831250000002,47.46665520833333,32.35295978026073,1.0,1.0,36.42964300595238,2025
2025-02-14,26.518766666666664,636.4504,64.07382134290353,62.5,30.66253836271234,24,1.0,1,4,Friday,2,2025-02,0,1.0,1.0,1.0,38.20343229166667,11.486831250000002,33.19290706798019,1.0,1.0,34.119989732142855,2025
2025-02-15,10.711880208333335,257.08512500000006,44.96966659771895,58.333333333333336,27.28076146773709,24,1.0,1,5,Saturday,2,2025-02,1,1.0,1.0,1.0,26.518766666666664,38.20343229166667,30.66253836271234,1.0,1.0,30.194353869047614,2025
2025-02-16,22.26764375,534.42345,56.75712055954639,62.5,27.280905316420725,24,1.0,1,6,Sunday,2,2025-02,1,1.0,1.0,1.0,10.711880208333335,26.518766666666664,27.28076146773709,1.0,1.0,29.987226041666663,2025
2025-02-17,37.33335833333333,896.0006,55.816484947690824,75.0,32.00628796756211,24,1.0,1,0,Monday,2,2025-02,0,1.0,1.0,1.0,22.26764375,10.711880208333335,27.280905316420725,1.0,1.0,31.388261011904756,2025
2025-02-18,69.39835624999999,1665.56055,52.06347059526615,91.66666666666666,32.86047207081812,24,1.0,1,1,Tuesday,2,2025-02,0,1.0,1.0,1.0,37.33335833333333,22.26764375,32.00628796756211,1.0,1.0,27.712652529761897,2025
2025-02-19,47.310681249999995,1135.45635,75.98298861273742,75.0,31.551396025768923,24,1.0,1,2,Wednesday,2,2025-02,0,1.0,1.0,1.0,69.39835624999999,37.33335833333333,32.86047207081812,1.0,1.0,30.845752678571422,2025
2025-02-20,73.70067717391305,1695.115575,94.62017975489285,73.91304347826086,33.886593062096665,23,1.0,1,3,Thursday,2,2025-02,0,1.0,1.0,1.0,47.310681249999995,69.39835624999999,31.551396025768923,1.0,1.0,35.96344553571428,2025
2025-02-21,35.745709375,857.897025,84.19202923180734,66.66666666666666,35.811154673461104,24,1.0,1,4,Friday,2,2025-02,0,1.0,1.0,1.0,73.70067717391305,47.310681249999995,33.886593062096665,1.0,1.0,41.03448051889234,2025
2025-02-22,50.35804166666667,1208.593,65.5477826001465,83.33333333333334,30.920851660730218,24,1.0,1,5,Saturday,2,2025-02,1,1.0,1.0,1.0,35.745709375,73.70067717391305,35.811154673461104,1.0,1.0,42.35261519151138,2025
2025-02-23,16.125726041666667,387.017425,86.95109384927301,54.166666666666664,30.10996804020058,24,1.0,1,6,Sunday,2,2025-02,1,1.0,1.0,1.0,50.35804166666667,35.745709375,30.920851660730218,1.0,1.0,48.01635254270185,2025
2025-02-24,84.16632187500001,2019.991725,109.11487946480352,87.5,30.51545379005673,24,1.0,1,0,Monday,2,2025-02,0,1.0,1.0,1.0,16.125726041666667,50.35804166666667,30.10996804020058,1.0,1.0,47.13893572722567,2025
2025-02-25,55.736622916666676,1337.6789500000002,47.20525094050882,91.66666666666666,27.568078596845613,24,1.0,1,1,Tuesday,2,2025-02,0,1.0,1.0,1.0,84.16632187500001,16.125726041666667,30.51545379005673,1.0,1.0,53.82935909032091,2025
2025-02-26,5.381070833333337,129.1457000000001,60.24491479145711,50.0,25.512071851144515,24,1.0,1,2,Wednesday,2,2025-02,0,1.0,1.0,1.0,55.736622916666676,84.16632187500001,27.568078596845613,1.0,1.0,51.87768289984472,2025
2025-02-27,24.828372916666666,595.88095,32.23801509983722,79.16666666666666,30.4394305620866,24,1.0,1,3,Thursday,2,2025-02,0,1.0,1.0,1.0,5.381070833333337,55.736622916666676,25.512071851144515,1.0,1.0,45.88773855460663,2025
2025-02-28,31.265312500000004,750.3675000000001,33.05269479594042,83.33333333333334,29.61131128532843,24,1.0,1,4,Friday,2,2025-02,0,1.0,1.0,1.0,24.828372916666666,5.381070833333337,30.4394305620866,1.0,1.0,38.905980803571424,2025
2025-03-01,38.764537499999996,930.3489,58.260884547554525,83.33333333333334,25.707962839425388,24,1.0,1,5,Saturday,3,2025-03,1,1.0,1.0,1.0,31.265312500000004,24.828372916666666,29.61131128532843,1.0,1.0,38.26592410714286,2025
2025-03-02,69.62204891304349,1601.307125,55.000216342733324,95.65217391304348,29.239160173796858,23,1.0,1,6,Sunday,3,2025-03,1,1.0,1.0,1.0,38.764537499999996,31.265312500000004,25.707962839425388,1.0,1.0,36.609709226190475,2025
2025-03-03,90.94981250000001,2182.7955,64.42411880934456,95.83333333333334,33.710273437988775,24,1.0,1,0,Monday,3,2025-03,0,1.0,1.0,1.0,69.62204891304349,38.764537499999996,29.239160173796858,1.0,1.0,44.25204106495859,2025
2025-03-04,16.92685833333334,406.2446000000001,65.80189816544613,58.333333333333336,29.538826139730592,24,1.0,1,1,Tuesday,3,2025-03,0,1.0,1.0,1.0,90.94981250000001,69.62204891304349,33.710273437988775,1.0,1.0,45.221111154244305,2025
2025-03-05,28.873440625,692.962575,73.54282764609106,62.5,34.722415929996025,24,1.0,1,2,Wednesday,3,2025-03,0,1.0,1.0,1.0,16.92685833333334,90.94981250000001,29.538826139730592,1.0,1.0,39.676859070910965,2025
2025-03-06,61.466896875,1475.205525,77.80129468424929,75.0,33.3422743714613,24,1.0,1,3,Thursday,3,2025-03,0,1.0,1.0,1.0,28.873440625,16.92685833333334,34.722415929996025,1.0,1.0,43.03291189829192,2025
2025-03-07,63.49012291666667,1523.76295,81.12886680687731,87.5,31.357522282699062,24,1.0,1,4,Friday,3,2025-03,0,1.0,1.0,1.0,61.466896875,28.873440625,33.3422743714613,1.0,1.0,48.2669867494824,2025
2025-03-08,44.678259375,1072.278225,46.10603678029674,87.5,25.290370778829196,24,1.0,1,5,Saturday,3,2025-03,1,1.0,1.0,1.0,63.49012291666667,61.466896875,31.357522282699062,1.0,1.0,52.8705310947205,2025
2025-03-09,17.732373958333334,425.576975,48.90671886101991,75.0,24.47217928583599,24,1.0,1,6,Sunday,3,2025-03,1,1.0,1.0,1.0,44.678259375,63.49012291666667,25.290370778829196,1.0,1.0,53.71534850543478,2025
2025-03-10,17.664643750000003,423.9514500000001,57.507031553819786,66.66666666666666,29.6565194325743,24,1.0,1,0,Monday,3,2025-03,0,1.0,1.0,1.0,17.732373958333334,44.678259375,24.47217928583599,1.0,1.0,46.30253779761905,2025
2025-03-11,26.774559375,642.589425,36.65932603865137,75.0,27.36653632304054,24,1.0,1,1,Tuesday,3,2025-03,0,1.0,1.0,1.0,17.664643750000003,17.732373958333334,29.6565194325743,1.0,1.0,35.83322797619048,2025
2025-03-12,30.49621875,731.90925,39.44552714189838,83.33333333333334,24.568236748117272,24,1.0,1,2,Wednesday,3,2025-03,0,1.0,1.0,1.0,26.774559375,17.664643750000003,27.36653632304054,1.0,1.0,37.24004241071429,2025
2025-03-13,32.74166041666667,785.79985,38.66206523862368,79.16666666666666,25.416806883510006,24,1.0,1,3,Thursday,3,2025-03,0,1.0,1.0,1.0,30.49621875,26.774559375,24.568236748117272,1.0,1.0,37.471867857142854,2025
2025-03-14,18.93666145833333,454.4798749999999,39.9074260471548,62.5,25.04578551889776,24,1.0,1,4,Friday,3,2025-03,0,1.0,1.0,1.0,32.74166041666667,30.49621875,25.416806883510006,1.0,1.0,33.36826264880953,2025
2025-03-15,5.042117708333332,121.01082499999995,54.51322324748347,62.5,24.323314527137182,24,1.0,1,5,Saturday,3,2025-03,1,1.0,1.0,1.0,18.93666145833333,32.74166041666667,25.04578551889776,1.0,1.0,27.003482440476184,2025
2025-03-16,9.64566875,231.49605000000003,23.85313234824732,66.66666666666666,24.93327944917033,24,1.0,1,6,Sunday,3,2025-03,1,1.0,1.0,1.0,5.042117708333332,18.93666145833333,24.323314527137182,1.0,1.0,21.341176488095233,2025
2025-03-17,15.267431250000001,366.41835000000003,40.25139152862636,79.16666666666666,30.320042481842332,24,1.0,1,0,Monday,3,2025-03,0,1.0,1.0,1.0,9.64566875,5.042117708333332,24.93327944917033,1.0,1.0,20.18593288690476,2025
2025-03-18,13.361338541666669,320.67212500000005,46.402222253647516,58.333333333333336,36.72893699579699,24,1.0,1,1,Tuesday,3,2025-03,0,1.0,1.0,1.0,15.267431250000001,9.64566875,30.320042481842332,1.0,1.0,19.84347395833333,2025
2025-03-19,37.250771875000005,894.0185250000001,55.555220578368804,79.16666666666666,34.173325901701844,24,1.0,1,2,Wednesday,3,2025-03,0,1.0,1.0,1.0,13.361338541666669,15.267431250000001,36.72893699579699,1.0,1.0,17.927299553571427,2025
2025-03-20,33.43179895833333,802.363175,65.12414704365719,70.83333333333334,35.190652507623945,24,1.0,1,3,Thursday,3,2025-03,0,1.0,1.0,1.0,37.250771875000005,13.361338541666669,34.173325901701844,1.0,1.0,18.89223571428571,2025
2025-03-21,65.69339166666667,1576.6414,75.41357002027209,83.33333333333334,32.469326948808735,24,1.0,1,4,Friday,3,2025-03,0,1.0,1.0,1.0,33.43179895833333,37.250771875000005,35.190652507623945,1.0,1.0,18.990826934523803,2025
2025-03-22,39.28247604166666,942.779425,63.33389382715482,75.0,33.601436499491115,24,1.0,1,5,Saturday,3,2025-03,1,1.0,1.0,1.0,65.69339166666667,33.43179895833333,32.469326948808735,1.0,1.0,25.67035982142857,2025
2025-03-23,-32.864287499999996,-788.7429,85.52655374292009,41.66666666666667,29.691531816695417,24,-1.0,0,6,Sunday,3,2025-03,1,1.0,1.0,1.0,39.28247604166666,65.69339166666667,33.601436499491115,1.0,1.0,30.561839583333327,2025
2025-03-24,24.698465625,592.763175,35.22793118231875,75.0,28.47285051267899,24,1.0,1,0,Monday,3,2025-03,0,0.0,1.0,1.0,-32.864287499999996,39.28247604166666,29.691531816695417,0.6666666666666666,0.8571428571428571,24.488988690476187,2025
2025-03-25,55.139728125,1323.353475,38.31519465964139,91.66666666666666,27.328425298940587,24,1.0,1,1,Tuesday,3,2025-03,0,1.0,0.0,1.0,24.698465625,-32.864287499999996,28.47285051267899,0.6666666666666666,0.8571428571428571,25.83627931547619,2025
2025-03-26,26.501275000000003,636.0306,36.794399139812526,79.16666666666666,27.943916396970092,24,1.0,1,2,Wednesday,3,2025-03,0,1.0,1.0,0.0,55.139728125,24.698465625,27.328425298940587,0.6666666666666666,0.8571428571428571,31.804620684523805,2025
2025-03-27,7.300751041666671,175.2180250000001,25.49402327159727,62.5,26.204496555835508,24,1.0,1,3,Thursday,3,2025-03,0,1.0,1.0,1.0,26.501275000000003,55.139728125,27.943916396970092,1.0,0.8571428571428571,30.268978273809523,2025
2025-03-28,1.5901208333333303,38.16289999999993,84.61534078598743,50.0,28.814249071549543,24,1.0,1,4,Friday,3,2025-03,0,1.0,1.0,1.0,7.300751041666671,26.501275000000003,26.204496555835508,1.0,0.8571428571428571,26.53597142857143,2025
2025-03-29,23.4813875,563.5533,41.78209277509677,75.0,21.73363915580344,24,1.0,1,5,Saturday,3,2025-03,1,1.0,1.0,1.0,1.5901208333333303,7.300751041666671,28.814249071549543,1.0,0.8571428571428571,17.378361309523807,2025
2025-03-30,-2.970928409090908,-65.36042499999998,35.414367167103045,50.0,29.698609902634164,22,-1.0,0,6,Sunday,3,2025-03,1,1.0,1.0,1.0,23.4813875,1.5901208333333303,21.73363915580344,1.0,0.8571428571428571,15.121062946428568,2025
2025-03-31,33.923657291666665,814.167775,30.9050476750813,91.66666666666666,27.011323692566283,24,1.0,1,0,Monday,3,2025-03,0,0.0,1.0,1.0,-2.970928409090908,23.4813875,29.698609902634164,0.6666666666666666,0.8571428571428571,19.391542816558438,2025
2025-04-01,17.781943749999996,426.7666499999999,20.203012084425374,75.0,29.189227072608134,24,1.0,1,1,Tuesday,4,2025-04,0,1.0,0.0,1.0,33.923657291666665,-2.970928409090908,27.011323692566283,0.6666666666666666,0.8571428571428571,20.709427340367963,2025
2025-04-02,-19.393913541666667,-465.453925,35.93530108734215,25.0,32.5717475259341,24,-1.0,0,2,Wednesday,4,2025-04,0,1.0,1.0,0.0,17.781943749999996,33.923657291666665,29.189227072608134,0.6666666666666666,0.8571428571428571,15.372601001082247,2025
2025-04-03,-1.0348020833333316,-24.83524999999996,68.3301641419077,58.333333333333336,31.138869632833675,24,-1.0,0,3,Thursday,4,2025-04,0,0.0,1.0,1.0,-19.393913541666667,17.781943749999996,32.5717475259341,0.6666666666666666,0.7142857142857143,8.816145495129865,2025
2025-04-04,17.925797916666667,430.21915,33.47931302103074,66.66666666666666,35.04683909283348,24,1.0,1,4,Friday,4,2025-04,0,0.0,0.0,1.0,-1.0348020833333316,-19.393913541666667,31.138869632833675,0.3333333333333333,0.5714285714285714,7.625352191558437,2025
2025-04-05,13.984596875000001,335.630325,47.04548920561881,66.66666666666666,33.22077725956172,24,1.0,1,5,Saturday,4,2025-04,1,1.0,0.0,0.0,17.925797916666667,-1.0348020833333316,35.04683909283348,0.3333333333333333,0.5714285714285714,9.959020346320342,2025
2025-04-06,10.641334374999998,255.39202499999996,64.95857040023155,62.5,33.64370510487516,24,1.0,1,6,Sunday,4,2025-04,1,1.0,1.0,0.0,13.984596875000001,17.925797916666667,33.22077725956172,0.6666666666666666,0.5714285714285714,8.602335971320342,2025
2025-04-07,31.870164583333334,764.88395,58.77771494174968,66.66666666666666,30.315810928062657,24,1.0,1,0,Monday,4,2025-04,0,1.0,1.0,1.0,10.641334374999998,13.984596875000001,33.64370510487516,1.0,0.7142857142857143,10.546944940476186,2025
2025-04-08,1.3896645833333308,33.35194999999994,55.867659249976796,50.0,31.164047441261413,24,1.0,1,1,Tuesday,4,2025-04,0,1.0,1.0,1.0,31.870164583333334,10.641334374999998,30.315810928062657,1.0,0.7142857142857143,10.25358883928571,2025
2025-04-09,22.265730208333334,534.377525,47.996433326168244,66.66666666666666,34.116168369985175,24,1.0,1,2,Wednesday,4,2025-04,0,1.0,1.0,1.0,1.3896645833333308,31.870164583333334,31.164047441261413,1.0,0.7142857142857143,7.911834672619043,2025
2025-04-10,41.451883333333335,870.48955,45.676511233083694,80.95238095238095,34.12957560892231,21,1.0,1,3,Thursday,4,2025-04,0,1.0,1.0,1.0,22.265730208333334,1.3896645833333308,34.116168369985175,1.0,0.8571428571428571,13.863212351190471,2025
2025-04-11,-91.18915729166667,-2188.539775,286.72309751196826,37.5,34.23794354122883,24,-1.0,0,4,Friday,4,2025-04,0,1.0,1.0,1.0,41.451883333333335,22.265730208333334,34.12957560892231,1.0,1.0,19.93273883928571,2025
2025-04-12,-3.447012499999999,-82.72829999999998,38.594539933894374,33.33333333333333,32.669612833970206,24,-1.0,0,5,Saturday,4,2025-04,1,0.0,1.0,1.0,-91.18915729166667,41.451883333333335,34.23794354122883,0.6666666666666666,0.8571428571428571,4.34488809523809,2025
2025-04-13,-11.354583333333336,-272.51000000000005,48.902763133080725,33.33333333333333,30.132720123411172,24,-1.0,0,6,Sunday,4,2025-04,1,0.0,0.0,1.0,-3.447012499999999,-91.18915729166667,32.669612833970206,0.3333333333333333,0.7142857142857143,1.854658184523805,2025
2025-04-14,10.944425,262.6662,68.77874946239082,54.166666666666664,29.378704554068435,24,1.0,1,0,Monday,4,2025-04,0,0.0,0.0,0.0,-11.354583333333336,-3.447012499999999,30.132720123411172,0.0,0.5714285714285714,-1.2876157738095284,2025
2025-04-15,6.517902083333335,156.42965000000004,68.07007316830797,50.0,31.43828163943103,24,1.0,1,1,Tuesday,4,2025-04,0,1.0,0.0,0.0,10.944425,-11.354583333333336,29.378704554068435,0.3333333333333333,0.5714285714285714,-4.277007142857147,2025
2025-04-16,33.900559375,813.613425,56.51965218549267,66.66666666666666,34.310853849190934,24,1.0,1,2,Wednesday,4,2025-04,0,1.0,1.0,0.0,6.517902083333335,10.944425,31.43828163943103,0.6666666666666666,0.5714285714285714,-3.5444017857142898,2025
2025-04-17,-19.038846874999997,-456.93232499999993,67.70325780140692,54.166666666666664,31.307289738305386,24,-1.0,0,3,Thursday,4,2025-04,0,1.0,1.0,1.0,33.900559375,6.517902083333335,34.310853849190934,1.0,0.5714285714285714,-1.8822833333333375,2025
2025-04-18,28.40532916666667,681.7279000000001,35.55516240324648,87.5,26.910473996786376,24,1.0,1,4,Friday,4,2025-04,0,0.0,1.0,1.0,-19.038846874999997,33.900559375,31.307289738305386,0.6666666666666666,0.42857142857142855,-10.5238162202381,2025
2025-04-19,9.939710416666664,238.55304999999993,33.21546004785658,62.5,27.844587718283194,24,1.0,1,5,Saturday,4,2025-04,1,1.0,0.0,1.0,28.40532916666667,-19.038846874999997,26.910473996786376,0.6666666666666666,0.5714285714285714,6.561110416666665,2025
2025-04-20,121.50801874999998,2916.1924499999996,331.837980750473,79.16666666666666,32.748530523537795,24,1.0,1,6,Sunday,4,2025-04,1,1.0,1.0,0.0,9.939710416666664,28.40532916666667,27.844587718283194,0.6666666666666666,0.7142857142857143,8.4734994047619,2025
2025-04-21,103.74060312499999,2489.7744749999997,399.1540330685308,75.0,27.22858368559696,24,1.0,1,0,Monday,4,2025-04,0,1.0,1.0,1.0,121.50801874999998,9.939710416666664,32.748530523537795,1.0,0.8571428571428571,27.453871130952376,2025
2025-04-22,48.550834375,1165.220025,52.607017435054324,91.66666666666666,24.907876735168,24,1.0,1,1,Tuesday,4,2025-04,0,1.0,1.0,1.0,103.74060312499999,121.50801874999998,27.22858368559696,1.0,0.8571428571428571,40.71046800595237,2025
2025-04-23,52.48399270833334,1259.615825,38.552695408935506,100.0,29.15636304468225,24,1.0,1,2,Wednesday,4,2025-04,0,1.0,1.0,1.0,48.550834375,103.74060312499999,24.907876735168,1.0,0.8571428571428571,46.715172619047614,2025
2025-04-24,47.38630625,1137.27135,72.63569933648863,70.83333333333334,27.137013260239105,24,1.0,1,3,Thursday,4,2025-04,0,1.0,1.0,1.0,52.48399270833334,48.550834375,29.15636304468225,1.0,0.8571428571428571,49.3699488095238,2025
2025-04-25,12.998466666666667,311.96320000000003,25.537632545945232,79.16666666666666,28.68596233662298,24,1.0,1,4,Friday,4,2025-04,0,1.0,1.0,1.0,47.38630625,52.48399270833334,27.137013260239105,1.0,1.0,58.859256398809514,2025
2025-04-26,52.45986145833333,1259.0366749999998,132.45553457443356,75.0,37.46608304258096,24,1.0,1,5,Saturday,4,2025-04,1,1.0,1.0,1.0,12.998466666666667,47.38630625,28.68596233662298,1.0,1.0,56.65827604166666,2025
2025-04-27,-1.3086708333333334,-31.4081,91.17453097512575,54.166666666666664,33.826537913973006,24,-1.0,0,6,Sunday,4,2025-04,1,1.0,1.0,1.0,52.45986145833333,12.998466666666667,37.46608304258096,1.0,1.0,62.732583333333324,2025
2025-04-28,29.874651041666667,716.991625,37.09463973446872,75.0,32.1904723926693,24,1.0,1,0,Monday,4,2025-04,0,0.0,1.0,1.0,-1.3086708333333334,52.45986145833333,33.826537913973006,0.6666666666666666,0.8571428571428571,45.1873419642857,2025
2025-04-29,4.452213541666665,106.85312499999995,45.5446695261778,41.66666666666667,30.73338985100327,24,1.0,1,1,Tuesday,4,2025-04,0,1.0,0.0,1.0,29.874651041666667,-1.3086708333333334,32.1904723926693,0.6666666666666666,0.8571428571428571,34.63506309523809,2025
2025-04-30,-12.884701041666666,-309.232825,50.917700380795914,33.33333333333333,34.30889754316578,24,-1.0,0,2,Wednesday,4,2025-04,0,1.0,1.0,0.0,4.452213541666665,29.874651041666667,30.73338985100327,0.6666666666666666,0.8571428571428571,28.335260119047614,2025
2025-05-01,-41.74580729166667,-1001.8993750000001,86.76160740140364,37.5,25.81235399785868,24,-1.0,0,3,Thursday,5,2025-05,0,0.0,1.0,1.0,-12.884701041666666,4.452213541666665,34.30889754316578,0.6666666666666666,0.7142857142857143,18.996875297619045,2025
2025-05-02,-19.285677083333333,-462.85625,68.11277925163974,54.166666666666664,30.716540742421973,24,-1.0,0,4,Friday,5,2025-05,0,0.0,0.0,1.0,-41.74580729166667,-12.884701041666666,25.81235399785868,0.3333333333333333,0.5714285714285714,6.2637162202380905,2025
2025-05-03,-8.582629166666665,-205.98309999999995,53.84486870694187,41.66666666666667,24.49712716991975,24,-1.0,0,5,Saturday,5,2025-05,1,0.0,0.0,0.0,-19.285677083333333,-41.74580729166667,30.716540742421973,0.0,0.42857142857142855,1.6516956845238044,2025
2025-05-04,2.2929010416666658,55.02962499999998,48.248316942876855,58.333333333333336,24.4139606586136,24,1.0,1,6,Sunday,5,2025-05,1,0.0,0.0,0.0,-8.582629166666665,-19.285677083333333,24.49712716991975,0.0,0.2857142857142857,-7.068660119047623,2025
2025-05-05,28.675243750000003,688.20585,45.911632398530394,70.83333333333334,27.45929249411405,24,1.0,1,0,Monday,5,2025-05,0,1.0,0.0,0.0,2.2929010416666658,-8.582629166666665,24.4139606586136,0.3333333333333333,0.42857142857142855,-6.5541498511904805,2025
2025-05-06,26.670883333333332,640.1012,54.893805061986775,70.83333333333334,22.761741431560562,24,1.0,1,1,Tuesday,5,2025-05,0,1.0,1.0,0.0,28.675243750000003,2.2929010416666658,27.45929249411405,0.6666666666666666,0.42857142857142855,-6.725493750000004,2025
2025-05-07,35.87171875,860.92125,40.01570695576467,83.33333333333334,24.605745302888256,24,1.0,1,2,Wednesday,5,2025-05,0,1.0,1.0,1.0,26.670883333333332,28.675243750000003,22.761741431560562,1.0,0.42857142857142855,-3.5513980654761936,2025
2025-05-08,13.446236458333333,322.709675,39.34770600597665,62.5,26.503939356423306,24,1.0,1,3,Thursday,5,2025-05,0,1.0,1.0,1.0,35.87171875,26.670883333333332,24.605745302888256,1.0,0.5714285714285714,3.413804761904758,2025
2025-05-09,17.54691354166667,421.12592500000005,31.918858797890515,70.83333333333334,24.3587566226125,24,1.0,1,4,Friday,5,2025-05,0,1.0,1.0,1.0,13.446236458333333,35.87171875,26.503939356423306,1.0,0.7142857142857143,11.298382440476187,2025
2025-05-10,-7.681279166666665,-184.35069999999996,46.73782196814497,41.66666666666667,25.59661959172252,24,-1.0,0,5,Saturday,5,2025-05,1,1.0,1.0,1.0,17.54691354166667,13.446236458333333,24.3587566226125,1.0,0.8571428571428571,16.560181101190473,2025
2025-05-11,-4.060544791666669,-97.45307500000006,65.33675796614888,54.166666666666664,27.962815075865112,24,-1.0,0,6,Sunday,5,2025-05,1,0.0,1.0,1.0,-7.681279166666665,17.54691354166667,25.59661959172252,0.6666666666666666,0.8571428571428571,16.68894538690476,2025
2025-05-12,22.879761458333334,549.114275,63.91842274511477,62.5,25.099525088976392,24,1.0,1,0,Monday,5,2025-05,0,0.0,0.0,1.0,-4.060544791666669,-7.681279166666665,27.962815075865112,0.3333333333333333,0.7142857142857143,15.781310267857139,2025
2025-05-13,8.260118750000002,198.24285000000003,53.62072309025349,58.333333333333336,32.94352309996264,24,1.0,1,1,Tuesday,5,2025-05,0,1.0,0.0,0.0,22.879761458333334,-4.060544791666669,25.099525088976392,0.3333333333333333,0.7142857142857143,14.95338422619047,2025
2025-05-14,19.09853020833333,458.3647249999999,35.848909073818874,66.66666666666666,26.870590221351616,24,1.0,1,2,Wednesday,5,2025-05,0,1.0,1.0,0.0,8.260118750000002,22.879761458333334,32.94352309996264,0.6666666666666666,0.7142857142857143,12.323274999999995,2025
2025-05-15,10.729501041666671,257.5080250000001,37.45775101559167,50.0,25.270303009922827,24,1.0,1,3,Thursday,5,2025-05,0,1.0,1.0,1.0,19.09853020833333,8.260118750000002,26.870590221351616,1.0,0.7142857142857143,9.92710520833333,2025
2025-05-16,-8.405769791666666,-201.738475,53.62036286177908,45.83333333333333,28.756442787780646,24,-1.0,0,4,Friday,5,2025-05,0,1.0,1.0,1.0,10.729501041666671,19.09853020833333,25.270303009922827,1.0,0.7142857142857143,9.53900014880952,2025
2025-05-17,-13.111161458333333,-314.667875,56.72430748493052,33.33333333333333,27.92526979759769,24,-1.0,0,5,Saturday,5,2025-05,1,0.0,1.0,1.0,-8.405769791666666,10.729501041666671,28.756442787780646,0.6666666666666666,0.5714285714285714,5.831473958333329,2025
2025-05-18,6.6517677083333355,159.64242500000006,47.6231550401627,50.0,27.36990713403073,24,1.0,1,6,Sunday,5,2025-05,1,0.0,0.0,1.0,-13.111161458333333,-8.405769791666666,27.92526979759769,0.3333333333333333,0.5714285714285714,5.055776488095234,2025
2025-05-19,3.2304239583333314,77.53017499999996,86.86422810040418,62.5,26.74060584466815,24,1.0,1,0,Monday,5,2025-05,0,1.0,0.0,0.0,6.6517677083333355,-13.111161458333333,27.36990713403073,0.3333333333333333,0.7142857142857143,6.586106845238092,2025
2025-05-20,47.48230208333334,1139.57525,162.94208668395237,50.0,34.5316536838672,24,1.0,1,1,Tuesday,5,2025-05,0,1.0,1.0,0.0,3.2304239583333314,6.6517677083333355,26.74060584466815,0.6666666666666666,0.7142857142857143,3.7790586309523775,2025
2025-05-21,-13.137311458333334,-315.295475,242.7140059211701,83.33333333333334,31.377910191878986,24,-1.0,0,2,Wednesday,5,2025-05,0,1.0,1.0,1.0,47.48230208333334,3.2304239583333314,34.5316536838672,1.0,0.7142857142857143,9.382227678571425,2025
2025-05-22,6.179654166666666,148.31169999999997,70.16260194630223,62.5,27.864036955913136,24,1.0,1,3,Thursday,5,2025-05,0,0.0,1.0,1.0,-13.137311458333334,47.48230208333334,31.377910191878986,0.6666666666666666,0.5714285714285714,4.777107440476187,2025
2025-05-23,40.39825625,969.5581500000001,35.75698638894957,91.66666666666666,25.305229802491592,24,1.0,1,4,Friday,5,2025-05,0,1.0,0.0,1.0,6.179654166666666,-13.137311458333334,27.864036955913136,0.6666666666666666,0.5714285714285714,4.1271293154761866,2025
2025-05-24,11.726620833333333,281.4389,51.76772055104116,62.5,26.258797551685404,24,1.0,1,5,Saturday,5,2025-05,1,1.0,1.0,0.0,40.39825625,6.179654166666666,25.305229802491592,0.6666666666666666,0.7142857142857143,11.099133035714283,2025
2025-05-25,3.699885416666667,88.79725,40.168789171262326,37.5,26.84476577393767,24,1.0,1,6,Sunday,5,2025-05,1,1.0,1.0,1.0,11.726620833333333,40.39825625,26.258797551685404,1.0,0.8571428571428571,14.647387648809518,2025
2025-05-26,2.7849020833333316,66.83764999999995,63.85431583824438,50.0,26.427092357009318,24,1.0,1,0,Monday,5,2025-05,0,1.0,1.0,1.0,3.699885416666667,11.726620833333333,26.84476577393767,1.0,0.8571428571428571,14.225690178571424,2025
2025-05-27,9.445951041666667,226.70282500000002,62.32388500194119,58.333333333333336,26.218842889266643,24,1.0,1,1,Tuesday,5,2025-05,0,1.0,1.0,1.0,2.7849020833333316,3.699885416666667,26.427092357009318,1.0,0.8571428571428571,14.162044196428567,2025
2025-05-28,27.676879166666666,664.2451,37.089351960679146,79.16666666666666,25.650947913659834,24,1.0,1,2,Wednesday,5,2025-05,0,1.0,1.0,1.0,9.445951041666667,2.7849020833333316,26.218842889266643,1.0,0.8571428571428571,8.728279761904757,2025
2025-05-29,-4.807776041666668,-115.38662500000002,39.29288064487047,50.0,27.88362767336766,24,-1.0,0,3,Thursday,5,2025-05,0,1.0,1.0,1.0,27.676879166666666,9.445951041666667,25.650947913659834,1.0,1.0,14.558878422619044,2025
2025-05-30,12.006493750000002,288.15585000000004,37.13981886647289,58.333333333333336,25.909925618846724,24,1.0,1,4,Friday,5,2025-05,0,0.0,1.0,1.0,-4.807776041666668,27.676879166666666,27.88362767336766,0.6666666666666666,0.8571428571428571,12.98924553571428,2025
2025-05-31,12.895083333333337,309.4820000000001,54.03736519506849,58.333333333333336,24.948050607552883,24,1.0,1,5,Saturday,5,2025-05,1,1.0,0.0,1.0,12.006493750000002,-4.807776041666668,25.909925618846724,0.6666666666666666,0.8571428571428571,8.93327946428571,2025
2025-06-01,-10.875900000000001,-261.02160000000003,67.62405754907535,45.83333333333333,24.69011807100905,24,-1.0,0,6,Sunday,6,2025-06,1,1.0,1.0,0.0,12.895083333333337,12.006493750000002,24.948050607552883,0.6666666666666666,0.8571428571428571,9.100202678571424,2025
2025-06-02,6.29039375,150.96945,64.71241379433427,58.333333333333336,28.179003987348164,24,1.0,1,0,Monday,6,2025-06,0,0.0,1.0,1.0,-10.875900000000001,12.895083333333337,24.69011807100905,0.6666666666666666,0.7142857142857143,7.017947619047615,2025
2025-06-03,-17.837650000000004,-428.1036000000001,71.89570222197591,37.5,33.16638268669869,24,-1.0,0,1,Tuesday,6,2025-06,0,1.0,0.0,1.0,6.29039375,-10.875900000000001,28.179003987348164,0.6666666666666666,0.7142857142857143,7.518732142857139,2025
2025-06-04,0.46598854166666825,11.183725000000038,60.162882187753425,50.0,27.270358019908773,24,1.0,1,2,Wednesday,6,2025-06,0,0.0,1.0,0.0,-17.837650000000004,6.29039375,33.16638268669869,0.3333333333333333,0.5714285714285714,3.621074851190472,2025
2025-06-05,11.179779166666668,268.3147,41.94932930678137,62.5,26.059055203982325,24,1.0,1,3,Thursday,6,2025-06,0,1.0,0.0,1.0,0.46598854166666825,-17.837650000000004,27.270358019908773,0.6666666666666666,0.5714285714285714,-0.2661952380952418,2025
2025-06-06,25.657538541666668,615.780925,54.71491137708465,70.83333333333334,28.870617345187767,24,1.0,1,4,Friday,6,2025-06,0,1.0,1.0,0.0,11.179779166666668,0.46598854166666825,26.059055203982325,0.6666666666666666,0.7142857142857143,2.017741220238092,2025
2025-06-07,-68.58977916666667,-1646.1547,202.03711795032038,45.83333333333333,25.91642714100286,24,-1.0,0,5,Saturday,6,2025-06,1,1.0,1.0,1.0,25.657538541666668,11.179779166666668,28.870617345187767,1.0,0.7142857142857143,3.967890476190473,2025
2025-06-08,-32.02922083333333,-768.7013000000001,115.13331359779066,58.333333333333336,30.400934576677887,24,-1.0,0,6,Sunday,6,2025-06,1,0.0,1.0,1.0,-68.58977916666667,25.657538541666668,25.91642714100286,0.6666666666666666,0.5714285714285714,-7.672804166666672,2025
2025-06-09,175.16553541666667,4203.97285,449.38136990322545,87.5,40.36187648718994,24,1.0,1,0,Monday,6,2025-06,0,0.0,0.0,1.0,-32.02922083333333,-68.58977916666667,30.400934576677887,0.3333333333333333,0.5714285714285714,-10.69470714285715,2025
2025-06-10,26.53822604166667,636.9174250000001,66.84136175769025,62.5,27.070537339035827,24,1.0,1,1,Tuesday,6,2025-06,0,1.0,0.0,0.0,175.16553541666667,-32.02922083333333,40.36187648718994,0.3333333333333333,0.5714285714285714,13.430313095238091,2025
2025-06-11,-3.2650895833333315,-78.36214999999996,40.67911058541109,41.66666666666667,30.997704357146294,24,-1.0,0,2,Wednesday,6,2025-06,0,1.0,1.0,0.0,26.53822604166667,175.16553541666667,27.070537339035827,0.6666666666666666,0.7142857142857143,19.769723958333326,2025
2025-06-12,28.96769791666667,695.2247500000001,64.9074743603631,62.5,28.751298364265608,24,1.0,1,3,Thursday,6,2025-06,0,0.0,1.0,1.0,-3.2650895833333315,26.53822604166667,30.997704357146294,0.6666666666666666,0.5714285714285714,19.236712797619045,2025
2025-06-13,22.846380208333333,548.313125,57.16757744045369,54.166666666666664,27.5345272079789,24,1.0,1,4,Friday,6,2025-06,0,1.0,0.0,1.0,28.96769791666667,-3.2650895833333315,28.751298364265608,0.6666666666666666,0.5714285714285714,21.777844047619045,2025
2025-06-14,35.32147291666667,847.7153500000001,71.87997644676314,75.0,32.52328177146178,24,1.0,1,5,Saturday,6,2025-06,1,1.0,1.0,0.0,22.846380208333333,28.96769791666667,27.5345272079789,0.6666666666666666,0.5714285714285714,21.376249999999995,2025
2025-06-15,42.52543958333333,1020.61055,54.49540224548362,75.0,27.423694432668427,24,1.0,1,6,Sunday,6,2025-06,1,1.0,1.0,1.0,35.32147291666667,22.846380208333333,32.52328177146178,1.0,0.7142857142857143,36.22071458333333,2025
2025-06-16,68.78716874999999,1650.89205,42.98541418803178,100.0,31.534631995198506,24,1.0,1,0,Monday,6,2025-06,0,1.0,1.0,1.0,42.52543958333333,35.32147291666667,27.423694432668427,1.0,0.8571428571428571,46.87138035714286,2025
2025-06-17,10.194207291666672,244.66097500000012,59.136057047460156,45.83333333333333,30.29342112189828,24,1.0,1,1,Tuesday,6,2025-06,0,1.0,1.0,1.0,68.78716874999999,42.52543958333333,31.534631995198506,1.0,0.8571428571428571,31.674470833333327,2025
2025-06-18,5.1641218749999975,123.93892499999994,62.66883977151387,62.5,23.880776346865417,24,1.0,1,2,Wednesday,6,2025-06,0,1.0,1.0,1.0,10.194207291666672,68.78716874999999,30.29342112189828,1.0,0.8571428571428571,29.339611011904758,2025
2025-06-19,-76.42999583333334,-1834.3199,273.3811222096223,50.0,29.58259602310199,24,-1.0,0,3,Thursday,6,2025-06,0,1.0,1.0,1.0,5.1641218749999975,10.194207291666672,23.880776346865417,1.0,1.0,30.543784077380945,2025
2025-06-20,23.061645833333333,553.4795,51.40760690531716,70.83333333333334,26.988943116354093,24,1.0,1,4,Friday,6,2025-06,0,0.0,1.0,1.0,-76.42999583333334,5.1641218749999975,29.58259602310199,0.6666666666666666,0.8571428571428571,15.4869706845238,2025
2025-06-21,16.227024999999998,389.44859999999994,60.99541062412125,58.333333333333336,27.13990687229676,24,1.0,1,5,Saturday,6,2025-06,1,1.0,0.0,1.0,23.061645833333333,-76.42999583333334,26.988943116354093,0.6666666666666666,0.8571428571428571,15.51772291666666,2025
2025-06-22,3.326838541666668,79.84412500000003,56.99151151891622,58.333333333333336,27.389191761261884,24,1.0,1,6,Sunday,6,2025-06,1,1.0,1.0,0.0,16.227024999999998,23.061645833333333,27.13990687229676,0.6666666666666666,0.8571428571428571,12.789944642857135,2025
2025-06-23,43.259128125,1038.219075,63.6709403759266,75.0,29.491426117250683,24,1.0,1,0,Monday,6,2025-06,0,1.0,1.0,1.0,3.326838541666668,16.227024999999998,27.389191761261884,1.0,0.8571428571428571,7.190144494047613,2025
2025-06-24,-7.143903125000001,-171.45367500000003,52.58588079813093,45.83333333333333,31.982339292003957,24,-1.0,0,1,Tuesday,6,2025-06,0,1.0,1.0,1.0,43.259128125,3.326838541666668,29.491426117250683,1.0,0.8571428571428571,3.5432815476190416,2025
2025-06-25,-8.322145652173914,-191.40935000000002,113.0947825582549,60.86956521739131,27.864526614958876,23,-1.0,0,2,Wednesday,6,2025-06,0,0.0,1.0,1.0,-7.143903125000001,43.259128125,31.982339292003957,0.6666666666666666,0.7142857142857143,1.066408630952374,2025
2025-06-26,-63.933984375,-1534.415625,197.62780395486485,37.5,29.31040476285473,24,-1.0,0,3,Thursday,6,2025-06,0,0.0,0.0,1.0,-8.322145652173914,-7.143903125000001,27.864526614958876,0.3333333333333333,0.5714285714285714,-0.8602010157867562,2025
2025-06-27,44.64615729166667,1071.507775,82.65665020276698,66.66666666666666,25.43479004336895,24,1.0,1,4,Friday,6,2025-06,0,0.0,0.0,0.0,-63.933984375,-8.322145652173914,29.31040476285473,0.0,0.5714285714285714,0.9249434782608625,2025
2025-06-28,27.52889479166667,660.693475,57.62018374364076,70.83333333333334,25.55750858459994,24,1.0,1,5,Saturday,6,2025-06,1,1.0,0.0,0.0,44.64615729166667,-63.933984375,25.43479004336895,0.3333333333333333,0.5714285714285714,4.008445115165625,2025
2025-06-29,-11.658923958333332,-279.814175,45.44636182599033,45.83333333333333,24.837566517216903,24,-1.0,0,6,Sunday,6,2025-06,1,1.0,1.0,0.0,27.52889479166667,44.64615729166667,25.55750858459994,0.6666666666666666,0.5714285714285714,5.6229979425465775,2025
2025-06-30,39.085470833333325,938.0512999999999,51.500934217395425,91.66666666666666,29.32625649089921,24,1.0,1,0,Monday,6,2025-06,0,0.0,1.0,1.0,-11.658923958333332,27.52889479166667,24.837566517216903,0.6666666666666666,0.42857142857142855,3.4821747282608633,2025
2025-07-02,51.759914583333334,1242.23795,61.83987992032102,83.33333333333334,29.010215752925888,24,1.0,1,2,Wednesday,7,2025-07,0,1.0,0.0,1.0,39.085470833333325,-11.658923958333332,29.32625649089921,0.6666666666666666,0.42857142857142855,2.885937972308482,2025
2025-07-03,22.425119791666663,538.202875,39.842576283298165,62.5,28.355350795300513,24,1.0,1,3,Thursday,7,2025-07,0,1.0,1.0,0.0,51.759914583333334,39.085470833333325,29.010215752925888,0.6666666666666666,0.5714285714285714,11.300769073498957,2025
2025-07-04,4.421865625000002,106.12477500000006,112.21249259858158,70.83333333333334,29.740351080165258,24,1.0,1,4,Friday,7,2025-07,0,1.0,1.0,1.0,22.425119791666663,51.759914583333334,28.355350795300513,1.0,0.7142857142857143,15.693235565476185,2025
2025-07-05,42.21123229166667,1013.069575,39.61011622391958,79.16666666666666,35.921886604556114,24,1.0,1,5,Saturday,7,2025-07,1,1.0,1.0,1.0,4.421865625000002,22.425119791666663,29.740351080165258,1.0,0.8571428571428571,25.458356994047616,2025
2025-07-06,39.62075625,950.89815,48.38250252127024,70.83333333333334,34.39059978415445,24,1.0,1,6,Sunday,7,2025-07,1,1.0,1.0,1.0,42.21123229166667,4.421865625000002,35.921886604556114,1.0,0.8571428571428571,25.110510565476186,2025
2025-07-07,44.01878695652174,1012.4321,35.90392792666369,91.30434782608695,35.28594085371873,23,1.0,1,0,Monday,7,2025-07,0,1.0,1.0,1.0,39.62075625,42.21123229166667,34.39059978415445,1.0,0.8571428571428571,26.837919345238088,2025
2025-07-08,41.7993375,1003.1841000000001,25.309889484651478,95.83333333333334,29.36703848845912,24,1.0,1,1,Tuesday,7,2025-07,0,1.0,1.0,1.0,44.01878695652174,39.62075625,35.28594085371873,1.0,1.0,34.79187804736024,2025
2025-07-09,19.65681,393.13620000000003,33.54527134966013,70.0,25.75633340282849,20,1.0,1,2,Wednesday,7,2025-07,0,1.0,1.0,1.0,41.7993375,44.01878695652174,29.36703848845912,1.0,1.0,35.17957328545548,2025
2025-07-10,29.755982291666665,714.1435749999999,25.305092587653178,79.16666666666666,28.806111582165453,24,1.0,1,3,Thursday,7,2025-07,0,1.0,1.0,1.0,19.65681,41.7993375,25.75633340282849,1.0,1.0,30.593415487836435,2025
2025-07-11,47.80440625,1147.30575,45.4265297142631,83.33333333333334,30.326361329777324,24,1.0,1,4,Friday,7,2025-07,0,1.0,1.0,1.0,29.755982291666665,19.65681,28.806111582165453,1.0,1.0,31.640681559265005,2025
2025-07-12,0.9616302083333353,23.079125000000047,37.494312676447855,58.333333333333336,27.713279100456166,24,1.0,1,5,Saturday,7,2025-07,1,1.0,1.0,1.0,47.80440625,29.755982291666665,30.326361329777324,1.0,1.0,37.838187362836436,2025
2025-07-13,5.217859375000001,125.22862500000002,23.539454740951292,66.66666666666666,30.21801669261835,24,1.0,1,6,Sunday,7,2025-07,1,1.0,1.0,1.0,0.9616302083333353,47.80440625,27.713279100456166,1.0,1.0,31.945387065217385,2025
2025-07-14,26.20303125,628.87275,33.461724906940844,83.33333333333334,28.108038370597114,24,1.0,1,0,Monday,7,2025-07,0,1.0,1.0,1.0,5.217859375000001,0.9616302083333353,30.21801669261835,1.0,1.0,27.030687511645958,2025
2025-07-15,5.224720833333337,125.39330000000008,61.31761857317667,66.66666666666666,27.120258851470542,24,1.0,1,1,Tuesday,7,2025-07,0,1.0,1.0,1.0,26.20303125,5.217859375000001,28.108038370597114,1.0,1.0,24.485579553571423,2025
2025-07-16,15.989576041666666,383.749825,27.66517317334008,70.83333333333334,30.208341803546375,24,1.0,1,2,Wednesday,7,2025-07,0,1.0,1.0,1.0,5.224720833333337,26.20303125,27.120258851470542,1.0,1.0,19.260634315476185,2025
2025-07-17,0.03090729166666706,0.7417750000000094,33.74246220371612,50.0,32.826243057055585,24,1.0,1,3,Thursday,7,2025-07,0,1.0,1.0,1.0,15.989576041666666,5.224720833333337,30.208341803546375,1.0,1.0,18.736743749999995,2025
2025-07-18,25.346165624999998,608.3079749999999,25.93714263502562,87.5,28.21617926223662,24,1.0,1,4,Friday,7,2025-07,0,1.0,1.0,1.0,0.03090729166666706,15.989576041666666,32.826243057055585,1.0,1.0,14.490304464285709,2025
2025-07-19,-24.226630208333333,-581.439125,56.25954414634713,37.5,27.807824526926094,24,-1.0,0,5,Saturday,7,2025-07,1,1.0,1.0,1.0,25.346165624999998,0.03090729166666706,28.21617926223662,1.0,1.0,11.281984374999995,2025
2025-07-20,15.822880208333336,379.74912500000005,37.4386797455403,62.5,26.880483676867815,24,1.0,1,6,Sunday,7,2025-07,1,0.0,1.0,1.0,-24.226630208333333,25.346165624999998,27.807824526926094,0.6666666666666666,0.8571428571428571,7.683661458333328,2025
2025-07-21,-1.4615302083333317,-35.07672499999996,31.696591565416558,54.166666666666664,28.882802638992104,24,-1.0,0,0,Monday,7,2025-07,0,1.0,0.0,1.0,15.822880208333336,-24.226630208333333,26.880483676867815,0.6666666666666666,0.8571428571428571,9.198664434523804,2025
2025-07-22,1.8327218750000034,43.98532500000008,38.04892742592675,45.83333333333333,26.472582540875305,24,1.0,1,1,Tuesday,7,2025-07,0,0.0,1.0,0.0,-1.4615302083333317,15.822880208333336,28.882802638992104,0.3333333333333333,0.7142857142857143,5.246584226190471,2025
2025-07-23,18.861177083333335,452.66825000000006,31.266494758175003,66.66666666666666,27.74152346934086,24,1.0,1,2,Wednesday,7,2025-07,0,1.0,0.0,1.0,1.8327218750000034,-1.4615302083333317,26.472582540875305,0.6666666666666666,0.7142857142857143,4.762012946428567,2025
2025-07-24,-11.945155208333333,-286.683725,83.89138296520977,45.83333333333333,28.941599197587063,24,-1.0,0,3,Thursday,7,2025-07,0,1.0,1.0,0.0,18.861177083333335,1.8327218750000034,27.74152346934086,0.6666666666666666,0.7142857142857143,5.172241666666662,2025
2025-07-25,5.850250000000002,140.40600000000003,31.706097524157926,66.66666666666666,30.04045104421326,24,1.0,1,4,Friday,7,2025-07,0,0.0,1.0,1.0,-11.945155208333333,18.861177083333335,28.941599197587063,0.6666666666666666,0.5714285714285714,3.4613755952380907,2025
2025-07-26,-1.525095833333335,-36.60230000000004,45.5666269664058,70.83333333333334,31.23884551141289,24,-1.0,0,5,Saturday,7,2025-07,1,1.0,0.0,1.0,5.850250000000002,-11.945155208333333,30.04045104421326,0.6666666666666666,0.5714285714285714,0.676244791666662,2025
2025-07-27,14.989873958333332,359.75697499999995,37.8177086712316,79.16666666666666,28.28598895211194,24,1.0,1,6,Sunday,7,2025-07,1,0.0,1.0,0.0,-1.525095833333335,5.850250000000002,31.23884551141289,0.3333333333333333,0.5714285714285714,3.919321130952376,2025
2025-07-28,40.15913977272727,883.501075,23.30364022440723,100.0,29.322904151465977,22,1.0,1,0,Monday,7,2025-07,0,1.0,0.0,1.0,14.989873958333332,-1.525095833333335,28.28598895211194,0.6666666666666666,0.5714285714285714,3.8003202380952326,2025
2025-07-29,11.274416666666665,270.58599999999996,31.941968590755454,62.5,22.84449759240196,24,1.0,1,1,Tuesday,7,2025-07,0,1.0,1.0,0.0,40.15913977272727,14.989873958333332,29.322904151465977,0.6666666666666666,0.7142857142857143,9.746130235389604,2025
2025-07-30,5.452264583333336,130.85435000000007,39.2349414785891,54.166666666666664,24.085821020097146,24,1.0,1,2,Wednesday,7,2025-07,0,1.0,1.0,1.0,11.274416666666665,40.15913977272727,22.84449759240196,1.0,0.7142857142857143,11.09494377705627,2025
2025-07-31,6.919630208333334,166.07112500000002,33.75931689178557,58.333333333333336,24.694499034937213,24,1.0,1,3,Thursday,7,2025-07,0,1.0,1.0,1.0,5.452264583333336,11.274416666666665,24.085821020097146,1.0,0.7142857142857143,9.179384848484842,2025
2025-08-01,18.516628125,444.399075,28.852139960545347,70.83333333333334,24.782654155287428,24,1.0,1,4,Friday,8,2025-08,0,1.0,1.0,1.0,6.919630208333334,5.452264583333336,24.694499034937213,1.0,0.8571428571428571,11.874354193722937,2025
2025-08-02,4.095463541666667,98.29112500000001,41.2384170937237,58.333333333333336,25.00233993060583,24,1.0,1,5,Saturday,8,2025-08,1,1.0,1.0,1.0,18.516628125,6.919630208333334,24.782654155287428,1.0,0.8571428571428571,13.683836783008653,2025
2025-08-03,-11.623793749999997,-278.97104999999993,31.036706608399726,33.33333333333333,26.617473268473713,24,-1.0,0,6,Sunday,8,2025-08,1,1.0,1.0,1.0,4.095463541666667,18.516628125,25.00233993060583,1.0,1.0,14.486773836580081,2025
2025-08-04,2.5435958333333306,61.04629999999993,91.99920350523236,62.5,31.811711336244382,24,1.0,1,0,Monday,8,2025-08,0,0.0,1.0,1.0,-11.623793749999997,4.095463541666667,26.617473268473713,0.6666666666666666,0.8571428571428571,10.684821306818177,2025
2025-08-05,-16.263125,-390.315,54.40816610330359,45.83333333333333,26.427026207731426,24,-1.0,0,1,Tuesday,8,2025-08,0,1.0,0.0,1.0,2.5435958333333306,-11.623793749999997,31.811711336244382,0.6666666666666666,0.8571428571428571,5.311172172619043,2025
2025-08-06,-14.505303947368423,-275.60077500000006,33.86057681301703,26.31578947368421,26.04363368690967,19,-1.0,0,2,Wednesday,8,2025-08,0,0.0,1.0,0.0,-16.263125,2.5435958333333306,26.427026207731426,0.3333333333333333,0.7142857142857143,1.3772376488095186,2025
2025-08-07,18.634382291666668,447.22517500000004,48.60540434211524,66.66666666666666,28.864957961544476,24,1.0,1,3,Thursday,8,2025-08,0,0.0,0.0,1.0,-14.505303947368423,-16.263125,26.04363368690967,0.3333333333333333,0.5714285714285714,-1.473843569862161,2025
2025-08-08,10.865944791666665,260.782675,52.99934027976043,75.0,31.883546283695853,24,1.0,1,4,Friday,8,2025-08,0,1.0,0.0,0.0,18.634382291666668,-14.505303947368423,28.864957961544476,0.3333333333333333,0.5714285714285714,0.199692442042601,2025
2025-08-09,-2.6870260416666683,-64.48862500000004,42.2566765431328,54.166666666666664,27.604433735856897,24,-1.0,0,5,Saturday,8,2025-08,1,1.0,1.0,0.0,10.865944791666665,18.634382291666668,31.883546283695853,0.6666666666666666,0.5714285714285714,-0.8932623198621611,2025
2025-08-10,-3.2759593749999993,-78.62302499999998,34.19892112074639,50.0,27.383450591772885,24,-1.0,0,6,Sunday,8,2025-08,1,0.0,1.0,1.0,-2.6870260416666683,10.865944791666665,27.604433735856897,0.6666666666666666,0.42857142857142855,-1.8621894031954944,2025
2025-08-11,-3.9205135416666685,-94.09232500000005,95.72633380159081,70.83333333333334,31.522312907715715,24,-1.0,0,0,Monday,8,2025-08,0,0.0,0.0,1.0,-3.2759593749999993,-2.6870260416666683,27.383450591772885,0.3333333333333333,0.42857142857142855,-0.669641635338352,2025
2025-08-12,13.852440625,332.458575,54.75057133103122,62.5,30.110805389903337,24,1.0,1,1,Tuesday,8,2025-08,0,0.0,0.0,0.0,-3.9205135416666685,-3.2759593749999993,31.522312907715715,0.0,0.2857142857142857,-1.5930858317669234,2025
2025-08-13,24.443098958333334,586.634375,63.881417605755665,70.83333333333334,24.460327273641695,24,1.0,1,2,Wednesday,8,2025-08,0,1.0,0.0,0.0,13.852440625,-3.9205135416666685,30.110805389903337,0.3333333333333333,0.42857142857142855,2.7091378289473624,2025
2025-08-14,-0.18706704545454966,-4.115475000000092,41.171251108273346,40.909090909090914,25.628444253910697,22,-1.0,0,3,Thursday,8,2025-08,0,1.0,1.0,0.0,24.443098958333334,13.852440625,24.460327273641695,0.6666666666666666,0.5714285714285714,8.273195386904757,2025
2025-08-15,-0.655791666666668,-15.739000000000033,40.79398230915306,54.166666666666664,24.997365607786648,24,-1.0,0,4,Friday,8,2025-08,0,0.0,1.0,1.0,-0.18706704545454966,24.443098958333334,25.628444253910697,0.6666666666666666,0.42857142857142855,5.584416910173154,2025
2025-08-16,8.931916666666668,214.36600000000004,35.19453364176517,58.333333333333336,24.90439619261333,24,1.0,1,5,Saturday,8,2025-08,1,0.0,0.0,1.0,-0.655791666666668,-0.18706704545454966,24.997365607786648,0.3333333333333333,0.2857142857142857,3.9384545589826776,2025
2025-08-17,9.013868750000002,216.33285000000004,34.568563604940515,70.83333333333334,29.09755468017362,24,1.0,1,6,Sunday,8,2025-08,1,1.0,0.0,0.0,8.931916666666668,-0.655791666666668,24.90439619261333,0.3333333333333333,0.42857142857142855,5.598303517316011,2025
2025-08-18,23.698006250000002,568.75215,35.97611929227155,79.16666666666666,21.66813780155608,24,1.0,1,0,Monday,8,2025-08,0,1.0,1.0,0.0,9.013868750000002,8.931916666666668,29.09755468017362,0.6666666666666666,0.5714285714285714,7.353993249458868,2025
2025-08-19,2.647307291666667,63.535375,31.14005325522037,50.0,29.66677510304359,24,1.0,1,1,Tuesday,8,2025-08,0,1.0,1.0,1.0,23.698006250000002,9.013868750000002,21.66813780155608,1.0,0.7142857142857143,11.299496076839821,2025
2025-08-20,9.954621874999999,238.91092499999996,33.14861164190079,66.66666666666666,25.61202667009017,24,1.0,1,2,Wednesday,8,2025-08,0,1.0,1.0,1.0,2.647307291666667,23.698006250000002,29.66677510304359,1.0,0.7142857142857143,9.698762743506489,2025
2025-08-21,10.128744791666668,243.089875,31.22071552506199,66.66666666666666,25.98872791748696,24,1.0,1,3,Thursday,8,2025-08,0,1.0,1.0,1.0,9.954621874999999,2.647307291666667,25.61202667009017,1.0,0.7142857142857143,7.628980303030297,2025
2025-08-22,12.976495833333331,311.43589999999995,31.82927316157171,50.0,24.69835823562855,24,1.0,1,4,Friday,8,2025-08,0,1.0,1.0,1.0,10.128744791666668,9.954621874999999,25.98872791748696,1.0,0.8571428571428571,9.102667708333328,2025
2025-08-23,47.12827708333333,1131.07865,97.20738424898258,75.0,21.164731196266803,24,1.0,1,5,Saturday,8,2025-08,1,1.0,1.0,1.0,12.976495833333331,10.128744791666668,24.69835823562855,1.0,1.0,11.050137351190472,2025
2025-08-24,5.717720833333332,137.22529999999998,36.02072247281739,62.5,25.065009532667073,24,1.0,1,6,Sunday,8,2025-08,1,1.0,1.0,1.0,47.12827708333333,12.976495833333331,21.164731196266803,1.0,1.0,16.50676026785714,2025
2025-08-25,10.837377173913044,249.25967500000002,43.70461241481823,56.52173913043478,26.734646067865732,23,1.0,1,0,Monday,8,2025-08,0,1.0,1.0,1.0,5.717720833333332,47.12827708333333,25.065009532667073,1.0,1.0,16.035881994047614,2025
2025-08-26,26.900903125000003,645.6216750000001,74.31759785085076,70.83333333333334,25.902051182033816,24,1.0,1,1,Tuesday,8,2025-08,0,1.0,1.0,1.0,10.837377173913044,5.717720833333332,26.734646067865732,1.0,1.0,14.198649268892334,2025
2025-08-27,14.472385416666668,347.33725000000004,57.178194306087256,70.83333333333334,26.317026803178084,24,1.0,1,2,Wednesday,8,2025-08,0,1.0,1.0,1.0,26.900903125000003,10.837377173913044,25.902051182033816,1.0,1.0,17.66344867365424,2025
2025-08-28,14.447706250000001,346.74495,41.88482936651891,66.66666666666666,24.60483481657813,24,1.0,1,3,Thursday,8,2025-08,0,1.0,1.0,1.0,14.472385416666668,26.900903125000003,26.317026803178084,1.0,1.0,18.308843465320905,2025
2025-08-29,49.20124270833333,1180.829825,47.970213205371266,87.5,26.51064938390078,24,1.0,1,4,Friday,8,2025-08,0,1.0,1.0,1.0,14.447706250000001,14.472385416666668,24.60483481657813,1.0,1.0,18.925837959368526,2025
2025-08-30,-10.814503125,-259.548075,90.34862770655862,66.66666666666666,26.130568511011063,24,-1.0,0,5,Saturday,8,2025-08,1,1.0,1.0,1.0,49.20124270833333,14.447706250000001,26.51064938390078,1.0,1.0,24.10080179865424,2025
2025-08-31,-11.612180208333333,-278.692325,42.19265424908107,45.83333333333333,23.670093724806282,24,-1.0,0,6,Sunday,8,2025-08,1,0.0,1.0,1.0,-10.814503125,49.20124270833333,26.130568511011063,0.6666666666666666,0.8571428571428571,15.823261768892337,2025
2025-09-01,13.062604166666665,313.50249999999994,42.535583171563346,62.5,28.33862313958323,24,1.0,1,0,Monday,9,2025-09,0,0.0,0.0,1.0,-11.612180208333333,-10.814503125,23.670093724806282,0.3333333333333333,0.7142857142857143,13.34756162008281,2025
2025-09-02,10.508891666666665,252.21339999999998,45.46446995209597,66.66666666666666,31.49631484155093,24,1.0,1,1,Tuesday,9,2025-09,0,1.0,0.0,0.0,13.062604166666665,-11.612180208333333,28.33862313958323,0.3333333333333333,0.7142857142857143,13.665451190476187,2025
2025-09-03,3.626477083333331,87.03544999999994,63.66554694270393,58.333333333333336,29.286473310152505,24,1.0,1,2,Wednesday,9,2025-09,0,1.0,1.0,0.0,10.508891666666665,13.062604166666665,31.49631484155093,0.6666666666666666,0.7142857142857143,11.323735267857137,2025
2025-09-04,18.76540833333333,450.36979999999994,56.88210603413015,75.0,30.91071453856868,24,1.0,1,3,Thursday,9,2025-09,0,1.0,1.0,1.0,3.626477083333331,10.508891666666665,29.286473310152505,1.0,0.7142857142857143,9.774319791666661,2025
2025-09-05,19.8833375,477.2001,23.02462976491389,83.33333333333334,24.354145281581463,24,1.0,1,4,Friday,9,2025-09,0,1.0,1.0,1.0,18.76540833333333,3.626477083333331,30.91071453856868,1.0,0.7142857142857143,10.391134374999993,2025
2025-09-06,10.444915625,250.677975,39.225815878461574,79.16666666666666,25.7631620151606,24,1.0,1,5,Saturday,9,2025-09,1,1.0,1.0,1.0,19.8833375,18.76540833333333,24.354145281581463,1.0,0.7142857142857143,6.202862202380946,2025
2025-09-07,4.257083333333334,102.17000000000002,48.84550628892317,58.333333333333336,28.60671126603242,24,1.0,1,6,Sunday,9,2025-09,1,1.0,1.0,1.0,10.444915625,19.8833375,25.7631620151606,1.0,0.8571428571428571,9.239922023809518,2025
2025-09-08,27.472153124999995,659.3316749999999,63.07759183152719,70.83333333333334,31.340748354995785,24,1.0,1,0,Monday,9,2025-09,0,1.0,1.0,1.0,4.257083333333334,10.444915625,28.60671126603242,1.0,1.0,11.506959672619042,2025
2025-09-09,64.67891041666667,1552.29385,90.97441419956203,79.16666666666666,25.167305807105176,24,1.0,1,1,Tuesday,9,2025-09,0,1.0,1.0,1.0,27.472153124999995,4.257083333333334,31.340748354995785,1.0,1.0,13.56546666666666,2025
2025-09-10,36.76911666666667,882.4588,64.55924747035355,66.66666666666666,22.311527554264064,24,1.0,1,2,Wednesday,9,2025-09,0,1.0,1.0,1.0,64.67891041666667,27.472153124999995,25.167305807105176,1.0,1.0,21.304040773809515,2025
2025-09-11,28.023967708333334,672.575225,44.01691311461652,75.0,29.033082595458822,24,1.0,1,3,Thursday,9,2025-09,0,1.0,1.0,1.0,36.76911666666667,64.67891041666667,22.311527554264064,1.0,1.0,26.038703571428563,2025
2025-09-12,20.567971875,493.631325,57.47377866128355,45.83333333333333,34.0862573481139,24,1.0,1,4,Friday,9,2025-09,0,1.0,1.0,1.0,28.023967708333334,36.76911666666667,29.033082595458822,1.0,1.0,27.36135491071428,2025
2025-09-13,6.086869791666667,146.084875,40.312259097125136,58.333333333333336,24.058211994355904,24,1.0,1,5,Saturday,9,2025-09,1,1.0,1.0,1.0,20.567971875,28.023967708333334,34.0862573481139,1.0,1.0,27.459159821428564,2025
2025-09-14,13.313404166666666,319.5217,40.54823537818118,70.83333333333334,25.630450713888987,24,1.0,1,6,Sunday,9,2025-09,1,1.0,1.0,1.0,6.086869791666667,20.567971875,24.058211994355904,1.0,1.0,26.83658184523809,2025
2025-09-15,27.714596875,665.1503250000001,73.81918167447022,62.5,37.28287999335404,24,1.0,1,0,Monday,9,2025-09,0,1.0,1.0,1.0,13.313404166666666,6.086869791666667,25.630450713888987,1.0,1.0,28.13034196428571,2025
2025-09-16,0.8663625000000014,20.792700000000032,66.15663993102065,45.83333333333333,32.64490564521014,24,1.0,1,1,Tuesday,9,2025-09,0,1.0,1.0,1.0,27.714596875,13.313404166666666,37.28287999335404,1.0,1.0,28.164976785714284,2025
2025-09-17,5.170922916666667,124.10215000000001,45.98798138791968,58.333333333333336,28.638512181160895,24,1.0,1,2,Wednesday,9,2025-09,0,1.0,1.0,1.0,0.8663625000000014,27.714596875,32.64490564521014,1.0,1.0,19.04889851190476,2025
2025-09-18,8.959882291666666,215.037175,42.788331504661386,54.166666666666664,27.839657905477704,24,1.0,1,3,Thursday,9,2025-09,0,1.0,1.0,1.0,5.170922916666667,0.8663625000000014,28.638512181160895,1.0,1.0,14.534870833333327,2025
2025-09-19,15.494128125000005,371.85907500000013,66.97472661250349,66.66666666666666,29.39220314911225,24,1.0,1,4,Friday,9,2025-09,0,1.0,1.0,1.0,8.959882291666666,5.170922916666667,27.839657905477704,1.0,1.0,11.811430059523802,2025
2025-09-20,9.501566666666667,228.0376,47.85744553340651,62.5,25.68588136941528,24,1.0,1,5,Saturday,9,2025-09,1,1.0,1.0,1.0,15.494128125000005,8.959882291666666,29.39220314911225,1.0,1.0,11.086595238095233,2025
2025-09-21,3.852982291666668,92.47157500000003,50.77990021357061,58.333333333333336,27.341570791013467,24,1.0,1,6,Sunday,9,2025-09,1,1.0,1.0,1.0,9.501566666666667,15.494128125000005,25.68588136941528,1.0,1.0,11.574409077380947,2025
2025-09-22,19.70535,472.9284,41.260681774228246,79.16666666666666,29.993023750792485,24,1.0,1,0,Monday,9,2025-09,0,1.0,1.0,1.0,3.852982291666668,9.501566666666667,27.341570791013467,1.0,1.0,10.222920238095233,2025
2025-09-23,26.437497916666672,634.4999500000001,57.6331209845585,62.5,29.916463175781487,24,1.0,1,1,Tuesday,9,2025-09,0,1.0,1.0,1.0,19.70535,3.852982291666668,29.993023750792485,1.0,1.0,9.078742113095233,2025
2025-09-24,-14.441628125,-346.59907499999997,59.09416741048972,45.83333333333333,32.12532246097205,24,-1.0,0,2,Wednesday,9,2025-09,0,1.0,1.0,1.0,26.437497916666672,19.70535,29.916463175781487,1.0,1.0,12.731761458333327,2025
2025-09-25,-25.362875000000003,-608.7090000000001,90.12489395696802,45.83333333333333,18.49108847287766,24,-1.0,0,3,Thursday,9,2025-09,0,0.0,1.0,1.0,-14.441628125,26.437497916666672,32.12532246097205,0.6666666666666666,0.8571428571428571,9.929968452380947,2025
2025-09-26,24.412328125000002,585.895875,54.20059014943196,70.83333333333334,21.565302927609277,24,1.0,1,4,Friday,9,2025-09,0,0.0,0.0,1.0,-25.362875000000003,-14.441628125,18.49108847287766,0.3333333333333333,0.7142857142857143,5.026717410714281,2025
2025-09-27,18.72290416666667,449.34970000000004,40.68073340749884,66.66666666666666,24.703731836246963,24,1.0,1,5,Saturday,9,2025-09,1,1.0,0.0,0.0,24.412328125000002,-25.362875000000003,21.565302927609277,0.3333333333333333,0.7142857142857143,6.3007459821428515,2025
2025-09-28,45.84745833333333,1100.339,53.91230578245477,87.5,25.943292947318074,24,1.0,1,6,Sunday,9,2025-09,1,1.0,1.0,0.0,18.72290416666667,24.412328125000002,24.703731836246963,0.6666666666666666,0.7142857142857143,7.61807991071428,2025
2025-09-29,45.534363541666664,1092.824725,73.34852428765404,79.16666666666666,31.632808638183974,24,1.0,1,0,Monday,9,2025-09,0,1.0,1.0,1.0,45.84745833333333,18.72290416666667,25.943292947318074,1.0,0.7142857142857143,13.617290773809518,2025
2025-09-30,33.613609374999996,806.7266249999999,77.98487172456417,75.0,29.27313608168629,24,1.0,1,1,Tuesday,9,2025-09,0,1.0,1.0,1.0,45.534363541666664,45.84745833333333,31.632808638183974,1.0,0.7142857142857143,17.30714985119047,2025
2025-10-01,39.344823958333336,944.2757750000001,45.26017225860217,75.0,24.577041518729633,24,1.0,1,2,Wednesday,10,2025-10,0,1.0,1.0,1.0,33.613609374999996,45.534363541666664,29.27313608168629,1.0,0.7142857142857143,18.332308630952372,2025
2025-10-02,43.151473958333334,1035.635375,61.32756256232639,79.16666666666666,21.543262721497232,24,1.0,1,3,Thursday,10,2025-10,0,1.0,1.0,1.0,39.344823958333336,33.613609374999996,24.577041518729633,1.0,0.8571428571428571,26.016087499999994,2025
2025-10-03,4.854456249999999,116.50694999999997,35.69752862251054,45.83333333333333,29.106061931797395,24,1.0,1,4,Friday,10,2025-10,0,1.0,1.0,1.0,43.151473958333334,39.344823958333336,21.543262721497232,1.0,1.0,35.80385163690476,2025
2025-10-04,-77.26492604166667,-1854.358225,119.739529611751,37.5,35.59680751127929,24,-1.0,0,5,Saturday,10,2025-10,1,1.0,1.0,1.0,4.854456249999999,43.151473958333334,29.106061931797395,1.0,1.0,33.009869940476186,2025
2025-10-05,-63.001585416666664,-1512.0380499999999,117.8800495762667,33.33333333333333,25.63912920246811,24,-1.0,0,6,Sunday,10,2025-10,1,0.0,1.0,1.0,-77.26492604166667,4.854456249999999,35.59680751127929,0.6666666666666666,0.8571428571428571,19.297322767857136,2025
2025-10-06,-13.072107291666663,-313.73057499999993,99.87772614534747,58.333333333333336,28.50788738787665,24,-1.0,0,0,Monday,10,2025-10,0,0.0,0.0,1.0,-63.001585416666664,-77.26492604166667,25.63912920246811,0.3333333333333333,0.7142857142857143,3.7474593749999943,2025
2025-10-07,45.257803125,1086.187275,54.336899434488465,83.33333333333334,26.221828943920144,24,1.0,1,1,Tuesday,10,2025-10,0,0.0,0.0,0.0,-13.072107291666663,-63.001585416666664,28.50788738787665,0.0,0.5714285714285714,-4.624893601190481,2025
2025-10-08,76.16155729166667,1827.877375,58.748479264154014,91.66666666666666,25.72485623544004,24,1.0,1,2,Wednesday,10,2025-10,0,1.0,0.0,0.0,45.257803125,-13.072107291666663,26.221828943920144,0.3333333333333333,0.5714285714285714,-2.96143735119048,2025
2025-10-09,44.29543854166667,1063.090525,32.196274950462204,91.66666666666666,26.6777262314192,24,1.0,1,3,Thursday,10,2025-10,0,1.0,1.0,0.0,76.16155729166667,45.257803125,25.72485623544004,0.6666666666666666,0.5714285714285714,2.2980959821428533,2025
2025-10-10,-0.15171562499999966,-3.6411749999999916,63.43849507099795,54.166666666666664,29.201147397018318,24,-1.0,0,4,Friday,10,2025-10,0,1.0,1.0,1.0,44.29543854166667,76.16155729166667,26.6777262314192,1.0,0.5714285714285714,2.4615194940476153,2025
2025-10-11,6.569188541666669,157.66052500000006,24.974792053796552,70.83333333333334,24.72135135254662,24,1.0,1,5,Saturday,10,2025-10,1,0.0,1.0,1.0,-0.15171562499999966,44.29543854166667,29.201147397018318,0.6666666666666666,0.42857142857142855,1.74635208333333,2025
2025-10-12,18.858664583333333,452.60795,23.781149832448495,83.33333333333334,23.625379943998215,24,1.0,1,6,Sunday,10,2025-10,1,1.0,0.0,1.0,6.569188541666669,-0.15171562499999966,24.72135135254662,0.6666666666666666,0.5714285714285714,13.722654166666663,2025
2025-10-13,55.111646875,1322.679525,61.37430180096018,91.66666666666666,32.605095378820856,24,1.0,1,0,Monday,10,2025-10,0,1.0,1.0,0.0,18.858664583333333,6.569188541666669,23.625379943998215,0.6666666666666666,0.7142857142857143,25.416975595238092,2025
2025-10-14,50.07035625,1201.68855,104.32531115172975,79.16666666666666,26.53008231683498,24,1.0,1,1,Tuesday,10,2025-10,0,1.0,1.0,1.0,55.111646875,18.858664583333333,32.605095378820856,1.0,0.8571428571428571,35.157511904761904,2025
2025-10-15,26.59437916666667,638.2651000000001,36.152271765625386,75.0,25.55359223073809,24,1.0,1,2,Wednesday,10,2025-10,0,1.0,1.0,1.0,50.07035625,55.111646875,26.53008231683498,1.0,0.8571428571428571,35.84501949404762,2025
2025-10-16,2.76331770833333,66.31962499999992,54.5011791833934,62.5,28.229678548790023,24,1.0,1,3,Thursday,10,2025-10,0,1.0,1.0,1.0,26.59437916666667,50.07035625,25.55359223073809,1.0,0.8571428571428571,28.763994047619047,2025
2025-10-17,3.412998958333335,81.91197500000004,78.36170366776277,62.5,25.1339579652354,24,1.0,1,4,Friday,10,2025-10,0,1.0,1.0,1.0,2.76331770833333,26.59437916666667,28.229678548790023,1.0,0.8571428571428571,22.830833928571426,2025
2025-10-18,43.128191666666666,905.692025,68.44636297241956,71.42857142857143,24.268591474421264,21,1.0,1,5,Saturday,10,2025-10,1,1.0,1.0,1.0,3.412998958333335,2.76331770833333,25.1339579652354,1.0,1.0,23.34007886904762,2025
2025-10-19,32.12979479166667,771.115075,50.274772379786526,66.66666666666666,23.55648494717941,24,1.0,1,6,Sunday,10,2025-10,1,1.0,1.0,1.0,43.128191666666666,3.412998958333335,24.268591474421264,1.0,1.0,28.562793601190474,2025
2025-10-20,43.07725869565217,990.7769499999999,79.26032843418135,78.26086956521739,28.116841241869363,23,1.0,1,0,Monday,10,2025-10,0,1.0,1.0,1.0,32.12979479166667,43.128191666666666,23.55648494717941,1.0,1.0,30.458669345238093,2025
2025-10-21,2.9483144736842077,56.01797499999995,109.92070740067314,68.42105263157895,24.715719147259662,19,1.0,1,1,Tuesday,10,2025-10,0,1.0,1.0,1.0,43.07725869565217,32.12979479166667,28.116841241869363,1.0,1.0,28.739471033902692,2025
2025-10-22,16.923708333333334,355.397875,81.38283378585412,57.14285714285714,21.448412957762667,21,1.0,1,2,Wednesday,10,2025-10,0,1.0,1.0,1.0,2.9483144736842077,43.07725869565217,24.715719147259662,1.0,1.0,22.00775078014329,2025
2025-10-23,-234.63408958333332,-5631.21815,425.9943861897855,29.166666666666668,25.04009670027557,24,-1.0,0,3,Thursday,10,2025-10,0,1.0,1.0,1.0,16.923708333333334,2.9483144736842077,21.448412957762667,1.0,1.0,20.626226375381385,2025
2025-10-24,51.78113333333334,1242.7472,72.78237954286993,83.33333333333334,24.578228302722735,24,1.0,1,4,Friday,10,2025-10,0,0.0,1.0,1.0,-234.63408958333332,16.923708333333334,25.04009670027557,0.6666666666666666,0.8571428571428571,-13.287688951999566,2025
2025-10-25,-0.09724583333333452,-2.3339000000000283,59.85407756637754,58.333333333333336,23.76744299897494,24,-1.0,0,5,Saturday,10,2025-10,1,1.0,0.0,1.0,51.78113333333334,-234.63408958333332,24.578228302722735,0.6666666666666666,0.8571428571428571,-6.377955469856708,2025
2025-10-26,7.8162913043478275,179.77470000000002,31.467416297779547,56.52173913043478,29.72259248848638,23,1.0,1,6,Sunday,10,2025-10,1,0.0,1.0,0.0,-0.09724583333333452,51.78113333333334,23.76744299897494,0.3333333333333333,0.7142857142857143,-12.553017969856707,2025
2025-10-27,41.36707673611111,992.8098416666667,103.9946912723624,58.333333333333336,25.45498056113969,24,1.0,1,0,Monday,10,2025-10,0,1.0,0.0,1.0,7.8162913043478275,-0.09724583333333452,29.72259248848638,0.6666666666666666,0.7142857142857143,-16.026375610902257,2025
2025-10-28,38.278054347826085,880.39525,49.03165617031989,73.91304347826086,24.13475704593367,23,1.0,1,1,Tuesday,10,2025-10,0,1.0,1.0,0.0,41.36707673611111,7.8162913043478275,25.45498056113969,0.6666666666666666,0.7142857142857143,-16.270687319408122,2025
2025-10-29,4.8422968750000015,116.21512500000003,50.8756413051447,45.83333333333333,25.21473212761848,24,1.0,1,2,Wednesday,10,2025-10,0,1.0,1.0,1.0,38.278054347826085,41.36707673611111,24.13475704593367,1.0,0.7142857142857143,-11.22358162310214,2025
2025-10-30,-4.1312250000000015,-99.14940000000004,94.11518448677693,58.333333333333336,23.746422226610914,24,-1.0,0,3,Thursday,10,2025-10,0,1.0,1.0,1.0,4.8422968750000015,38.278054347826085,25.21473212761848,1.0,0.7142857142857143,-12.949497545721186,2025
2025-10-31,10.967309375000001,263.21542500000004,86.56006319810628,62.5,24.993742511708074,24,1.0,1,4,Friday,10,2025-10,0,0.0,1.0,1.0,-4.1312250000000015,4.8422968750000015,23.746422226610914,0.6666666666666666,0.7142857142857143,19.979483109040718,2025
2025-11-01,7.566378125000001,181.59307500000003,48.25434453426488,62.5,23.995744391169385,24,1.0,1,5,Saturday,11,2025-11,1,1.0,0.0,1.0,10.967309375000001,-4.1312250000000015,24.993742511708074,0.6666666666666666,0.7142857142857143,14.14893682927881,2025
2025-11-02,14.606621874999997,350.55892499999993,23.714943374375867,66.66666666666666,21.26006636869703,24,1.0,1,6,Sunday,11,2025-11,1,1.0,1.0,0.0,7.566378125000001,10.967309375000001,23.995744391169385,0.6666666666666666,0.8571428571428571,15.24374025189786,2025
2025-11-03,24.264580208333328,582.3499249999999,28.362363005842123,79.16666666666666,21.984914114076332,24,1.0,1,0,Monday,11,2025-11,0,1.0,1.0,1.0,14.606621874999997,7.566378125000001,21.26006636869703,1.0,0.8571428571428571,16.213787476276742,2025
2025-11-04,-59.16550588235295,-1005.8136000000002,274.0011362943792,58.82352941176471,25.23689726615878,17,-1.0,0,1,Tuesday,11,2025-11,0,1.0,1.0,1.0,24.264580208333328,14.606621874999997,21.984914114076332,1.0,0.8571428571428571,13.7705736865942,2025
2025-11-05,18.711645454545454,205.8281,25.731523085676983,72.72727272727273,22.28329175840348,11,1.0,1,2,Wednesday,11,2025-11,0,0.0,1.0,1.0,-59.16550588235295,24.264580208333328,25.23689726615878,0.6666666666666666,0.7142857142857143,-0.14993491771709191,2025
2025-11-06,3.010517708333333,72.25242499999999,36.40118121445037,70.83333333333334,21.485515158324194,24,1.0,1,3,Thursday,11,2025-11,0,1.0,0.0,1.0,18.711645454545454,-59.16550588235295,22.28329175840348,0.6666666666666666,0.7142857142857143,1.831400593646544,2025
2025-11-07,13.682885416666666,328.38925,46.44457887373725,70.83333333333334,22.013642751558567,24,1.0,1,4,Friday,11,2025-11,0,1.0,1.0,0.0,3.010517708333333,18.711645454545454,21.485515158324194,0.6666666666666666,0.8571428571428571,2.8516495519798775,2025
2025-11-08,6.617586458333331,158.82207499999993,51.92820713257056,70.83333333333334,24.189122218520797,24,1.0,1,5,Saturday,11,2025-11,1,1.0,1.0,1.0,13.682885416666666,3.010517708333333,22.013642751558567,1.0,0.8571428571428571,3.239588986503687,2025
2025-11-09,17.62324166666667,422.9578,30.216971378155964,83.33333333333334,22.79235982136925,24,1.0,1,6,Sunday,11,2025-11,1,1.0,1.0,1.0,6.617586458333331,13.682885416666666,24.189122218520797,1.0,0.8571428571428571,3.10404731983702,2025
2025-11-10,28.168010416666664,676.03225,20.57574499571765,95.83333333333334,25.20996707734751,24,1.0,1,0,Monday,11,2025-11,0,1.0,1.0,1.0,17.62324166666667,6.617586458333331,22.79235982136925,1.0,0.8571428571428571,3.5349930043608304,2025
2025-11-11,27.574828125,661.795875,20.412603833604376,95.83333333333334,23.561385780777872,24,1.0,1,1,Tuesday,11,2025-11,0,1.0,1.0,1.0,28.168010416666664,17.62324166666667,25.20996707734751,1.0,0.8571428571428571,4.092625891265593,2025
2025-11-12,14.395473958333332,345.49137499999995,39.51569732885844,66.66666666666666,24.232639294340668,24,1.0,1,2,Wednesday,11,2025-11,0,1.0,1.0,1.0,27.574828125,28.168010416666664,23.561385780777872,1.0,1.0,16.4841021780303,2025
2025-11-13,9.519101041666664,228.45842499999995,78.90514668268548,45.83333333333333,28.488834987362385,24,1.0,1,3,Thursday,11,2025-11,0,1.0,1.0,1.0,14.395473958333332,27.574828125,24.232639294340668,1.0,1.0,15.867506249999996,2025
2025-11-14,19.60753229166667,470.580775,25.57773939270036,79.16666666666666,24.563856314842898,24,1.0,1,4,Friday,11,2025-11,0,1.0,1.0,1.0,9.519101041666664,14.395473958333332,28.488834987362385,1.0,1.0,16.797303869047614,2025
2025-11-15,22.94668854166667,550.7205250000001,32.20107610491894,75.0,21.69130716835704,24,1.0,1,5,Saturday,11,2025-11,1,1.0,1.0,1.0,19.60753229166667,9.519101041666664,24.563856314842898,1.0,1.0,17.643681994047615,2025
2025-11-16,12.546545833333335,301.11710000000005,23.137789810782944,79.16666666666666,21.405751064288577,24,1.0,1,6,Sunday,11,2025-11,1,1.0,1.0,1.0,22.94668854166667,19.60753229166667,21.69130716835704,1.0,1.0,19.976410863095236,2025
2025-11-17,13.041938541666667,313.006525,19.81945072581996,75.0,23.3018882007798,24,1.0,1,0,Monday,11,2025-11,0,1.0,1.0,1.0,12.546545833333335,22.94668854166667,21.405751064288577,1.0,1.0,19.251168601190475,2025
2025-11-18,17.413580208333332,417.925925,12.14232090448746,91.66666666666666,21.200334754012385,24,1.0,1,1,Tuesday,11,2025-11,0,1.0,1.0,1.0,13.041938541666667,12.546545833333335,23.3018882007798,1.0,1.0,17.090301190476186,2025
2025-11-19,17.637743750000002,423.3058500000001,36.47209982028196,87.5,20.096323935919802,24,1.0,1,2,Wednesday,11,2025-11,0,1.0,1.0,1.0,17.413580208333332,13.041938541666667,21.200334754012385,1.0,1.0,15.638694345238093,2025
2025-11-20,35.55081666666667,853.2196000000001,28.022110426251164,95.83333333333334,22.488251935964986,24,1.0,1,3,Thursday,11,2025-11,0,1.0,1.0,1.0,17.637743750000002,17.413580208333332,20.096323935919802,1.0,1.0,16.101875744047618,2025
2025-11-21,42.17281666666666,1012.1475999999999,44.80582000959788,95.83333333333334,25.984043307440846,24,1.0,1,4,Friday,11,2025-11,0,1.0,1.0,1.0,35.55081666666667,17.637743750000002,22.488251935964986,1.0,1.0,19.82069226190476,2025
2025-11-22,-9.662948958333333,-231.910775,25.313444574988292,37.5,25.539698967625032,24,-1.0,0,5,Saturday,11,2025-11,1,1.0,1.0,1.0,42.17281666666666,35.55081666666667,25.984043307440846,1.0,1.0,23.044304315476186,2025
2025-11-23,-6.176927083333332,-148.24624999999997,31.37616137793437,37.5,21.634743522516377,24,-1.0,0,6,Sunday,11,2025-11,1,0.0,1.0,1.0,-9.662948958333333,42.17281666666666,25.539698967625032,0.6666666666666666,0.8571428571428571,18.385784672619046,2025
2025-11-24,54.578496875000006,1309.883925,64.60052941179003,79.16666666666666,26.309698829906083,24,1.0,1,0,Monday,11,2025-11,0,0.0,0.0,1.0,-6.176927083333332,-9.662948958333333,21.634743522516377,0.3333333333333333,0.7142857142857143,15.711002827380948,2025
2025-11-25,65.88992083333333,1581.3581,70.29047374990952,75.0,25.93021404199493,24,1.0,1,1,Tuesday,11,2025-11,0,1.0,0.0,0.0,54.578496875000006,-6.176927083333332,26.309698829906083,0.3333333333333333,0.7142857142857143,21.644796874999997,2025
2025-11-26,8.18464166666667,196.43140000000008,54.019234114867686,70.83333333333334,24.384412287965564,24,1.0,1,2,Wednesday,11,2025-11,0,1.0,1.0,0.0,65.88992083333333,54.578496875000006,25.93021404199493,0.6666666666666666,0.7142857142857143,28.569988392857145,2025
2025-11-27,27.007684374999997,648.1844249999999,35.268065953583196,70.83333333333334,26.06915012240394,24,1.0,1,3,Thursday,11,2025-11,0,1.0,1.0,1.0,8.18464166666667,65.88992083333333,24.384412287965564,1.0,0.7142857142857143,27.219545238095236,2025
2025-11-28,19.203518750000004,460.8844500000001,20.59873371655542,87.5,24.91952293910388,24,1.0,1,4,Friday,11,2025-11,0,1.0,1.0,1.0,27.007684374999997,8.18464166666667,26.06915012240394,1.0,0.7142857142857143,25.99909776785714,2025
2025-11-29,36.70997083333334,881.0393000000001,22.750815540317387,95.83333333333334,23.196377397091585,24,1.0,1,5,Saturday,11,2025-11,1,1.0,1.0,1.0,19.203518750000004,27.007684374999997,24.91952293910388,1.0,0.7142857142857143,22.717769494047616,2025
2025-11-30,8.736363541666666,209.67272499999999,32.65122048569196,75.0,24.63641742993337,24,1.0,1,6,Sunday,11,2025-11,1,1.0,1.0,1.0,36.70997083333334,19.203518750000004,23.196377397091585,1.0,0.8571428571428571,29.34247232142857,2025
2025-12-01,38.3110625,919.4655,61.78665149197487,66.66666666666666,29.43950536118469,24,1.0,1,0,Monday,12,2025-12,0,1.0,1.0,1.0,8.736363541666666,36.70997083333334,24.63641742993337,1.0,1.0,31.472942410714285,2025
2025-12-02,47.908282291666666,1149.798775,44.96333642842805,91.66666666666666,37.786858039329104,24,1.0,1,1,Tuesday,12,2025-12,0,1.0,1.0,1.0,38.3110625,8.736363541666666,29.43950536118469,1.0,1.0,29.149023214285712,2025
2025-12-03,36.818440625,883.6425750000001,43.32854250936198,83.33333333333334,30.164182899637336,24,1.0,1,2,Wednesday,12,2025-12,0,1.0,1.0,1.0,47.908282291666666,38.3110625,37.786858039329104,1.0,1.0,26.580217708333326,2025
2025-12-04,51.05531875,1225.32765,33.55367034873111,100.0,22.345998177988804,24,1.0,1,3,Thursday,12,2025-12,0,1.0,1.0,1.0,36.818440625,47.908282291666666,30.164182899637336,1.0,1.0,30.670760416666663,2025
2025-12-05,21.870089583333336,524.88215,20.836578930359046,91.66666666666666,24.44582357782895,24,1.0,1,4,Friday,12,2025-12,0,1.0,1.0,1.0,51.05531875,36.818440625,22.345998177988804,1.0,1.0,34.10613675595238,2025
2025-12-06,37.60161145833334,902.4386750000001,25.0490262862423,95.83333333333334,25.317486378994065,24,1.0,1,5,Saturday,12,2025-12,1,1.0,1.0,1.0,21.870089583333336,51.05531875,24.44582357782895,1.0,1.0,34.48707544642857,2025
2025-12-07,6.41611666666667,153.98680000000007,46.766656666693805,70.83333333333334,24.044369725076148,24,1.0,1,6,Sunday,12,2025-12,1,1.0,1.0,1.0,37.60161145833334,21.870089583333336,25.317486378994065,1.0,1.0,34.614452678571425,2025
2025-12-08,11.443559375000001,274.64542500000005,23.026138640810032,62.5,22.33769427514156,24,1.0,1,0,Monday,12,2025-12,0,1.0,1.0,1.0,6.41611666666667,37.60161145833334,24.044369725076148,1.0,1.0,34.282988839285714,2025
2025-12-09,19.128673958333334,459.08817500000004,31.15864300270077,70.83333333333334,21.632718842808192,24,1.0,1,1,Tuesday,12,2025-12,0,1.0,1.0,1.0,11.443559375000001,6.41611666666667,22.33769427514156,1.0,1.0,30.444774107142855,2025
2025-12-10,9.956207291666667,238.94897500000002,23.72034672270751,66.66666666666666,17.175878105676357,24,1.0,1,2,Wednesday,12,2025-12,0,1.0,1.0,1.0,19.128673958333334,11.443559375000001,21.632718842808192,1.0,1.0,26.333401488095234,2025
2025-12-11,18.48982023809524,388.28622500000006,35.12793975339432,71.42857142857143,24.12718933382401,21,1.0,1,3,Thursday,12,2025-12,0,1.0,1.0,1.0,9.956207291666667,19.128673958333334,17.175878105676357,1.0,1.0,22.495939583333328,2025
2025-12-12,13.121681249999996,314.9203499999999,24.00719507046528,75.0,21.181912443932188,24,1.0,1,4,Friday,12,2025-12,0,1.0,1.0,1.0,18.48982023809524,9.956207291666667,24.12718933382401,1.0,1.0,17.843725510204077,2025
2025-12-13,2.521320833333334,60.51170000000002,18.42055104953029,75.0,20.093567858289155,24,1.0,1,5,Saturday,12,2025-12,1,1.0,1.0,1.0,13.121681249999996,18.48982023809524,21.181912443932188,1.0,1.0,16.59395289115646,2025
2025-12-14,3.014832291666668,72.35597500000003,23.381931742538804,62.5,26.289548600292466,24,1.0,1,6,Sunday,12,2025-12,1,1.0,1.0,1.0,2.521320833333334,13.121681249999996,20.093567858289155,1.0,1.0,11.582482801870745,2025
2025-12-15,17.729031250000002,425.49675,55.26630549637898,79.16666666666666,23.381509883569862,24,1.0,1,0,Monday,12,2025-12,0,1.0,1.0,1.0,3.014832291666668,2.521320833333334,26.289548600292466,1.0,1.0,11.096585034013602,2025
2025-12-16,26.469614583333335,635.27075,41.14642806258727,75.0,21.73350466937806,24,1.0,1,1,Tuesday,12,2025-12,0,1.0,1.0,1.0,17.729031250000002,3.014832291666668,23.381509883569862,1.0,1.0,11.99450958758503,2025
2025-12-17,41.35846875,992.60325,30.111046348521093,91.66666666666666,24.81884491977898,24,1.0,1,2,Wednesday,12,2025-12,0,1.0,1.0,1.0,26.469614583333335,17.729031250000002,21.73350466937806,1.0,1.0,13.043215391156457,2025
2025-12-18,37.8100625,907.4415,34.369542994144666,83.33333333333334,21.913060748612892,24,1.0,1,3,Thursday,12,2025-12,0,1.0,1.0,1.0,41.35846875,26.469614583333335,24.81884491977898,1.0,1.0,17.529252742346934,2025
2025-12-19,58.35221739130435,1342.101,48.83838433607881,91.30434782608695,28.00422525499493,23,1.0,1,4,Friday,12,2025-12,0,1.0,1.0,1.0,37.8100625,41.35846875,21.913060748612892,1.0,1.0,20.289287351190474,2025
2025-12-20,-3.6817499999999996,-88.362,12.167793181717197,37.5,21.19940262279769,24,-1.0,0,5,Saturday,12,2025-12,1,1.0,1.0,1.0,58.35221739130435,37.8100625,28.00422525499493,1.0,1.0,26.750792514233954,2025
2025-12-21,19.430937500000002,466.34250000000003,17.348346339757708,79.16666666666666,23.06228258135201,24,1.0,1,6,Sunday,12,2025-12,1,0.0,1.0,1.0,-3.6817499999999996,58.35221739130435,21.19940262279769,0.6666666666666666,0.8571428571428571,25.864639538043473,2025
2025-12-22,7.574177083333332,181.78024999999997,25.52117448896274,66.66666666666666,23.578087657976372,24,1.0,1,0,Monday,12,2025-12,0,1.0,0.0,1.0,19.430937500000002,-3.6817499999999996,23.06228258135201,0.6666666666666666,0.8571428571428571,28.20979742494824,2025
2025-12-23,-3.462697916666666,-83.10474999999998,37.58237769611397,41.66666666666667,22.980152678063543,24,-1.0,0,1,Tuesday,12,2025-12,0,1.0,1.0,0.0,7.574177083333332,19.430937500000002,23.578087657976372,0.6666666666666666,0.8571428571428571,26.759103972567285,2025
2025-12-24,7.824916666666667,187.798,31.172175857285556,62.5,17.683702351195123,24,1.0,1,2,Wednesday,12,2025-12,0,0.0,1.0,1.0,-3.462697916666666,7.574177083333332,22.980152678063543,0.6666666666666666,0.7142857142857143,22.483059329710137,2025
2025-12-25,-9.440989583333334,-226.58375,27.541569670511652,50.0,20.00322933578286,24,-1.0,0,3,Thursday,12,2025-12,0,1.0,0.0,1.0,7.824916666666667,-3.462697916666666,17.683702351195123,0.6666666666666666,0.7142857142857143,17.69255188923395,2025
2025-12-26,3.2229791666666663,77.35149999999999,23.50765639208767,58.333333333333336,18.51349972234149,24,1.0,1,4,Friday,12,2025-12,0,0.0,1.0,0.0,-9.440989583333334,7.824916666666667,20.00322933578286,0.3333333333333333,0.5714285714285714,10.942401591614905,2025
2025-12-27,15.666864583333336,376.00475000000006,18.822943098404043,83.33333333333334,22.014261743257137,24,1.0,1,5,Saturday,12,2025-12,1,1.0,0.0,1.0,3.2229791666666663,-9.440989583333334,18.51349972234149,0.6666666666666666,0.5714285714285714,3.0667961309523766,2025
2025-12-28,10.97775,263.466,20.668795066739367,79.16666666666666,22.084456116636762,24,1.0,1,6,Sunday,12,2025-12,1,1.0,1.0,0.0,15.666864583333336,3.2229791666666663,22.014261743257137,0.6666666666666666,0.7142857142857143,5.830883928571425,2025
2025-12-29,6.551375000000001,157.23300000000003,12.862861086113469,70.83333333333334,21.944503757222595,24,1.0,1,0,Monday,12,2025-12,0,1.0,1.0,1.0,10.97775,15.666864583333336,22.084456116636762,1.0,0.7142857142857143,4.62328571428571,2025
2025-12-30,11.854843750000002,284.51625000000007,23.461466085812283,66.66666666666666,20.873524422086096,24,1.0,1,1,Tuesday,12,2025-12,0,1.0,1.0,1.0,6.551375000000001,10.97775,21.944503757222595,1.0,0.7142857142857143,4.477171130952377,2025
2025-12-31,-6.321645833333334,-151.7195,25.25474658732026,37.5,24.270794286248407,24,-1.0,0,2,Wednesday,12,2025-12,0,1.0,1.0,1.0,11.854843750000002,6.551375000000001,20.873524422086096,1.0,0.8571428571428571,6.665391369047616,2025
2026-01-01,-13.918032291666668,-334.032775,26.836096195090406,29.166666666666668,26.4882426660327,24,-1.0,0,3,Thursday,1,2026-01,0,0.0,1.0,1.0,-6.321645833333334,11.854843750000002,24.270794286248407,0.6666666666666666,0.7142857142857143,4.644453869047616,Jan 2026
2026-01-02,3.1433729166666655,75.44094999999997,18.92725450127913,58.333333333333336,22.18241225267242,24,1.0,1,4,Friday,1,2026-01,0,0.0,0.0,1.0,-13.918032291666668,-6.321645833333334,26.4882426660327,0.3333333333333333,0.7142857142857143,4.004876339285711,Jan 2026
2026-01-03,-12.653527083333332,-303.68465,18.304294958287674,12.5,23.14757209580156,24,-1.0,0,5,Saturday,1,2026-01,1,1.0,0.0,0.0,3.1433729166666655,-13.918032291666668,22.18241225267242,0.3333333333333333,0.7142857142857143,3.993504017857139,Jan 2026
2026-01-04,3.6575760869565244,84.12425000000006,24.66076150227583,47.82608695652174,29.274725775699444,23,1.0,1,6,Sunday,1,2026-01,1,0.0,1.0,0.0,-12.653527083333332,3.1433729166666655,23.14757209580156,0.3333333333333333,0.5714285714285714,-0.05226622023809898,Jan 2026
2026-01-05,-52.044792708333325,-1249.0750249999999,75.4205360048926,8.333333333333332,28.65822755337997,24,-1.0,0,0,Monday,1,2026-01,0,1.0,0.0,1.0,3.6575760869565244,-12.653527083333332,29.274725775699444,0.6666666666666666,0.5714285714285714,-1.0980053506728813,Jan 2026
2026-01-06,-20.701030208333325,-496.8247249999998,20.668761698792363,16.666666666666664,28.00161485240987,24,-1.0,0,1,Tuesday,1,2026-01,0,0.0,1.0,0.0,-52.044792708333325,3.6575760869565244,28.65822755337997,0.3333333333333333,0.42857142857142855,-9.468886451863357,Jan 2026
2026-01-07,-27.647445833333325,-663.5386999999998,52.39886681487308,33.33333333333333,24.03388696217888,24,-1.0,0,2,Wednesday,1,2026-01,0,0.0,0.0,1.0,-20.701030208333325,-52.044792708333325,28.00161485240987,0.3333333333333333,0.2857142857142857,-14.119725588768118,Jan 2026
2026-01-08,-16.16732187500001,-388.0157250000002,39.67768747965909,20.833333333333336,22.934954126631705,24,-1.0,0,3,Thursday,1,2026-01,0,0.0,0.0,0.0,-27.647445833333325,-20.701030208333325,24.03388696217888,0.0,0.2857142857142857,-17.166268445910973,Jan 2026
2026-01-09,-25.058932291666668,-601.4143750000001,75.6049669684672,20.833333333333336,26.415409303696205,24,-1.0,0,4,Friday,1,2026-01,0,0.0,0.0,0.0,-16.16732187500001,-27.647445833333325,22.934954126631705,0.0,0.2857142857142857,-17.48759552924431,Jan 2026
2026-01-10,-10.579414583333334,-253.90595,28.041069526920374,20.833333333333336,22.173716755129103,24,-1.0,0,5,Saturday,1,2026-01,1,0.0,0.0,0.0,-25.058932291666668,-16.16732187500001,26.415409303696205,0.0,0.14285714285714285,-21.516496273291928,Jan 2026
2026-01-11,8.686772916666667,208.48255,17.592761866718696,70.83333333333334,23.250296433540438,24,1.0,1,6,Sunday,1,2026-01,1,0.0,0.0,0.0,-10.579414583333334,-25.058932291666668,22.173716755129103,0.0,0.14285714285714285,-21.22019448757764,Jan 2026
2026-01-12,49.672425000000004,1192.1382,83.08654384319244,75.0,26.801115393598366,24,1.0,1,0,Monday,1,2026-01,0,1.0,0.0,0.0,8.686772916666667,-10.579414583333334,23.250296433540438,0.3333333333333333,0.14285714285714285,-20.50173779761905,Jan 2026
2026-01-13,-12.163355208333337,-291.9205250000001,75.38235734912043,41.66666666666667,26.52994969882141,24,-1.0,0,1,Tuesday,1,2026-01,0,1.0,1.0,0.0,49.672425000000004,8.686772916666667,26.801115393598366,0.6666666666666666,0.2857142857142857,-5.970706696428572,Jan 2026
2026-01-14,39.05504479166667,937.3210750000001,45.60516178079754,79.16666666666666,22.596842797179804,24,1.0,1,2,Wednesday,1,2026-01,0,0.0,1.0,1.0,-12.163355208333337,49.672425000000004,26.52994969882141,0.6666666666666666,0.2857142857142857,-4.751038839285718,Jan 2026
2026-01-15,25.32750416666667,607.8601000000001,33.586882476248036,91.66666666666666,24.194351726091067,24,1.0,1,3,Thursday,1,2026-01,0,1.0,0.0,1.0,39.05504479166667,-12.163355208333337,22.596842797179804,0.6666666666666666,0.42857142857142855,4.777888392857138,Jan 2026
2026-01-16,-2.4132854166666675,-57.91885000000002,111.81180285195404,70.83333333333334,26.022916052626453,24,-1.0,0,4,Friday,1,2026-01,0,1.0,1.0,0.0,25.32750416666667,39.05504479166667,24.194351726091067,0.6666666666666666,0.5714285714285714,10.705720684523808,Jan 2026
2026-01-17,6.977613166666671,167.4627160000001,27.798401449776975,45.83333333333333,22.71511018249913,24,1.0,1,5,Saturday,1,2026-01,1,0.0,1.0,1.0,-2.4132854166666675,25.32750416666667,26.022916052626453,0.6666666666666666,0.5714285714285714,13.940813095238095,Jan 2026
2026-01-18,5.1078885416666635,122.58932499999993,25.280267459280775,50.0,24.37555372813979,24,1.0,1,6,Sunday,1,2026-01,1,1.0,0.0,1.0,6.977613166666671,-2.4132854166666675,22.71511018249913,0.6666666666666666,0.7142857142857143,16.448959916666666,Jan 2026
2026-01-19,-24.169972031249994,-580.0793287499998,56.041677424465654,29.166666666666668,25.778156784984017,24,-1.0,0,0,Monday,1,2026-01,0,1.0,1.0,0.0,5.1078885416666635,6.977613166666671,24.37555372813979,0.6666666666666666,0.7142857142857143,15.937690720238093,Jan 2026
2026-01-20,-25.988963541666674,-623.7351250000002,73.56572841566286,33.33333333333333,30.652485413415224,24,-1.0,0,1,Tuesday,1,2026-01,0,0.0,1.0,1.0,-24.169972031249994,5.1078885416666635,25.778156784984017,0.6666666666666666,0.5714285714285714,5.38877685863095,Jan 2026
2026-01-21,-8.364271875,-200.742525,92.12758685946062,41.66666666666667,28.138252974440118,24,-1.0,0,2,Wednesday,1,2026-01,0,0.0,0.0,1.0,-25.988963541666674,-24.169972031249994,30.652485413415224,0.3333333333333333,0.5714285714285714,3.4136899538690453,Jan 2026
2026-01-22,43.47986874999999,1043.5168499999997,39.29900724281227,87.5,24.751155437133615,24,1.0,1,3,Thursday,1,2026-01,0,0.0,0.0,0.0,-8.364271875,-25.988963541666674,28.138252974440118,0.0,0.42857142857142855,-3.36049814136905,Jan 2026
2026-01-23,39.97162291666667,959.3189500000001,44.95954099033394,79.16666666666666,25.7580409031405,24,1.0,1,4,Friday,1,2026-01,0,1.0,0.0,0.0,43.47986874999999,-8.364271875,24.751155437133615,0.3333333333333333,0.42857142857142855,-0.7673032008928615,Jan 2026
2026-01-24,0.47634479166666566,11.432274999999976,20.554169609010646,45.83333333333333,22.411443600764517,24,1.0,1,5,Saturday,1,2026-01,1,1.0,1.0,0.0,39.97162291666667,43.47986874999999,25.7580409031405,0.6666666666666666,0.5714285714285714,5.287683703869043,Jan 2026
