date,spread_mean,direction_binary,period,da_price_mean,da_price_std,da_price_max,da_price_min,da_price_range,morning_idm_price,morning_imb_price,morning_spread,morning_spread_positive,prev_afternoon_spread,prev_afternoon_positive
2025-01-01,-75.84758068181817,0,2025,74.14166666666667,61.85923977004194,180.0,-5.71,185.71,124.0775,307.8942666666666,-183.81676666666667,0.16666666666666666,,
2025-01-02,61.73525729166666,1,2025,112.85791666666667,34.40233371497103,157.86,48.58,109.28000000000002,103.13214285714285,38.14279642857143,64.98934642857144,0.8571428571428571,-30.731452083333327,0.3333333333333333
2025-01-03,101.72439791666666,1,2025,127.71541666666667,26.75208857822323,166.41,87.22,79.19,91.35714285714286,0.1109892857142855,91.24615357142856,1.0,51.723099999999995,0.9166666666666666
2025-01-04,40.003815217391306,1,2025,120.30958333333332,14.539132047285555,153.4,100.71,52.69000000000001,102.88142857142857,40.761517857142856,62.119910714285716,0.7142857142857143,116.49213333333334,1.0
2025-01-05,18.0478375,1,2025,109.64791666666667,25.873479115843143,199.05,78.56,120.49000000000001,102.575,113.27289642857143,-10.697896428571426,0.2857142857142857,18.47202727272727,0.7272727272727273
2025-01-06,40.759729166666666,1,2025,116.805,28.473539050967236,161.34,74.49,86.85000000000001,68.7,79.47131785714285,-10.77131785714286,0.7142857142857143,18.43533125,0.6666666666666666
2025-01-07,64.47791354166667,1,2025,120.40458333333333,43.0873324448166,177.08,14.38,162.70000000000002,55.06214285714286,-46.04900714285714,101.11115,0.8571428571428571,84.00174791666667,0.8333333333333334
2025-01-08,45.81731770833333,1,2025,119.86291666666666,28.832459135821914,170.1,70.87,99.22999999999999,82.73285714285714,11.602560714285715,71.13029642857143,0.8571428571428571,59.85519374999999,0.9166666666666666
2025-01-09,37.87070729166667,1,2025,125.41041666666666,19.880310442674222,159.74,89.22,70.52000000000001,101.07214285714285,109.59159642857142,-8.519453571428578,0.2857142857142857,39.0425125,0.75
2025-01-10,19.448357291666664,1,2025,117.09750000000001,23.923829352124322,151.83,71.5,80.33000000000001,83.39214285714286,45.381639285714286,38.01050357142857,0.5714285714285714,49.68156666666667,1.0
2025-01-11,49.106344791666665,1,2025,101.64708333333334,6.164146317118098,114.54,91.63,22.91000000000001,93.27428571428571,35.63606071428571,57.638225,1.0,20.35494166666666,0.75
2025-01-12,30.93314375,1,2025,110.94875,20.516036211895944,146.66,85.0,61.66,87.26928571428572,50.71486071428571,36.554425,0.8571428571428571,41.071989583333334,0.75
2025-01-13,5.102516666666664,1,2025,137.90375,30.569503105361317,220.91,100.0,120.91,105.99785714285714,119.41567857142857,-13.417821428571433,0.42857142857142855,17.899364583333334,0.5833333333333334
2025-01-14,5.294644791666663,1,2025,151.34541666666667,41.477191425101246,219.0,100.22,118.78,110.12,239.32672499999998,-129.206725,0.2857142857142857,12.971591666666663,0.6666666666666666
2025-01-15,78.53805208333333,1,2025,228.79833333333332,93.99970211176974,368.41,108.81,259.6,123.9692857142857,100.59169642857144,23.377589285714276,0.5714285714285714,95.99555416666665,0.75
2025-01-16,41.49629166666666,1,2025,157.45624999999998,31.176789835653715,222.89,115.28,107.60999999999999,125.3307142857143,104.00148928571427,21.329225000000008,0.8571428571428571,78.49348958333334,0.8333333333333334
2025-01-17,12.343356250000005,1,2025,147.15875,25.89288928954954,208.13,116.12,92.00999999999999,118.66,54.65951428571429,64.0004857142857,0.8571428571428571,61.506668749999996,0.75
2025-01-18,30.35260520833333,1,2025,137.03791666666666,20.075242589723086,182.1,115.01,67.08999999999999,128.55142857142857,73.261625,55.28980357142858,0.8571428571428571,-9.951424999999993,0.5
2025-01-19,23.107553125,1,2025,134.42958333333334,21.27250184161348,174.04,107.51,66.52999999999999,120.04857142857144,43.85221071428571,76.1963607142857,1.0,34.846252083333326,0.6666666666666666
2025-01-20,59.565221875,1,2025,233.35625000000002,125.08165381105535,563.13,114.41,448.72,120.205,70.36916428571429,49.835835714285714,0.8571428571428571,1.7585354166666658,0.5
2025-01-21,66.404790625,1,2025,234.55083333333334,96.09051230895327,517.52,130.12,387.4,144.04714285714286,147.38318928571428,-3.3360464285714255,0.2857142857142857,24.758220833333336,0.6666666666666666
2025-01-22,-1.7043468750000024,0,2025,199.01958333333334,68.54454524196319,400.0,123.21,276.79,130.89285714285714,98.97966071428571,31.91319642857143,0.7142857142857143,73.14636041666667,0.75
2025-01-23,59.97516666666667,1,2025,176.74791666666667,43.51548379891487,244.31,109.64,134.67000000000002,129.21857142857144,153.62975357142858,-24.41118214285714,0.5714285714285714,-42.67423541666667,0.6666666666666666
2025-01-24,49.89634062499999,1,2025,166.13291666666666,45.112871630781406,243.35,107.16,136.19,111.34214285714286,103.59762500000001,7.744517857142857,0.5714285714285714,104.69923125000001,1.0
2025-01-25,58.12646458333333,1,2025,118.91208333333333,29.622577168094438,167.08,84.36,82.72000000000001,104.45,95.70449642857143,8.74550357142857,0.5714285714285714,60.14539583333333,0.8333333333333334
2025-01-26,50.39777708333333,1,2025,114.8275,15.172492630042555,143.13,77.0,66.13,110.57214285714285,61.668485714285715,48.90365714285714,1.0,91.0211875,1.0
2025-01-27,68.26487291666666,1,2025,130.14416666666668,58.010905864978206,217.63,30.97,186.66,66.13357142857143,36.43628214285714,29.697289285714284,0.8571428571428571,58.7794,0.8333333333333334
2025-01-28,36.94446666666666,1,2025,122.14708333333333,21.1601657097084,150.91,82.04,68.86999999999999,93.91499999999999,72.37894642857142,21.53605357142857,0.5714285714285714,88.43183749999999,0.9166666666666666
2025-01-29,22.147055208333327,1,2025,126.34666666666668,38.44652273151536,196.54,81.65,114.88999999999999,86.855,107.31888571428571,-20.463885714285727,0.14285714285714285,46.65585625,0.8333333333333334
2025-01-30,29.213567708333333,1,2025,132.7525,25.821522409904833,177.87,96.99,80.88000000000001,106.13071428571428,92.833275,13.297439285714287,0.5714285714285714,27.27903333333333,0.8333333333333334
2025-01-31,20.70515,1,2025,142.34708333333333,23.66036264913126,184.48,114.03,70.44999999999999,116.93214285714285,114.27034285714285,2.6617999999999955,0.5714285714285714,22.686839583333335,0.8333333333333334
2025-02-01,28.875999999999998,1,2025,135.71125,18.181408400149962,167.33,103.4,63.93000000000001,132.4385714285714,115.74107142857143,16.697499999999998,0.5714285714285714,28.375631249999994,0.75
2025-02-02,35.067732291666665,1,2025,137.36791666666667,18.06472180056709,173.95,111.88,62.06999999999999,120.12142857142858,80.81726428571429,39.30416428571429,0.8571428571428571,35.43949375,1.0
2025-02-03,45.34175625,1,2025,154.42458333333335,35.93439166267695,243.23,115.69,127.53999999999999,126.12142857142858,95.653675,30.46775357142857,0.7142857142857143,38.32251666666667,0.9166666666666666
2025-02-04,9.516728260869565,1,2025,145.70083333333335,27.193869980066346,211.99,113.18,98.81,121.94000000000001,141.27360357142857,-19.33360357142857,0.42857142857142855,41.63056458333333,0.8333333333333334
2025-02-05,7.401840624999998,1,2025,143.01166666666666,26.62907362862705,189.9,109.3,80.60000000000001,118.07642857142856,146.61487857142856,-28.538449999999994,0.14285714285714285,8.837952272727273,0.5454545454545454
2025-02-06,54.37100520833334,1,2025,155.40166666666667,25.10237589078608,218.78,121.95,96.83,123.785,53.88941428571429,69.89558571428572,1.0,20.12162083333333,0.5833333333333334
2025-02-07,53.99821770833333,1,2025,147.10958333333335,37.320991351664475,208.04,105.0,103.03999999999999,113.89071428571428,72.43970357142858,41.451010714285715,1.0,47.38323333333333,0.5833333333333334
2025-02-08,12.161775,1,2025,115.21791666666667,30.37179784218687,174.17,85.38,88.78999999999999,93.49000000000001,88.10946428571427,5.38053571428572,0.42857142857142855,56.48716041666666,0.8333333333333334
2025-02-09,12.460398958333336,1,2025,133.33291666666668,27.17549111258424,190.22,92.69,97.53,121.92928571428571,119.63737142857143,2.2919142857142907,0.5714285714285714,22.972281249999998,0.75
2025-02-10,63.062617708333335,1,2025,162.60208333333335,51.75322917706316,261.22,97.28,163.94000000000003,112.40071428571427,127.11961785714286,-14.718903571428575,0.42857142857142855,15.487864583333335,0.6666666666666666
2025-02-11,47.46665520833333,1,2025,171.65041666666664,46.542082171539334,253.14,93.36,159.77999999999997,142.55142857142857,148.0014035714286,-5.449974999999999,0.42857142857142855,90.36878958333334,0.9166666666666666
2025-02-12,11.486831250000002,1,2025,170.16375,37.97432311129284,271.45,109.33,162.12,128.4364285714286,131.24446785714287,-2.8080392857142806,0.42857142857142855,55.383429166666666,0.75
2025-02-13,38.20343229166667,1,2025,205.1483333333333,56.78991901252611,324.09,139.26,184.82999999999998,165.19,154.80965357142856,10.380346428571428,0.5714285714285714,-3.5373687499999975,0.3333333333333333
2025-02-14,26.518766666666664,1,2025,179.47833333333332,48.991699178593485,294.72,130.92,163.80000000000004,137.54357142857143,95.09177857142858,42.451792857142856,0.7142857142857143,32.44013125000001,0.8333333333333334
2025-02-15,10.711880208333335,1,2025,137.73916666666668,20.74218593919724,178.71,110.01,68.7,124.95142857142856,115.98583214285713,8.965596428571432,0.5714285714285714,24.627397916666663,0.5833333333333334
2025-02-16,22.26764375,1,2025,143.01791666666665,20.13898187901236,179.36,119.57,59.79000000000002,127.9,118.67487142857144,9.225128571428572,0.5714285714285714,22.629145833333336,0.6666666666666666
2025-02-17,37.33335833333333,1,2025,162.455,42.36218935509025,271.07,106.29,164.77999999999997,137.00785714285715,151.87818928571429,-14.870332142857137,0.2857142857142857,1.908304166666665,0.5
2025-02-18,69.39835624999999,1,2025,189.50250000000003,64.27838883901128,399.05,126.76,272.29,134.62642857142856,76.41058214285714,58.215846428571425,0.8571428571428571,62.35901875,1.0
2025-02-19,47.31068125,1,2025,172.1075,38.39073656948804,227.8,112.29,115.51,141.34,170.55864285714284,-29.218642857142857,0.2857142857142857,66.96925625,0.9166666666666666
2025-02-20,73.70067717391305,1,2025,158.4325,52.24608371010671,290.0,93.08,196.92000000000002,122.35166666666667,127.09628333333335,-4.744616666666668,0.3333333333333333,71.53937916666666,0.9166666666666666
2025-02-21,35.745709375,1,2025,131.26958333333332,35.448686549429596,203.96,78.42,125.54,115.73285714285714,111.43535357142858,4.297503571428572,0.42857142857142855,118.72519166666666,0.9166666666666666
2025-02-22,50.35804166666667,1,2025,144.87,55.2117018944984,226.8,53.09,173.71,173.01857142857142,175.59992142857143,-2.5813500000000027,0.5714285714285714,51.23308125,0.6666666666666666
2025-02-23,16.125726041666667,1,2025,134.49625,33.12789509087733,184.21,73.4,110.81,144.9364285714286,95.53535714285714,49.401071428571434,0.7142857142857143,86.13322916666668,0.9166666666666666
2025-02-24,84.16632187500001,1,2025,209.44375,57.99530301914637,305.87,139.19,166.68,136.2,115.85773214285715,20.342267857142854,0.8571428571428571,6.856960416666662,0.5
2025-02-25,55.73662291666668,1,2025,146.95374999999999,25.181160972734798,200.09,86.76,113.33,139.60714285714286,85.98474285714285,53.622400000000006,1.0,110.24025833333333,0.9166666666666666
2025-02-26,5.381070833333337,1,2025,149.70791666666665,30.88840164755339,207.98,117.74,90.24,114.68285714285715,129.45053928571429,-14.767682142857144,0.5714285714285714,47.21837916666667,0.8333333333333334
2025-02-27,24.828372916666662,1,2025,135.22625,24.648973135415496,173.96,101.28,72.68,107.5592857142857,69.97587142857142,37.58341428571429,0.8571428571428571,4.122387500000006,0.4166666666666667
2025-02-28,31.265312500000004,1,2025,123.16166666666668,14.521303590622104,161.88,107.03,54.849999999999994,104.78928571428571,92.47848214285715,12.310803571428574,0.5714285714285714,8.347466666666667,0.6666666666666666
2025-03-01,38.7645375,1,2025,119.50041666666668,10.635727925934015,139.45,98.79,40.65999999999998,116.7042857142857,96.58431785714286,20.11996785714286,0.8571428571428571,29.49655,0.9166666666666666
2025-03-02,69.62204891304349,1,2025,86.06458333333335,32.40985638849991,135.29,14.71,120.57999999999998,107.81285714285715,70.040175,37.77268214285714,0.8571428571428571,46.78383541666667,0.75
2025-03-03,90.9498125,1,2025,123.955,42.03542263997995,192.35,47.96,144.39,108.99142857142859,54.76553928571429,54.22588928571429,0.8571428571428571,96.40504545454546,1.0
2025-03-04,16.92685833333334,1,2025,135.44458333333333,49.21575613553808,209.32,32.69,176.63,129.01500000000001,173.2788607142857,-44.26386071428571,0.14285714285714285,117.16531875,1.0
2025-03-05,28.873440625,1,2025,116.01166666666666,63.87362629624128,197.97,1.61,196.35999999999999,151.56857142857143,157.16613214285715,-5.597560714285718,0.5714285714285714,22.1249375,0.6666666666666666
2025-03-06,61.466896875,1,2025,100.07416666666666,50.35305775583365,176.66,0.46,176.2,115.15357142857142,65.31998214285714,49.83358928571429,0.8571428571428571,40.18290833333334,0.5833333333333334
2025-03-07,63.49012291666667,1,2025,110.59083333333332,51.85347390288428,213.58,8.02,205.56,122.41214285714285,84.27461071428571,38.13753214285714,0.8571428571428571,75.77913958333333,0.6666666666666666
2025-03-08,44.678259375,1,2025,89.81124999999999,50.480447554732386,171.67,-0.02,171.69,113.91357142857143,93.23157142857143,20.682,0.8571428571428571,75.02792916666667,0.8333333333333334
2025-03-09,17.732373958333334,1,2025,78.51083333333334,48.5711210419871,133.31,-0.95,134.26,89.41928571428572,62.710767857142855,26.70851785714286,1.0,57.62599583333333,0.8333333333333334
2025-03-10,17.664643750000003,1,2025,112.49333333333334,30.67507112307642,176.19,69.69,106.5,102.42714285714285,91.713275,10.713867857142862,0.7142857142857143,23.804804166666667,0.6666666666666666
2025-03-11,26.774559375,1,2025,125.00958333333334,28.23784285996468,197.86,97.04,100.82000000000001,101.75,85.12323571428571,16.626764285714284,0.7142857142857143,1.7123083333333338,0.5
2025-03-12,30.49621875,1,2025,124.03458333333333,27.613885287811385,193.01,97.85,95.16,103.78285714285714,81.21153214285714,22.571325,1.0,28.897447916666668,0.75
2025-03-13,32.74166041666667,1,2025,125.36500000000001,25.603441514595353,173.47,88.24,85.23,97.62785714285714,59.5538,38.07405714285714,1.0,19.44092291666667,0.6666666666666666
2025-03-14,18.93666145833333,1,2025,122.58999999999999,19.04288181515831,160.78,103.83,56.95,108.49928571428572,75.69467142857143,32.80461428571429,0.5714285714285714,19.950095833333336,0.5833333333333334
2025-03-15,5.042117708333332,1,2025,93.59583333333335,25.948705910041003,146.4,48.0,98.4,97.71142857142857,59.193,38.51842857142857,1.0,2.587216666666659,0.5
2025-03-16,9.64566875,1,2025,75.13125000000001,38.743595185976005,140.0,6.41,133.59,86.12857142857142,80.54755357142857,5.5810178571428555,0.7142857142857143,-20.44391666666667,0.4166666666666667
2025-03-17,15.26743125,1,2025,104.84208333333333,35.71579190110711,173.68,42.23,131.45000000000002,89.86428571428571,43.99095357142857,45.873332142857144,1.0,3.7348937500000017,0.5833333333333334
2025-03-18,13.361338541666669,1,2025,93.00083333333333,50.89318814218031,171.92,2.56,169.35999999999999,95.52142857142857,109.73487857142857,-14.213449999999998,0.14285714285714285,-8.833629166666666,0.5833333333333334
2025-03-19,37.250771875000005,1,2025,105.75208333333335,67.77200858499715,252.87,1.02,251.85,110.11928571428572,97.67981428571429,12.439471428571425,0.7142857142857143,9.319343750000002,0.6666666666666666
2025-03-20,33.43179895833333,1,2025,111.49083333333334,68.98137435548101,273.12,0.43,272.69,109.59785714285714,82.56907142857143,27.028785714285714,0.8571428571428571,29.99842291666667,0.75
2025-03-21,65.69339166666667,1,2025,116.12666666666667,68.4723340301485,257.94,0.18,257.76,120.49214285714285,95.16501785714286,25.327125000000006,0.8571428571428571,36.5282875,0.5833333333333334
2025-03-22,39.28247604166666,1,2025,86.38625,38.44082033379079,143.81,14.68,129.13,91.8442857142857,69.37846785714285,22.465817857142856,0.8571428571428571,86.75968541666667,0.75
2025-03-23,-32.8642875,0,2025,61.76416666666666,49.59716830246651,143.31,5.01,138.3,36.75071428571429,0.23371071428571374,36.51700357142857,1.0,14.711831249999998,0.5833333333333334
2025-03-24,24.698465625,1,2025,131.35958333333335,30.36736012050448,213.98,98.86,115.11999999999999,101.85285714285715,89.46745,12.385407142857146,0.7142857142857143,-29.589270833333334,0.25
2025-03-25,55.139728125,1,2025,124.82541666666667,24.45863001943356,181.65,99.55,82.10000000000001,103.22214285714286,79.14066428571428,24.081478571428566,0.8571428571428571,26.154097916666668,0.6666666666666666
2025-03-26,26.501275000000003,1,2025,118.15833333333335,24.50635191247304,171.56,84.81,86.75,99.88214285714285,92.98134285714286,6.900800000000002,0.42857142857142855,57.13351458333333,0.9166666666666666
2025-03-27,7.300751041666671,1,2025,102.11666666666667,37.56657159562575,172.97,19.95,153.02,100.72785714285715,98.00481428571428,2.7230428571428615,0.5714285714285714,21.744627083333338,0.9166666666666666
2025-03-28,1.5901208333333303,1,2025,102.375,32.780278137663956,166.75,49.91,116.84,92.49928571428572,124.52933928571429,-32.030053571428574,0.2857142857142857,-2.8726270833333305,0.5
2025-03-29,23.4813875,1,2025,103.59291666666667,21.73112563945943,158.0,69.2,88.8,101.48714285714286,60.71063928571429,40.77650357142857,1.0,40.899829166666656,0.75
2025-03-30,-2.970928409090908,0,2025,22.917391304347827,44.96739224830197,116.95,-24.41,141.36,25.293333333333337,53.1996875,-27.90635416666666,0.3333333333333333,6.969983333333334,0.5833333333333334
2025-03-31,33.923657291666665,1,2025,114.27958333333333,45.71106064221471,231.89,65.66,166.23,70.77,64.86185357142857,5.908146428571429,0.7142857142857143,15.490547727272729,0.7272727272727273
2025-04-01,17.781943749999996,1,2025,102.08208333333334,36.21585528096616,177.65,39.45,138.2,100.10571428571428,83.39382142857143,16.711892857142857,0.8571428571428571,41.974583333333335,1.0
2025-04-02,-19.393913541666667,0,2025,86.76416666666667,33.34562704094231,153.96,39.12,114.84,73.37642857142858,100.04701071428572,-26.67058214285714,0.2857142857142857,17.73472083333333,0.6666666666666666
2025-04-03,-1.0348020833333316,0,2025,85.75916666666666,61.15633799972192,200.56,-5.01,205.57,80.78142857142858,112.63957142857143,-31.85814285714286,0.2857142857142857,-20.70827083333334,0.16666666666666666
2025-04-04,17.925797916666667,1,2025,96.25,59.40450971023196,183.19,-1.09,184.28,109.96357142857143,108.98382142857143,0.9797499999999972,0.42857142857142855,7.704679166666671,0.75
2025-04-05,13.984596875,1,2025,68.32791666666667,65.37161756012725,173.0,-51.9,224.9,105.17357142857144,70.19707857142858,34.976492857142865,0.8571428571428571,24.591908333333333,0.75
2025-04-06,10.641334374999998,1,2025,52.41708333333333,64.71034669497651,151.51,-73.74,225.25,58.832857142857144,37.39694642857143,21.435910714285715,0.8571428571428571,-7.204112500000001,0.5
2025-04-07,31.87016458333333,1,2025,110.91916666666667,44.85280020502492,205.32,45.56,159.76,91.53428571428572,81.93679642857144,9.597489285714287,0.7142857142857143,20.480806249999997,0.5
2025-04-08,1.3896645833333308,1,2025,110.94625,43.77501111786911,233.27,48.57,184.70000000000002,93.42357142857144,120.04658214285713,-26.62301071428572,0.14285714285714285,47.587325,0.6666666666666666
2025-04-09,22.26573020833333,1,2025,100.04041666666667,40.29183081287847,178.54,15.61,162.93,104.75642857142859,107.98999642857143,-3.23356785714286,0.42857142857142855,8.933289583333334,0.5833333333333334
2025-04-10,41.451883333333335,1,2025,96.92625,50.81031620795303,177.79,0.09,177.7,93.12142857142858,86.00621428571428,7.115214285714285,0.5714285714285714,19.894225000000002,0.6666666666666666
2025-04-11,-91.18915729166667,0,2025,81.95,62.521156001997326,205.12,0.03,205.09,93.15714285714286,120.65980714285715,-27.502664285714285,0.2857142857142857,59.171075,0.8888888888888888
2025-04-12,-3.447012499999999,0,2025,76.87833333333333,59.41825116085539,158.62,-32.22,190.84,103.05142857142857,124.23428214285715,-21.18285357142857,0.0,-171.5861166666667,0.25
2025-04-13,-11.354583333333336,0,2025,58.237500000000004,57.69935115677683,159.06,-25.38,184.44,82.06214285714285,108.43410000000002,-26.37195714285715,0.14285714285714285,7.775347916666667,0.5
2025-04-14,10.944425,1,2025,114.58999999999999,29.81491835510772,195.08,82.81,112.27000000000001,93.50214285714286,95.56231785714286,-2.060175000000003,0.2857142857142857,-2.500737500000003,0.5
2025-04-15,6.517902083333335,1,2025,106.07916666666667,20.295710602010946,147.51,73.24,74.27,80.29214285714286,33.88634285714286,46.4058,0.7142857142857143,-9.40146458333333,0.5
2025-04-16,33.900559375,1,2025,82.805,50.50505123252525,172.02,2.51,169.51000000000002,90.23714285714286,77.99721071428571,12.239932142857143,0.5714285714285714,-15.085404166666669,0.5
2025-04-17,-19.038846875,0,2025,84.99666666666667,34.514523681017764,132.98,19.43,113.54999999999998,83.95785714285715,63.80101071428572,20.156846428571434,1.0,14.357035416666667,0.5833333333333334
2025-04-18,28.40532916666667,1,2025,90.47291666666666,18.73723205375415,139.68,66.85,72.83000000000001,86.55357142857143,67.09334285714286,19.460228571428576,0.8571428571428571,-45.51736666666667,0.3333333333333333
2025-04-19,9.939710416666664,1,2025,70.97791666666667,50.83985196324757,168.73,-6.37,175.1,92.78428571428572,89.48393214285714,3.3003535714285634,0.5714285714285714,30.643700000000006,0.9166666666666666
2025-04-20,121.50801874999998,1,2025,55.625416666666666,73.31122655466402,140.97,-97.58,238.55,99.81642857142857,47.36604642857143,52.450382142857144,1.0,11.1981375,0.5833333333333334
2025-04-21,103.740603125,1,2025,70.41666666666667,52.07569178957029,139.23,-32.42,171.64999999999998,97.33500000000001,75.52374285714286,21.81125714285714,0.8571428571428571,150.0006375,0.6666666666666666
2025-04-22,48.550834375,1,2025,113.47625,46.34333541621708,258.8,66.76,192.04000000000002,92.25357142857142,60.3855,31.86807142857143,1.0,183.55873541666665,0.75
2025-04-23,52.48399270833334,1,2025,111.69541666666667,27.682864261703198,188.93,79.01,109.92,100.4207142857143,64.3396,36.081114285714285,1.0,31.481016666666665,0.8333333333333334
2025-04-24,47.38630625,1,2025,98.11416666666666,16.43127265352544,136.1,76.27,59.83,84.84,71.04698214285715,13.793017857142859,0.7142857142857143,45.768825000000014,1.0
2025-04-25,12.998466666666667,1,2025,89.145,19.779590051583373,123.29,43.22,80.07000000000001,91.16,87.96800357142857,3.191996428571426,0.8571428571428571,32.01391041666667,0.5833333333333334
2025-04-26,52.45986145833333,1,2025,59.46333333333334,43.91673511531118,115.53,-6.97,122.5,94.32571428571428,90.20402142857142,4.121692857142855,0.7142857142857143,10.954925000000001,0.6666666666666666
2025-04-27,-1.3086708333333334,0,2025,32.38333333333333,70.85837109067064,124.8,-120.48,245.28,61.644285714285715,82.970625,-21.326339285714287,0.42857142857142855,97.18142916666666,0.8333333333333334
2025-04-28,29.874651041666667,1,2025,76.49291666666666,57.73636353055053,198.46,-6.18,204.64000000000001,93.8342857142857,89.05947857142857,4.774807142857141,0.5714285714285714,6.113558333333334,0.5833333333333334
2025-04-29,4.452213541666665,1,2025,72.40708333333333,51.939418847861816,178.53,-1.9,180.43,86.05285714285715,91.06511071428572,-5.012253571428571,0.42857142857142855,33.977870833333334,0.8333333333333334
2025-04-30,-12.884701041666666,0,2025,74.74416666666666,52.22556677875616,178.17,-6.21,184.38,90.93571428571428,119.29607142857142,-28.360357142857143,0.14285714285714285,-7.126164583333337,0.25
2025-05-01,-41.74580729166667,0,2025,44.97208333333333,79.71172730147089,164.03,-128.17,292.2,88.58642857142857,75.14176071428571,13.444667857142857,0.7142857142857143,-10.677564583333334,0.25
2025-05-02,-19.285677083333333,0,2025,61.06375,47.36375424056744,149.94,-4.0,153.94,74.66499999999999,63.237,11.428,0.7142857142857143,-65.32907083333333,0.25
2025-05-03,-8.582629166666665,0,2025,55.89666666666667,42.36391724165709,103.1,-3.04,106.14,92.57857142857142,83.09249285714284,9.486078571428575,0.5714285714285714,-50.45680625,0.3333333333333333
2025-05-04,2.2929010416666658,1,2025,33.75541666666667,41.3006614305564,109.23,-5.01,114.24000000000001,33.67857142857143,8.421703571428571,25.256867857142854,0.8571428571428571,-24.417608333333334,0.3333333333333333
2025-05-05,28.675243750000003,1,2025,98.59333333333332,44.071445223159756,270.33,57.03,213.29999999999998,75.05285714285715,52.255207142857145,22.79765,0.8571428571428571,-0.600214583333333,0.5833333333333334
2025-05-06,26.67088333333333,1,2025,95.27208333333334,26.825301648154724,160.08,58.99,101.09,84.84571428571428,69.35043928571429,15.495275000000001,0.5714285714285714,17.154468750000003,0.5
2025-05-07,35.87171875,1,2025,101.79958333333333,21.965316628754735,151.52,71.41,80.11000000000001,95.285,68.9942,26.2908,0.8571428571428571,0.12288124999999776,0.6666666666666666
2025-05-08,13.446236458333331,1,2025,107.53416666666668,29.563488779922093,195.76,66.37,129.39,98.37142857142858,87.138925,11.23250357142857,0.7142857142857143,19.14039374999999,0.75
2025-05-09,17.54691354166667,1,2025,85.88875,48.335870946003396,174.0,0.02,173.98,105.99571428571429,108.66184642857142,-2.66613214285714,0.5714285714285714,-5.189027083333335,0.4166666666666667
2025-05-10,-7.681279166666665,0,2025,54.871249999999996,78.87864351468902,187.92,-113.4,301.32,103.23785714285714,90.47042499999999,12.767432142857146,0.42857142857142855,13.646366666666667,0.6666666666666666
2025-05-11,-4.060544791666669,0,2025,31.496666666666666,103.89632293224136,160.67,-202.7,363.37,95.5257142857143,44.03481428571428,51.490899999999996,1.0,-22.867049999999995,0.4166666666666667
2025-05-12,22.87976145833333,1,2025,89.61208333333333,48.26765961838457,211.34,16.7,194.64000000000001,96.425,91.13894285714287,5.28605714285714,0.42857142857142855,-35.792433333333335,0.3333333333333333
2025-05-13,8.260118750000002,1,2025,90.32083333333334,64.46695411750432,292.72,4.88,287.84000000000003,94.70928571428571,91.12887500000001,3.580410714285712,0.5714285714285714,23.348166666666668,0.6666666666666666
2025-05-14,19.09853020833333,1,2025,71.86791666666666,49.00589573928983,135.15,-8.76,143.91,100.58785714285715,77.42853214285715,23.159324999999995,0.8571428571428571,1.6566083333333346,0.5
2025-05-15,10.729501041666673,1,2025,80.51458333333333,44.374553908760014,157.6,7.13,150.47,91.50357142857142,80.15985714285715,11.343714285714288,0.7142857142857143,11.137637500000002,0.5
2025-05-16,-8.405769791666666,0,2025,83.00375,42.79603088183681,164.9,16.34,148.56,91.44142857142857,99.23068571428573,-7.789257142857144,0.5714285714285714,16.167812500000004,0.4166666666666667
2025-05-17,-13.111161458333331,0,2025,65.66791666666667,55.60785915514857,161.81,-11.03,172.84,95.85285714285715,66.51755714285714,29.3353,0.5714285714285714,-0.8870312499999985,0.4166666666666667
2025-05-18,6.651767708333336,1,2025,64.5025,53.581805903805105,136.57,-15.0,151.57,96.20857142857143,67.17359285714285,29.034978571428578,0.7142857142857143,-25.959045833333334,0.3333333333333333
2025-05-19,3.2304239583333314,1,2025,97.84583333333335,52.722585368805795,231.01,5.0,226.01,107.29857142857144,80.92351071428571,26.37506071428572,0.8571428571428571,-1.3337437500000011,0.4166666666666667
2025-05-20,47.48230208333334,1,2025,102.62291666666665,54.20374008266657,236.1,16.0,220.1,114.29571428571428,109.19934285714285,5.096371428571425,0.42857142857142855,-15.290377083333341,0.4166666666666667
2025-05-21,-13.137311458333334,0,2025,108.60041666666666,56.982866340160356,306.24,42.22,264.02,100.74428571428572,71.97381428571428,28.770471428571426,1.0,80.60744583333333,0.4166666666666667
2025-05-22,6.179654166666666,1,2025,100.82291666666667,27.88629607019356,180.4,54.01,126.39000000000001,102.74,79.39314642857143,23.34685357142857,0.7142857142857143,-59.88531041666667,0.75
2025-05-23,40.39825625,1,2025,105.33916666666666,39.86256846331848,215.07,33.17,181.89999999999998,97.54357142857144,49.14313214285715,48.40043928571429,1.0,-6.260277083333338,0.5
2025-05-24,11.726620833333332,1,2025,65.57000000000001,52.43595994784662,165.82,-2.45,168.26999999999998,97.55785714285715,61.73981428571428,35.818042857142856,1.0,34.58116458333333,0.8333333333333334
2025-05-25,3.699885416666667,1,2025,29.0975,45.79745619003594,116.9,-8.93,125.83000000000001,45.99857142857143,32.238435714285714,13.760135714285719,0.2857142857142857,2.2594000000000025,0.4166666666666667
2025-05-26,2.784902083333332,1,2025,94.835,59.55870315696214,251.58,10.32,241.26000000000002,91.86,101.76096071428572,-9.900960714285716,0.5714285714285714,3.3582249999999987,0.4166666666666667
2025-05-27,9.445951041666667,1,2025,81.02166666666666,55.8553557952547,220.84,0.16,220.68,91.88,67.67098214285714,24.20901785714286,0.8571428571428571,4.3683895833333315,0.4166666666666667
2025-05-28,27.676879166666662,1,2025,93.81291666666665,30.256119679821975,176.37,57.86,118.51,78.34857142857143,52.52308214285714,25.82548928571429,0.7142857142857143,13.899647916666666,0.5
2025-05-29,-4.807776041666668,0,2025,70.20375,44.63533790253988,157.37,0.6,156.77,94.79357142857144,79.699575,15.093996428571424,0.7142857142857143,14.26038125,0.75
2025-05-30,12.006493750000002,1,2025,55.430416666666666,51.44822424612642,167.68,-0.3,167.98000000000002,63.348571428571425,45.19515,18.153421428571427,1.0,-13.56108125,0.3333333333333333
2025-05-31,12.895083333333336,1,2025,71.25875,64.34380165496162,213.32,-13.17,226.48999999999998,102.86071428571428,78.21111071428572,24.649603571428575,0.8571428571428571,0.9956333333333367,0.3333333333333333
2025-06-01,-10.8759,0,2025,44.15375,49.623275202749625,118.75,-20.41,139.16,75.40785714285714,28.544857142857143,46.863,0.8571428571428571,6.962102083333337,0.4166666666666667
2025-06-02,6.29039375,1,2025,104.98958333333333,84.71987598418308,371.23,11.0,360.23,82.91,95.91912142857143,-13.009121428571428,0.5714285714285714,-24.37895416666667,0.3333333333333333
2025-06-03,-17.837650000000004,0,2025,88.19041666666668,63.78846498416647,267.59,3.97,263.61999999999995,109.94714285714285,165.13607499999998,-55.18893214285715,0.0,8.716747916666664,0.5
2025-06-04,0.4659885416666682,1,2025,80.97166666666666,51.274994979472474,220.76,9.69,211.07,66.80714285714285,113.42101785714286,-46.613875,0.14285714285714285,13.37689583333333,0.5833333333333334
2025-06-05,11.179779166666668,1,2025,91.755,47.87787525705829,220.59,8.06,212.53,97.63,72.49908928571429,25.13091071428571,0.8571428571428571,4.330175000000001,0.5
2025-06-06,25.657538541666668,1,2025,60.242916666666666,50.40937192705053,172.92,0.04,172.88,63.55214285714286,24.070407142857142,39.48173571428572,1.0,-9.48341458333333,0.3333333333333333
2025-06-07,-68.58977916666667,0,2025,70.3975,48.8363377049793,164.53,-0.02,164.55,96.92857142857143,203.60528928571426,-106.67671785714286,0.7142857142857143,6.8383999999999965,0.5
2025-06-08,-32.02922083333333,0,2025,43.92875,52.54231853944019,161.49,-32.42,193.91000000000003,79.20142857142856,17.413907142857145,61.78752142857143,1.0,-69.44558958333333,0.25
2025-06-09,175.16553541666667,1,2025,52.695,57.55639948554053,193.9,-8.42,202.32,29.642142857142858,-3.3982821428571452,33.040425000000006,0.8571428571428571,-64.17564375,0.5
2025-06-10,26.53822604166667,1,2025,76.75666666666667,52.95296269304499,208.8,-0.19,208.99,69.99214285714285,3.286417857142857,66.705725,1.0,323.4517333333334,1.0
2025-06-11,-3.2650895833333315,0,2025,79.31958333333334,54.48024488222806,218.01,1.32,216.69,89.86857142857143,95.75121785714285,-5.882646428571426,0.5714285714285714,16.816764583333335,0.5
2025-06-12,28.96769791666667,1,2025,76.35125000000001,55.497455195280565,204.53,0.01,204.52,91.52285714285715,59.195567857142855,32.327289285714286,0.8571428571428571,0.7727770833333322,0.3333333333333333
2025-06-13,22.846380208333333,1,2025,72.38958333333333,50.37710258675297,184.92,-1.4,186.32,83.16714285714285,87.88263214285713,-4.715489285714287,0.42857142857142855,26.47170416666667,0.4166666666666667
2025-06-14,35.32147291666667,1,2025,54.1275,62.86539140860034,175.28,-28.26,203.54,93.44857142857143,61.216632142857144,32.23193928571428,1.0,36.007210416666666,0.5
2025-06-15,42.52543958333333,1,2025,63.38625,55.54382357652379,162.0,-5.8,167.8,96.64785714285713,41.08777857142858,55.560078571428576,1.0,29.856137500000006,0.6666666666666666
2025-06-16,68.78716874999999,1,2025,93.41666666666667,39.22705174246208,189.91,39.38,150.53,94.95285714285714,36.681985714285716,58.27087142857142,1.0,47.193785416666664,0.6666666666666666
2025-06-17,10.194207291666672,1,2025,92.05666666666667,64.60132201276613,250.07,6.02,244.04999999999998,95.20928571428571,93.05041428571428,2.15887142857143,0.5714285714285714,77.73871458333333,1.0
2025-06-18,5.1641218749999975,1,2025,93.16375,57.30011592768454,231.25,1.17,230.08,99.27071428571428,79.78794285714285,19.482771428571425,0.7142857142857143,5.802516666666672,0.25
2025-06-19,-76.42999583333334,0,2025,85.23958333333333,48.037948810349896,167.94,0.48,167.46,101.7807142857143,91.40523571428571,10.375478571428571,0.7142857142857143,-22.05730416666667,0.5
2025-06-20,23.061645833333333,1,2025,87.76041666666667,57.56944770027322,202.93,-0.44,203.37,105.30714285714285,66.42151428571428,38.885628571428576,1.0,-51.00813541666667,0.4166666666666667
2025-06-21,16.227024999999998,1,2025,74.62208333333334,61.49071976493806,166.9,-21.86,188.76,111.53785714285713,78.07516785714286,33.46268928571428,0.8571428571428571,9.040114583333333,0.5
2025-06-22,3.326838541666668,1,2025,46.611250000000005,72.88091563356593,145.42,-88.42,233.83999999999997,94.33928571428571,70.47268571428572,23.866600000000002,0.8571428571428571,3.090037499999999,0.4166666666666667
2025-06-23,43.259128125,1,2025,81.24208333333333,43.42945443892105,210.15,16.13,194.02,88.60428571428572,79.36428928571429,9.239996428571434,0.7142857142857143,-2.8253583333333303,0.5
2025-06-24,-7.143903125000001,0,2025,88.91666666666667,47.206987385036705,186.58,18.18,168.4,105.55071428571429,129.35920714285714,-23.80849285714286,0.42857142857142855,54.45940833333333,0.75
2025-06-25,-8.322145652173914,0,2025,104.97708333333333,58.927847147032764,240.25,13.66,226.59,117.33833333333332,62.1666625,55.17167083333333,0.8333333333333334,-0.7923770833333327,0.4166666666666667
2025-06-26,-63.933984375,0,2025,120.31833333333333,47.9629628546559,252.35,70.59,181.76,114.52714285714286,113.01606428571428,1.5110785714285737,0.42857142857142855,-50.051956249999996,0.4166666666666667
2025-06-27,44.64615729166667,1,2025,110.90916666666668,25.558274405360596,144.3,55.16,89.14000000000001,101.68357142857143,108.36873214285713,-6.685160714285715,0.2857142857142857,-124.00237916666667,0.4166666666666667
2025-06-28,27.52889479166667,1,2025,58.13833333333333,46.10270874496626,126.51,-0.32,126.83,87.46428571428571,65.56013214285714,21.90415357142857,0.8571428571428571,40.43378125,0.75
2025-06-29,-11.658923958333332,0,2025,58.97458333333333,47.10303202455016,118.07,-13.22,131.29,94.53642857142857,77.68984642857143,16.84658214285714,0.7142857142857143,36.49347708333333,0.6666666666666666
2025-06-30,39.085470833333325,1,2025,111.60541666666667,54.055042477183804,280.05,45.67,234.38,91.75928571428572,83.27928928571428,8.479996428571429,0.8571428571428571,-20.39338333333333,0.3333333333333333
2025-07-02,51.75991458333333,1,2025,121.66916666666667,84.6218869784709,391.06,33.58,357.48,107.89928571428571,79.49614999999999,28.403135714285714,0.7142857142857143,,
2025-07-03,22.425119791666663,1,2025,101.92333333333333,45.73756905639395,239.09,42.16,196.93,93.035,66.993075,26.041925,0.7142857142857143,60.259802083333334,0.8333333333333334
2025-07-04,4.421865625000002,1,2025,102.3275,32.20708810049496,177.94,52.71,125.22999999999999,102.53428571428572,84.777675,17.756610714285717,0.5714285714285714,11.60937916666667,0.5
2025-07-05,42.21123229166667,1,2025,72.16375000000001,57.013957239510184,177.38,-2.53,179.91,98.66571428571429,78.92580714285714,19.739907142857138,0.5714285714285714,32.08252291666667,0.9166666666666666
2025-07-06,39.62075625,1,2025,81.83749999999999,46.91548953912398,176.99,7.61,169.38,95.33285714285715,25.764592857142855,69.56826428571428,0.7142857142857143,51.676425,0.9166666666666666
2025-07-07,44.01878695652174,1,2025,122.19416666666666,30.401818011523538,205.27,89.74,115.53000000000002,99.06583333333333,73.976025,25.089808333333334,0.8333333333333334,12.01038541666667,0.5833333333333334
2025-07-08,41.7993375,1,2025,103.04916666666666,19.146125937269844,149.05,76.02,73.03000000000002,94.21642857142857,64.11201785714286,30.104410714285716,1.0,56.31493125,0.9166666666666666
2025-07-09,19.65681,1,2025,91.32166666666666,27.22076935095647,140.57,35.94,104.63,89.65285714285714,66.95699642857143,22.695860714285715,0.7142857142857143,45.64608958333333,0.9166666666666666
2025-07-10,29.755982291666665,1,2025,90.75916666666666,27.64000187451492,140.99,38.98,102.01000000000002,91.32785714285716,60.89013571428571,30.43772142857143,0.7142857142857143,11.767863636363641,0.6363636363636364
2025-07-11,47.80440625,1,2025,93.28583333333334,26.31169287377872,131.74,32.04,99.70000000000002,83.18214285714285,14.379189285714284,68.80295357142857,0.8571428571428571,24.09453125,0.8333333333333334
2025-07-12,0.9616302083333352,1,2025,72.69166666666666,45.75469951312358,125.74,0.0,125.74,100.56928571428571,88.84867857142856,11.720607142857144,0.7142857142857143,43.18228125000001,0.8333333333333334
2025-07-13,5.217859375000001,1,2025,71.465,50.479448767058535,128.39,0.0,128.39,93.6557142857143,73.30906785714285,20.346646428571432,1.0,-20.763183333333334,0.3333333333333333
2025-07-14,26.20303125,1,2025,110.50791666666667,41.03436004334254,233.47,58.41,175.06,91.57928571428572,70.74243571428572,20.836850000000005,0.8571428571428571,-3.215031250000001,0.5
2025-07-15,5.224720833333337,1,2025,100.93333333333334,31.1238811800544,172.2,49.51,122.69,90.3,68.795975,21.504025000000002,1.0,28.316402083333333,0.8333333333333334
2025-07-16,15.989576041666666,1,2025,106.66208333333333,20.65961066579714,163.48,80.95,82.52999999999999,87.57285714285715,88.56965000000001,-0.9967928571428624,0.5714285714285714,-4.146858333333327,0.5
2025-07-17,0.030907291666667,1,2025,102.40500000000002,24.812782119741005,156.83,63.08,93.75000000000001,98.85214285714287,111.21054642857143,-12.358403571428576,0.14285714285714285,13.886027083333333,0.75
2025-07-18,25.346165625,1,2025,104.06208333333335,21.94319345376318,153.69,71.2,82.49,100.59642857142856,80.01933928571428,20.577089285714287,0.8571428571428571,2.7405437500000023,0.5833333333333334
2025-07-19,-24.226630208333333,0,2025,77.08,48.719752087610836,145.07,-0.01,145.07999999999998,101.90785714285714,106.14041428571429,-4.2325571428571385,0.42857142857142855,21.16645625,0.8333333333333334
2025-07-20,15.822880208333336,1,2025,75.65583333333333,48.03532159790848,142.28,-0.01,142.29,104.045,96.24760714285715,7.797392857142859,0.5714285714285714,-42.754097916666666,0.3333333333333333
2025-07-21,-1.4615302083333317,0,2025,106.20875000000001,25.885613649703945,182.96,80.68,102.28,90.00714285714285,88.54023928571428,1.4669035714285759,0.5714285714285714,8.44624791666667,0.5
2025-07-22,1.8327218750000036,1,2025,97.12041666666666,35.60175624382775,171.1,24.65,146.45,98.72428571428573,130.78424285714286,-32.05995714285714,0.14285714285714285,-15.879485416666666,0.3333333333333333
2025-07-23,18.86117708333333,1,2025,118.95416666666667,48.263611994479064,255.42,73.75,181.67,99.63571428571429,98.99446071428572,0.641253571428572,0.42857142857142855,6.39832916666667,0.4166666666666667
2025-07-24,-11.945155208333333,0,2025,117.68666666666667,39.79818650736943,234.42,83.35,151.07,100.64285714285714,101.29094285714287,-0.6480857142857133,0.14285714285714285,28.85632291666667,0.6666666666666666
2025-07-25,5.850250000000002,1,2025,121.34125,51.46036316069325,295.85,82.38,213.47000000000003,101.02142857142857,93.55247857142857,7.468950000000007,0.7142857142857143,-38.80529583333333,0.4166666666666667
2025-07-26,-1.525095833333335,0,2025,100.98,23.350172515888165,154.74,64.01,90.73,112.53428571428572,97.13952142857143,15.394764285714286,1.0,6.020952083333333,0.6666666666666666
2025-07-27,14.989873958333332,1,2025,85.22666666666667,35.9339757679658,158.64,8.85,149.79,89.77714285714285,66.76461071428572,23.012532142857143,1.0,-18.949181250000006,0.5
2025-07-28,40.15913977272727,1,2025,97.89583333333333,17.80831044806027,137.03,74.26,62.769999999999996,86.35357142857143,59.933567857142855,26.420003571428573,1.0,-2.145883333333336,0.5833333333333334
2025-07-29,11.274416666666664,1,2025,85.48166666666667,36.313088150341784,160.8,11.44,149.36,78.84857142857143,56.43919999999999,22.409371428571433,0.8571428571428571,40.743425,1.0
2025-07-30,5.452264583333336,1,2025,85.11583333333333,41.44626787799467,174.3,10.7,163.60000000000002,88.56928571428571,78.16445357142857,10.404832142857146,0.5714285714285714,-2.3989270833333367,0.4166666666666667
2025-07-31,6.919630208333334,1,2025,89.79458333333334,26.59812742332694,143.81,35.14,108.67,91.3442857142857,101.90351071428572,-10.559225,0.42857142857142855,-4.224318749999996,0.4166666666666667
2025-08-01,18.516628125,1,2025,95.53750000000001,26.292151457438198,151.28,50.95,100.33,96.85142857142857,89.13443214285714,7.7169964285714245,0.5714285714285714,14.301097916666668,0.6666666666666666
2025-08-02,4.095463541666667,1,2025,69.64208333333333,45.00821683234669,139.94,0.0,139.94,87.9057142857143,64.25190357142857,23.653810714285715,0.8571428571428571,14.99885416666667,0.6666666666666666
2025-08-03,-11.623793749999995,0,2025,45.06708333333333,44.40226262146781,119.14,-10.08,129.22,64.46142857142857,58.887828571428564,5.573600000000003,0.42857142857142855,-11.43239583333333,0.4166666666666667
2025-08-04,2.5435958333333306,1,2025,78.25208333333333,42.77544795376113,175.34,0.66,174.68,75.45071428571428,48.30287857142857,27.147835714285716,1.0,-22.834262499999998,0.25
2025-08-05,-16.263125,0,2025,54.79916666666667,51.10706927334168,152.54,-11.84,164.38,42.767857142857146,44.32901428571428,-1.561157142857145,0.7142857142857143,-17.84013958333334,0.4166666666666667
2025-08-06,-14.505303947368423,0,2025,66.94833333333334,49.645870327547996,174.78,-1.17,175.95,66.76357142857144,81.23974642857142,-14.476175000000003,0.2857142857142857,-21.913910416666663,0.3333333333333333
2025-08-07,18.634382291666668,1,2025,71.32416666666667,50.44761440618736,158.55,-2.97,161.52,88.69642857142857,64.80036785714286,23.896060714285717,0.8571428571428571,-25.071250000000003,0.14285714285714285
2025-08-08,10.865944791666664,1,2025,76.55499999999999,54.50024858339798,192.13,-0.01,192.14,90.47214285714287,72.78726785714285,17.684874999999998,1.0,-1.102629166666669,0.4166666666666667
2025-08-09,-2.6870260416666683,0,2025,67.21541666666667,54.81389469826746,155.7,-16.26,171.95999999999998,99.94428571428571,81.54519642857143,18.399089285714286,0.8571428571428571,-7.654766666666667,0.5
2025-08-10,-3.275959375,0,2025,48.736250000000005,58.211429836304106,129.89,-60.84,190.73,80.05499999999999,61.68550714285714,18.36949285714286,1.0,-20.217689583333335,0.4166666666666667
2025-08-11,-3.920513541666669,0,2025,85.18625,60.32885075278804,234.81,0.0,234.81,93.04499999999999,69.84161428571429,23.203385714285705,1.0,-14.063439583333334,0.3333333333333333
2025-08-12,13.852440625,1,2025,90.12583333333333,59.885571240104426,254.49,3.0,251.49,89.49642857142858,80.679125,8.817303571428573,0.7142857142857143,-30.65365833333333,0.5
2025-08-13,24.443098958333334,1,2025,97.55583333333334,61.120246764004115,275.16,13.46,261.70000000000005,91.57071428571429,69.55947857142857,22.011235714285714,1.0,18.763133333333336,0.5
2025-08-14,-0.1870670454545496,0,2025,106.56333333333333,54.922298763337245,282.28,41.85,240.42999999999998,92.62857142857142,103.29580714285714,-10.667235714285718,0.2857142857142857,29.3845,0.5
2025-08-15,-0.655791666666668,0,2025,73.60083333333334,43.669695085271435,131.66,0.0,131.66,89.2042857142857,90.61826428571429,-1.4139785714285742,0.7142857142857143,2.101119999999997,0.5
2025-08-16,8.931916666666668,1,2025,68.63666666666667,41.4523631955134,129.43,-0.01,129.44,87.30142857142857,71.15917142857143,16.142257142857144,0.7142857142857143,-2.9404395833333368,0.4166666666666667
2025-08-17,9.013868750000002,1,2025,62.79333333333333,42.681259879805985,111.92,-0.87,112.79,85.5257142857143,66.93312857142857,18.59258571428572,0.8571428571428571,-3.6762458333333314,0.5
2025-08-18,23.69800625,1,2025,91.77791666666667,46.43074290570163,218.21,14.23,203.98000000000002,90.65714285714286,60.573699999999995,30.083442857142863,1.0,0.9217250000000007,0.5833333333333334
2025-08-19,2.647307291666667,1,2025,92.07791666666667,39.11079179205465,186.4,27.83,158.57,94.62928571428571,96.31216785714287,-1.6828821428571428,0.5714285714285714,14.73203125,0.6666666666666666
2025-08-20,9.954621875,1,2025,91.02083333333333,26.273874429482834,138.93,35.0,103.93,91.48857142857142,77.49148214285715,13.997089285714285,0.7142857142857143,1.2831499999999982,0.3333333333333333
2025-08-21,10.128744791666668,1,2025,99.29416666666667,20.242933048493665,149.04,70.33,78.71,91.74071428571428,85.88314285714286,5.857571428571432,0.5714285714285714,2.004174999999998,0.5833333333333334
2025-08-22,12.976495833333331,1,2025,73.28166666666667,35.216998201420296,112.82,1.07,111.75,81.62214285714286,73.59507142857142,8.027071428571432,0.7142857142857143,2.7644250000000006,0.6666666666666666
2025-08-23,47.12827708333333,1,2025,68.73041666666667,45.129737855977794,131.06,0.05,131.01,88.82714285714285,66.58267857142857,22.244464285714287,0.7142857142857143,11.26892083333333,0.4166666666666667
2025-08-24,5.717720833333332,1,2025,61.673750000000005,48.45046872950452,117.21,-7.45,124.66,89.755,58.999050000000004,30.755950000000002,1.0,65.80374791666667,0.75
2025-08-25,10.837377173913044,1,2025,88.2725,49.55924739313454,223.2,5.93,217.26999999999998,62.79785714285715,70.36633928571429,-7.5684821428571425,0.2857142857142857,-13.746914583333336,0.4166666666666667
2025-08-26,26.900903125000003,1,2025,100.93583333333333,37.630302534534316,189.96,26.28,163.68,102.06285714285715,68.06388928571428,33.99896785714286,1.0,16.535320454545452,0.6363636363636364
2025-08-27,14.472385416666668,1,2025,105.52375,38.410312339549385,213.83,53.34,160.49,92.15285714285713,89.68690000000001,2.4659571428571416,0.5714285714285714,21.567031250000003,0.4166666666666667
2025-08-28,14.44770625,1,2025,88.42958333333333,45.54248503647008,178.48,17.65,160.82999999999998,96.0657142857143,79.9920392857143,16.073675,0.8571428571428571,16.584202083333334,0.6666666666666666
2025-08-29,49.20124270833333,1,2025,102.14,24.395641449634613,158.91,64.24,94.67,92.36785714285715,76.74879999999999,15.619057142857145,0.7142857142857143,5.141235416666667,0.5833333333333334
2025-08-30,-10.814503125,0,2025,73.4825,42.372135044871996,130.98,0.0,130.98,91.51785714285714,72.08610357142857,19.431753571428573,0.8571428571428571,43.84695833333333,0.9166666666666666
2025-08-31,-11.612180208333331,0,2025,57.864583333333336,46.39046978394767,137.1,-0.98,138.07999999999998,79.10285714285715,80.49018214285715,-1.387325000000003,0.5714285714285714,-44.23268124999999,0.4166666666666667
2025-09-01,13.062604166666665,1,2025,101.25458333333334,47.34417993515026,232.47,23.96,208.51,86.5992857142857,77.89687857142857,8.70240714285714,0.7142857142857143,-19.619895833333334,0.3333333333333333
2025-09-02,10.508891666666663,1,2025,115.35708333333334,55.19002686207201,292.65,68.32,224.32999999999998,93.20142857142856,90.62476428571428,2.5766642857142847,0.7142857142857143,10.054145833333331,0.4166666666666667
2025-09-03,3.626477083333331,1,2025,88.03125,52.53543543771608,215.25,5.83,209.42,105.19285714285715,115.053475,-9.860617857142861,0.42857142857142855,7.259527083333332,0.5833333333333334
2025-09-04,18.76540833333333,1,2025,96.43,74.99314983209554,325.57,3.2,322.37,84.96428571428571,80.34578928571429,4.6184964285714285,0.7142857142857143,-4.503043750000003,0.5833333333333334
2025-09-05,19.8833375,1,2025,105.84166666666668,27.277430337132223,171.17,73.41,97.75999999999999,91.55571428571429,78.07787142857144,13.47784285714286,0.8571428571428571,23.069945833333332,0.6666666666666666
2025-09-06,10.444915625,1,2025,79.095,51.49488805359396,174.68,-0.99,175.67000000000002,97.39857142857143,84.62386071428571,12.774710714285716,0.8571428571428571,21.22953958333333,0.8333333333333334
2025-09-07,4.257083333333334,1,2025,51.02708333333334,63.00825656587408,151.92,-53.4,205.32,84.80785714285715,62.300325,22.507532142857144,0.8571428571428571,3.3034083333333286,0.6666666666666666
2025-09-08,27.472153124999995,1,2025,127.00916666666666,83.28249207505671,417.98,61.82,356.16,91.38857142857144,86.53467142857143,4.853899999999995,0.8571428571428571,-5.275768749999998,0.4166666666666667
2025-09-09,64.67891041666667,1,2025,139.445,74.75519089145175,391.82,84.32,307.5,113.66999999999999,92.576625,21.09337499999999,0.7142857142857143,23.89305625,0.5
2025-09-10,36.76911666666667,1,2025,124.99291666666666,46.07918595287583,276.46,79.29,197.16999999999996,102.59214285714286,94.44985714285714,8.142285714285714,0.7142857142857143,61.84356666666667,0.75
2025-09-11,28.02396770833333,1,2025,97.99208333333333,43.06669418059537,237.01,55.65,181.35999999999999,66.22928571428572,44.84862857142857,21.380657142857142,0.8571428571428571,23.44060416666667,0.5
2025-09-12,20.567971875,1,2025,91.62166666666667,50.05907350900243,229.2,37.34,191.85999999999999,81.75642857142859,82.25417142857142,-0.4977428571428573,0.2857142857142857,34.481664583333334,0.6666666666666666
2025-09-13,6.086869791666667,1,2025,71.89166666666667,47.416325629806906,153.54,0.0,153.54,92.605,85.56060357142857,7.044396428571433,0.5714285714285714,16.99446875,0.3333333333333333
2025-09-14,13.313404166666666,1,2025,71.26625,44.01307037218554,153.3,-0.01,153.31,84.87,75.62336071428571,9.24663928571429,0.8571428571428571,-7.785391666666668,0.4166666666666667
2025-09-15,27.714596875,1,2025,62.440416666666664,49.63345886545966,162.58,9.24,153.34,74.27642857142857,61.0378,13.238628571428574,0.5714285714285714,15.442708333333334,0.6666666666666666
2025-09-16,0.8663625000000014,1,2025,88.49833333333333,34.24386821235194,186.56,47.56,139.0,49.992142857142866,74.519275,-24.52713214285714,0.14285714285714285,1.563422916666666,0.5
2025-09-17,5.170922916666667,1,2025,81.50916666666667,47.51217710427934,209.1,8.63,200.47,69.345,61.43000714285714,7.914992857142861,0.5714285714285714,19.380637500000002,0.5833333333333334
2025-09-18,8.959882291666666,1,2025,81.55833333333334,65.16594433789227,271.9,0.0,271.9,54.92714285714286,45.92938928571429,8.997753571428573,0.5714285714285714,-11.37170833333333,0.4166666666666667
2025-09-19,15.494128125000003,1,2025,96.31,88.21578563263272,409.24,0.0,409.24,68.64642857142857,54.711535714285716,13.934892857142861,0.7142857142857143,0.6293687499999981,0.4166666666666667
2025-09-20,9.501566666666667,1,2025,61.23375000000001,45.67960936143219,139.9,-10.11,150.01,78.66785714285713,56.14578928571429,22.522067857142854,1.0,13.38911458333334,0.5833333333333334
2025-09-21,3.852982291666668,1,2025,28.718333333333334,49.4489304994176,118.64,-14.06,132.7,19.459285714285716,-2.6525999999999996,22.111885714285712,0.7142857142857143,2.591964583333334,0.4166666666666667
2025-09-22,19.70535,1,2025,100.43166666666667,49.726899086446394,275.96,33.22,242.73999999999998,76.81285714285715,69.68083214285714,7.1320250000000005,0.8571428571428571,-8.025435416666665,0.5
2025-09-23,26.437497916666672,1,2025,118.11208333333333,50.90491579398549,306.74,79.33,227.41000000000003,91.89642857142857,80.23312857142857,11.663300000000003,0.7142857142857143,25.511591666666664,0.6666666666666666
2025-09-24,-14.441628125,0,2025,89.53083333333332,27.70436096838667,168.65,54.94,113.71000000000001,77.31642857142857,85.45600357142858,-8.139574999999995,0.42857142857142855,26.158070833333337,0.5
2025-09-25,-25.362875000000003,0,2025,96.14166666666667,24.890788704234357,146.82,65.81,81.00999999999999,72.095,61.452714285714286,10.642285714285714,0.5714285714285714,-33.3454875,0.4166666666666667
2025-09-26,24.412328125,1,2025,101.34166666666665,18.32307114628669,132.96,73.18,59.78,67.85571428571428,70.36319999999999,-2.5074857142857105,0.5714285714285714,-22.865258333333333,0.4166666666666667
2025-09-27,18.72290416666667,1,2025,93.25583333333333,23.735662567879412,147.18,37.13,110.05000000000001,87.38357142857141,87.86691071428572,-0.48333928571428786,0.42857142857142855,32.58260625,0.75
2025-09-28,45.84745833333333,1,2025,86.57166666666666,34.973026583437075,144.54,8.53,136.01,91.25142857142858,61.117275,30.134153571428566,1.0,20.687045833333332,0.6666666666666666
2025-09-29,45.53436354166666,1,2025,128.94125,74.39916808280213,402.21,79.22,322.99,94.05214285714285,77.87931785714285,16.172824999999996,0.7142857142857143,41.280699999999996,0.75
2025-09-30,33.613609375,1,2025,136.89666666666668,70.04711176534451,369.21,90.2,279.01,92.89714285714285,79.07104642857144,13.82609642857143,0.7142857142857143,55.622406250000004,0.75
2025-10-01,39.344823958333336,1,2025,120.50322916666666,63.67051650976781,396.77,67.58,329.19,94.69428571428571,79.23371785714286,15.46056785714286,0.42857142857142855,22.952885416666664,0.6666666666666666
2025-10-02,43.15147395833333,1,2025,109.2090625,38.03241133222321,236.78,68.08,168.7,86.755,40.9073,45.847699999999996,1.0,38.63613333333333,0.8333333333333334
2025-10-03,4.854456249999999,1,2025,91.15208333333334,42.649082619039,200.02,15.86,184.16000000000003,82.80571428571429,91.60286785714285,-8.797153571428575,0.2857142857142857,13.033395833333332,0.5833333333333334
2025-10-04,-77.26492604166667,0,2025,36.14541666666667,28.646996679790536,114.26,-1.25,115.51,104.73071428571428,282.53143214285717,-177.80071785714284,0.0,7.411022916666666,0.4166666666666667
2025-10-05,-63.00158541666666,0,2025,28.061875,41.56141184250248,153.35,-3.16,156.51,25.797857142857143,76.11543571428571,-50.31757857142857,0.14285714285714285,-9.816264583333334,0.5833333333333334
2025-10-06,-13.072107291666663,0,2025,90.278125,37.00006157356186,176.89,1.51,175.38,100.48785714285714,205.474125,-104.98626785714285,0.14285714285714285,-38.146879166666665,0.4166666666666667
2025-10-07,45.257803125,1,2025,138.27739583333332,56.61171735222296,303.74,87.9,215.84,110.66285714285713,90.10126785714286,20.561589285714287,0.8571428571428571,28.854718750000004,0.9166666666666666
2025-10-08,76.16155729166667,1,2025,117.06729166666668,35.73591133444772,235.23,85.5,149.73,94.58285714285714,89.45278214285713,5.130074999999999,0.7142857142857143,31.746625000000005,0.75
2025-10-09,44.29543854166667,1,2025,105.97625,20.232658240421213,173.11,74.01,99.10000000000001,97.9192857142857,66.18508928571428,31.734196428571426,1.0,105.3080875,1.0
2025-10-10,-0.1517156249999996,0,2025,90.93177083333335,19.384752336486784,157.81,52.73,105.08000000000001,90.38214285714285,132.7480142857143,-42.36587142857143,0.14285714285714285,50.75606458333334,0.8333333333333334
2025-10-11,6.569188541666669,1,2025,91.66895833333332,23.34290612310151,151.0,41.42,109.58,87.83285714285715,66.25783214285715,21.575025,1.0,17.25502083333333,0.75
2025-10-12,18.858664583333333,1,2025,87.06093750000001,15.675454770747058,122.22,25.99,96.23,92.09142857142857,74.47856428571428,17.612864285714284,0.8571428571428571,5.365285416666669,0.75
2025-10-13,55.111646875,1,2025,127.63510416666666,63.6235805507227,382.74,62.71,320.03000000000003,96.78714285714285,74.65730714285714,22.12983571428572,0.8571428571428571,20.066370833333334,0.75
2025-10-14,50.07035625,1,2025,151.01572916666666,81.51776641670195,483.56,97.57,385.99,113.785,148.44625714285715,-34.661257142857146,0.5714285714285714,65.43469375000001,0.9166666666666666
2025-10-15,26.59437916666667,1,2025,136.14447916666666,57.33042911825945,352.89,59.3,293.59,113.15785714285714,82.58965,30.568207142857144,0.8571428571428571,86.82591666666667,0.8333333333333334
2025-10-16,2.76331770833333,1,2025,102.208125,18.393208089286368,147.9,72.96,74.94000000000001,90.41428571428571,81.08813214285715,9.326153571428572,0.8571428571428571,14.680954166666671,0.5833333333333334
2025-10-17,3.412998958333335,1,2025,108.98072916666666,22.520620924635722,162.92,75.76,87.15999999999998,98.46428571428571,81.06895357142857,17.395332142857143,0.42857142857142855,-17.40234375000001,0.4166666666666667
2025-10-18,43.128191666666666,1,2025,92.00375000000001,15.925965111629562,159.89,60.93,98.95999999999998,89.961,103.09817000000001,-13.137170000000006,0.2,-7.992306250000001,0.6666666666666666
2025-10-19,32.12979479166667,1,2025,83.4615625,28.644841487581733,141.48,11.97,129.51,78.27142857142857,86.18904285714287,-7.917614285714284,0.42857142857142855,73.05695833333333,0.9166666666666666
2025-10-20,43.07725869565217,1,2025,78.34208333333333,26.7715597295129,147.03,23.28,123.75,114.91416666666667,100.68634583333333,14.227820833333327,0.5,32.022937500000005,0.6666666666666666
2025-10-21,2.948314473684208,1,2025,97.97874999999999,35.643261096299085,210.37,7.3,203.07,110.1025,101.4361625,8.666337499999997,0.5,52.16715625,0.8333333333333334
2025-10-22,16.923708333333334,1,2025,131.79906250000002,58.07315017020163,337.26,82.69,254.57,99.34375,155.23919375,-55.89544375,0.0,2.843447727272723,0.8181818181818182
2025-10-23,-234.6340895833333,0,2025,102.45145833333333,24.844045139701162,162.61,58.23,104.38000000000002,106.08214285714287,365.7972642857143,-259.7151214285714,0.0,33.02520416666667,0.6666666666666666
2025-10-24,51.78113333333334,1,2025,90.65822916666667,41.29063352421636,165.97,16.5,149.47,73.88071428571428,49.42616071428571,24.45455357142857,0.7142857142857143,-2.208010416666666,0.5
2025-10-25,-0.0972458333333345,0,2025,49.365312499999995,27.539740928840118,119.1,-9.73,128.82999999999998,37.526428571428575,58.8838,-21.357371428571433,0.42857142857142855,64.48658541666667,0.8333333333333334
2025-10-26,7.8162913043478275,1,2025,54.413599999999995,36.47989008821826,140.69,-6.01,146.7,48.923333333333325,32.17744166666667,16.745891666666665,0.6666666666666666,11.509970833333334,0.6666666666666666
2025-10-27,41.36707673611111,1,2025,89.70291666666667,38.801749388578266,159.53,-13.01,172.54,18.273095238095237,-30.298624999999998,48.57172023809523,0.2857142857142857,11.460818750000001,0.6666666666666666
2025-10-28,38.278054347826085,1,2025,78.33770833333334,24.45329957196248,129.96,3.07,126.89000000000001,37.49333333333333,-13.046495833333333,50.539829166666664,0.8333333333333334,49.82638125,0.75
2025-10-29,4.8422968750000015,1,2025,99.60385416666666,29.737421591048744,175.83,51.98,123.85000000000002,79.86428571428571,113.55730357142856,-33.693017857142856,0.14285714285714285,36.56087708333334,0.6666666666666666
2025-10-30,-4.1312250000000015,0,2025,104.54989583333334,33.71389241980668,185.32,45.75,139.57,90.33,137.13438214285716,-46.80438214285715,0.2857142857142857,11.879295833333336,0.5833333333333334
2025-10-31,10.967309375,1,2025,107.87010416666668,34.81395774216493,247.0,36.0,211.0,153.2357142857143,201.70334642857142,-48.46763214285714,0.2857142857142857,12.217297916666672,0.6666666666666666
2025-11-01,7.566378125000001,1,2025,68.50052083333334,28.85258048734132,126.92,14.4,112.52,78.23428571428572,74.64746071428571,3.5868250000000006,0.5714285714285714,43.278325,0.75
2025-11-02,14.606621874999997,1,2025,94.44822916666668,19.473112474967092,141.33,73.73,67.60000000000001,80.675,76.30481785714287,4.37018214285714,0.5714285714285714,-1.255499999999999,0.5833333333333334
2025-11-03,24.264580208333328,1,2025,104.72104166666666,23.907319798675477,156.18,38.42,117.76,81.19571428571429,56.019842857142855,25.175871428571423,1.0,26.51051666666666,0.75
2025-11-04,-59.16550588235295,0,2025,105.29145833333332,30.297066245992127,182.16,17.83,164.32999999999998,86.94928571428571,62.64296785714286,24.30631785714286,1.0,15.287874999999994,0.6666666666666666
2025-11-05,18.71164545454545,1,2025,105.58822916666666,20.64927239675411,158.78,70.47,88.31,,,,,-253.49537500000005,0.0
2025-11-06,3.010517708333333,1,2025,103.55114583333334,18.555890077492442,157.68,75.7,81.98,83.85642857142857,71.25769642857142,12.598732142857143,0.8571428571428571,18.711645454545454,0.7272727272727273
2025-11-07,13.682885416666666,1,2025,117.03385416666667,39.84876743440966,282.65,78.73,203.91999999999996,87.72500000000001,85.8460857142857,1.8789142857142818,0.7142857142857143,14.3896625,0.8333333333333334
2025-11-08,6.617586458333331,1,2025,112.73083333333334,14.637388296426074,159.92,88.98,70.93999999999998,98.71571428571428,85.99957500000001,12.71613928571428,1.0,25.222906250000005,0.75
2025-11-09,17.62324166666667,1,2025,105.56854166666666,14.165997018744841,144.87,86.47,58.400000000000006,92.75142857142858,70.83642857142857,21.914999999999996,1.0,0.37611666666666227,0.6666666666666666
2025-11-10,28.168010416666664,1,2025,127.26291666666667,31.525683695300565,219.64,87.95,131.69,89.015,64.53598214285714,24.479017857142853,1.0,12.675989583333338,0.6666666666666666
2025-11-11,27.574828125,1,2025,106.95364583333333,19.810910503786417,155.0,77.38,77.62,85.63857142857144,63.90539285714285,21.73317857142857,0.8571428571428571,25.008825,0.9166666666666666
2025-11-12,14.395473958333332,1,2025,115.38052083333334,31.663574734843746,237.21,62.31,174.9,90.12642857142858,90.307025,-0.18059642857142957,0.5714285714285714,28.52975208333333,1.0
2025-11-13,9.519101041666664,1,2025,144.2246875,38.17280073155216,296.19,77.3,218.89,97.60142857142857,104.09564285714285,-6.494214285714286,0.2857142857142857,30.53249166666666,0.8333333333333334
2025-11-14,19.60753229166667,1,2025,119.97510416666667,21.422457669945665,186.72,78.25,108.47,104.65857142857143,93.38463214285714,11.27393928571429,0.7142857142857143,35.07922291666666,0.5833333333333334
2025-11-15,22.94668854166667,1,2025,115.81489583333332,18.242384192908187,182.8,92.14,90.66000000000001,87.035,84.94311428571429,2.0918857142857123,0.42857142857142855,23.91393125,0.8333333333333334
2025-11-16,12.546545833333337,1,2025,108.66166666666668,11.321564023129687,136.65,75.4,61.25,94.86928571428572,88.81185714285714,6.057428571428576,0.7142857142857143,26.19827916666667,0.8333333333333334
2025-11-17,13.041938541666669,1,2025,107.62145833333334,20.924816190058145,141.39,72.0,69.38999999999999,91.39,90.87235357142858,0.5176464285714317,0.42857142857142855,13.058945833333333,0.75
2025-11-18,17.413580208333332,1,2025,108.54739583333333,25.280669388405784,180.04,77.15,102.88999999999999,82.80571428571429,72.90565714285715,9.900057142857142,0.7142857142857143,18.385860416666667,0.9166666666666666
2025-11-19,17.637743750000002,1,2025,119.30552083333333,31.59612024383246,239.6,81.43,158.17,93.62071428571429,80.51365714285714,13.107057142857144,0.8571428571428571,23.39787916666667,1.0
2025-11-20,35.55081666666667,1,2025,134.13354166666667,33.911531930169104,229.18,85.96,143.22000000000003,89.71357142857143,81.14434642857142,8.569225000000003,0.8571428571428571,14.875841666666666,0.8333333333333334
2025-11-21,42.17281666666666,1,2025,147.35072916666667,51.54802188751135,315.42,86.06,229.36,98.39714285714285,85.20613928571429,13.19100357142857,1.0,44.69720833333334,1.0
2025-11-22,-9.662948958333333,0,2025,110.12281250000001,24.014281965579745,174.57,77.91,96.66,84.49000000000001,101.65665357142858,-17.166653571428565,0.14285714285714285,54.051116666666665,0.9166666666666666
2025-11-23,-6.176927083333332,0,2025,100.873125,27.3823124744308,168.41,58.71,109.69999999999999,79.20214285714285,103.36190357142857,-24.15976071428571,0.14285714285714285,-2.914433333333335,0.5833333333333334
2025-11-24,54.578496875000006,1,2025,162.93260416666666,64.77273499251122,318.53,69.3,249.22999999999996,88.35142857142857,93.96711785714285,-5.615689285714285,0.42857142857142855,6.686470833333332,0.5
2025-11-25,65.88992083333333,1,2025,235.54666666666665,113.22192685784638,414.25,90.79,323.46,84.39928571428572,104.76025,-20.36096428571429,0.14285714285714285,100.75144166666666,1.0
2025-11-26,8.18464166666667,1,2025,161.00916666666666,66.19508984281423,365.77,82.14,283.63,89.87428571428572,121.19170357142858,-31.317417857142857,0.42857142857142855,80.22363541666667,1.0
2025-11-27,27.007684375,1,2025,118.69864583333333,33.53825782814202,196.59,51.78,144.81,79.485,84.98775357142857,-5.502753571428575,0.5714285714285714,26.28741875000001,0.8333333333333334
2025-11-28,19.203518750000004,1,2025,118.97093749999999,30.590703681730194,206.37,62.29,144.08,92.43999999999998,88.91591785714286,3.5240821428571443,0.7142857142857143,30.671624999999995,0.6666666666666666
2025-11-29,36.70997083333334,1,2025,111.68958333333335,19.121065424877763,152.92,81.2,71.71999999999998,98.75785714285715,74.88448214285714,23.873375000000006,1.0,27.95272916666667,0.9166666666666666
2025-11-30,8.736363541666666,1,2025,101.87093750000001,17.4230330357396,137.55,81.91,55.640000000000015,83.97142857142856,62.27737857142858,21.69405,0.8571428571428571,42.17250416666667,0.9166666666666666
2025-12-01,38.3110625,1,2025,159.49177083333333,53.24090593943901,290.51,88.44,202.07,92.64,93.78050357142857,-1.1405035714285714,0.2857142857142857,5.157089583333332,0.75
2025-12-02,47.908282291666666,1,2025,148.2496875,38.849692661606944,231.49,88.78,142.71,94.3092857142857,80.13801428571428,14.171271428571426,0.8571428571428571,82.36902500000001,1.0
2025-12-03,36.818440625,1,2025,165.62395833333332,61.20293330567827,360.16,96.41,263.75,100.62071428571429,84.37682142857143,16.24389285714286,0.8571428571428571,47.687635416666666,0.9166666666666666
2025-12-04,51.05531875,1,2025,132.80739583333335,28.611058305442945,191.94,89.15,102.78999999999999,108.52714285714286,79.39892857142857,29.128214285714286,1.0,45.41978125,0.75
2025-12-05,21.870089583333336,1,2025,133.010625,33.88893729794741,199.88,72.13,127.75,98.6557142857143,85.2463,13.409414285714282,0.8571428571428571,68.89881666666666,1.0
2025-12-06,37.60161145833334,1,2025,101.95270833333332,17.39353978556204,134.66,70.04,64.61999999999999,78.05071428571429,54.15018571428571,23.900528571428573,1.0,22.93214791666667,0.9166666666666666
2025-12-07,6.41611666666667,1,2025,94.02749999999999,14.65484708749618,119.8,60.97,58.83,73.775,125.2545142857143,-51.47951428571428,0.14285714285714285,37.797266666666665,0.9166666666666666
2025-12-08,11.443559375,1,2025,105.2815625,20.71438987899982,136.33,61.61,74.72000000000001,70.59714285714286,78.9181607142857,-8.32101785714285,0.2857142857142857,25.32151875,0.9166666666666666
2025-12-09,19.128673958333334,1,2025,111.3021875,21.386158199473197,159.36,65.87,93.49000000000001,85.80785714285715,89.56311071428571,-3.7552535714285673,0.42857142857142855,15.729349999999997,0.75
2025-12-10,9.956207291666669,1,2025,101.09697916666666,15.741332995103035,139.79,73.42,66.36999999999999,78.65642857142858,92.56015000000001,-13.90372142857143,0.14285714285714285,33.27444583333333,0.8333333333333334
2025-12-11,18.48982023809524,1,2025,106.1953125,13.72387232089629,136.45,85.11,51.33999999999999,82.61071428571428,93.12132857142856,-10.510614285714281,0.42857142857142855,19.62073541666667,0.8333333333333334
2025-12-12,13.121681249999996,1,2025,118.53770833333334,19.06687916279883,175.77,89.52,86.25000000000001,94.26571428571428,96.33154642857143,-2.065832142857147,0.5714285714285714,28.441222222222226,0.8888888888888888
2025-12-13,2.521320833333334,1,2025,105.28333333333335,10.786759785341783,128.2,83.68,44.51999999999998,95.03714285714285,92.83792142857143,2.199221428571427,0.8571428571428571,18.062860416666663,0.75
2025-12-14,3.014832291666668,1,2025,97.81447916666667,11.245877922696522,122.37,79.05,43.32000000000001,91.60000000000001,82.61620357142858,8.983796428571429,0.7142857142857143,1.8026208333333338,0.75
2025-12-15,17.729031250000002,1,2025,112.18052083333333,22.962996245437626,174.18,70.74,103.44000000000001,89.86357142857142,85.07621428571429,4.78735714285714,0.7142857142857143,-3.215777083333331,0.5833333333333334
2025-12-16,26.469614583333332,1,2025,125.67697916666667,27.058578097772344,202.92,85.56,117.35999999999999,101.21000000000001,88.05871428571429,13.151285714285716,0.8571428571428571,28.364083333333337,0.8333333333333334
2025-12-17,41.35846875,1,2025,122.70291666666667,21.025119808991715,163.89,90.66,73.22999999999999,95.03571428571429,77.00817857142859,18.027535714285712,0.8571428571428571,42.272666666666666,0.75
2025-12-18,37.8100625,1,2025,116.12729166666666,27.16263209008662,183.32,60.29,123.03,76.21071428571429,57.75810714285715,18.45260714285714,0.7142857142857143,42.54387500000001,0.9166666666666666
2025-12-19,58.35221739130435,1,2025,102.98895833333334,18.346293959854766,138.82,62.2,76.61999999999999,68.22785714285715,53.93839285714286,14.289464285714287,0.7142857142857143,34.17389583333334,0.8333333333333334
2025-12-20,-3.68175,0,2025,109.46375,14.641721228268072,138.11,84.06,54.05000000000001,92.10714285714286,95.06521428571429,-2.958071428571425,0.42857142857142855,58.69077272727273,1.0
2025-12-21,19.4309375,1,2025,104.65083333333332,11.832530686887749,128.29,77.82,50.47,98.36785714285715,83.23325,15.134607142857146,0.8571428571428571,-5.7114791666666695,0.25
2025-12-22,7.574177083333332,1,2025,108.96322916666666,18.752658337576502,141.99,78.99,63.000000000000014,85.98571428571428,73.98092857142856,12.004785714285715,0.8571428571428571,26.562500000000004,0.9166666666666666
2025-12-23,-3.462697916666666,0,2025,98.14020833333332,17.668239657298027,124.46,64.43,60.02999999999999,74.82357142857143,81.03617857142856,-6.212607142857144,0.2857142857142857,13.522895833333331,0.75
2025-12-24,7.824916666666667,1,2025,85.1228125,15.064971270301184,122.39,55.62,66.77000000000001,66.21000000000001,65.60732142857144,0.6026785714285705,0.5714285714285714,11.317729166666668,0.5833333333333334
2025-12-25,-9.440989583333334,0,2025,84.5115625,18.935394389628893,120.02,47.16,72.86,67.64428571428572,99.16607142857143,-31.521785714285716,0.14285714285714285,14.643833333333333,0.6666666666666666
2025-12-26,3.2229791666666663,1,2025,98.12208333333332,14.741300229496057,123.3,75.12,48.17999999999999,91.25928571428571,104.26614285714287,-13.006857142857152,0.42857142857142855,1.5453749999999988,0.6666666666666666
2025-12-27,15.666864583333336,1,2025,94.62072916666666,15.144006439567645,137.97,69.24,68.73,82.91571428571429,77.81564285714285,5.1000714285714315,0.8571428571428571,11.619604166666667,0.75
2025-12-28,10.97775,1,2025,94.34104166666667,11.887040575364042,122.17,75.39,46.78,89.19714285714285,86.99717857142856,2.1999642857142843,0.5714285714285714,16.66989583333334,0.75
2025-12-29,6.551375000000001,1,2025,95.58260416666667,12.400424122185813,128.08,70.53,57.55000000000001,83.345,85.58975,-2.244749999999994,0.42857142857142855,11.472562500000004,0.8333333333333334
2025-12-30,11.854843750000002,1,2025,89.34822916666667,12.8887314303531,120.49,66.63,53.86,86.13071428571428,80.97189285714286,5.158821428571433,0.7142857142857143,6.851937499999997,0.75
2025-12-31,-6.321645833333334,0,2025,95.52541666666667,16.996668089374182,154.4,74.41,79.99000000000001,84.77214285714285,81.85003571428571,2.9221071428571412,0.7142857142857143,7.84075,0.5833333333333334
2026-01-01,-13.918032291666668,0,Jan 2026,64.19989583333333,25.047521381515107,109.39,11.04,98.35,72.32214285714285,97.37835357142856,-25.056210714285708,0.14285714285714285,-5.830437500000002,0.3333333333333333
2026-01-02,3.143372916666665,1,Jan 2026,86.5278125,29.37011145268981,126.29,18.33,107.96000000000001,73.14142857142858,66.07431071428572,7.067117857142855,0.7142857142857143,-13.4889125,0.3333333333333333
2026-01-03,-12.653527083333332,0,Jan 2026,92.32010416666667,12.078134527866693,119.82,75.3,44.519999999999996,77.84214285714286,85.87158571428571,-8.029442857142856,0.2857142857142857,-2.8684479166666663,0.5
2026-01-04,3.657576086956525,1,Jan 2026,95.27895833333334,12.874035925410949,123.5,82.19,41.31,85.79642857142858,75.02173928571428,10.774689285714286,0.7142857142857143,-17.39745,0.0
2026-01-05,-52.044792708333325,0,Jan 2026,139.18145833333332,43.544243609633256,244.39,82.58,161.81,91.25928571428571,175.05045357142856,-83.79116785714287,0.0,-3.6456886363636354,0.2727272727272727
2026-01-06,-20.701030208333325,0,Jan 2026,128.44875,23.037623746704792,189.91,84.64,105.27,132.25428571428571,145.2074142857143,-12.95312857142857,0.0,-45.277385416666654,0.16666666666666666
2026-01-07,-27.647445833333325,0,Jan 2026,146.62239583333334,44.51588494115666,238.6,80.79,157.81,87.36,81.06732857142858,6.292671428571426,0.8571428571428571,-24.033060416666657,0.25
2026-01-08,-16.16732187500001,0,Jan 2026,171.38250000000002,64.41851721360872,283.31,80.8,202.51,100.82214285714285,119.17255357142858,-18.350410714285715,0.14285714285714285,-52.613512499999985,0.08333333333333333
2026-01-09,-25.058932291666668,0,Jan 2026,137.92458333333335,32.93672903954734,224.19,82.75,141.44,101.33214285714287,163.64779642857144,-62.315653571428584,0.0,-9.24091041666667,0.25
2026-01-10,-10.579414583333334,0,Jan 2026,124.68968749999999,16.897896128971986,164.08,95.58,68.50000000000001,102.1557142857143,113.48023571428573,-11.324521428571426,0.14285714285714285,1.8295791666666734,0.4166666666666667
2026-01-11,8.686772916666667,1,Jan 2026,99.02625,12.508160052331313,126.74,80.93,45.80999999999999,90.6557142857143,71.51633928571428,19.139375,1.0,-6.569233333333333,0.16666666666666666
2026-01-12,49.672425,1,Jan 2026,205.93864583333334,91.36738773959482,403.85,81.17,322.68,97.05785714285715,92.26634642857142,4.791510714285715,0.8571428571428571,10.952427083333328,0.8333333333333334
2026-01-13,-12.163355208333336,0,Jan 2026,231.0434375,97.68385932317446,376.75,91.41,285.34000000000003,113.88214285714287,132.4621392857143,-18.579996428571423,0.2857142857142857,61.494508333333336,0.6666666666666666
2026-01-14,39.05504479166667,1,Jan 2026,168.52020833333333,45.46675076601908,259.0,102.69,156.31,116.98857142857143,86.79896428571429,30.18960714285715,1.0,18.58288333333333,0.6666666666666666
2026-01-15,25.32750416666667,1,Jan 2026,166.2378125,47.01921974778813,260.14,102.72,157.42,111.34642857142856,94.64041428571429,16.706014285714286,0.8571428571428571,53.494652083333335,0.75
2026-01-16,-2.4132854166666675,0,Jan 2026,147.43354166666668,28.046498307713225,209.15,95.68,113.47,105.12785714285714,98.42810714285714,6.699750000000001,0.7142857142857143,16.079812500000003,0.9166666666666666
2026-01-17,6.977613166666671,1,Jan 2026,117.77749999999999,13.16590477031688,145.61,95.24,50.37000000000002,113.77214285714285,104.219562,9.552580857142857,0.5714285714285714,27.50538333333333,0.8333333333333334
2026-01-18,5.107888541666664,1,Jan 2026,110.40072916666666,11.618544273774859,143.76,93.75,50.00999999999999,102.38142857142859,101.58781785714287,0.7936107142857113,0.42857142857142855,12.967385416666673,0.5833333333333334
2026-01-19,-24.169972031249998,0,Jan 2026,146.66354166666667,44.173875417828405,275.17,97.7,177.47000000000003,99.27428571428571,115.10783214285713,-15.833546428571427,0.42857142857142855,-4.415552083333335,0.4166666666666667
2026-01-20,-25.988963541666678,0,Jan 2026,165.05625,63.54677669162094,353.9,105.95,247.95,119.67214285714284,209.5629642857143,-89.89082142857144,0.0,-32.01180447916666,0.3333333333333333
2026-01-21,-8.364271875,0,Jan 2026,160.40177083333333,42.56030003343965,273.89,109.92,163.96999999999997,138.16642857142855,186.86884642857143,-48.70241785714286,0.0,0.1334000000000041,0.4166666666666667
2026-01-22,43.47986874999999,1,Jan 2026,162.13802083333334,61.011697663900016,401.35,97.46,303.89000000000004,121.44142857142856,50.46798571428571,70.97344285714284,1.0,1.5544604166666718,0.5833333333333334
2026-01-23,39.97162291666667,1,Jan 2026,198.80437500000002,71.30370120772868,491.43,110.12,381.31,106.77928571428572,92.71332857142856,14.065957142857146,0.8571428571428571,46.73422708333333,0.9166666666666666
2026-01-24,0.4763447916666656,1,Jan 2026,128.388125,16.764479825386463,157.23,104.71,52.519999999999996,118.82571428571428,123.20171785714285,-4.376003571428569,0.42857142857142855,30.001625,0.6666666666666666
