trial,cv_mae,state,datetime,duration_sec,param_n_estimators,param_learning_rate,param_max_depth,param_num_leaves,param_min_child_samples,param_subsample,param_colsample_bytree,param_reg_alpha,param_reg_lambda,param_max_error_lag,param_use_roll_3h,param_use_roll_6h,param_use_roll_12h,param_use_roll_24h,param_use_roll_48h,param_use_roll_median,param_use_error_trends,param_use_momentum,param_momentum_w1,param_momentum_w2,param_use_load_volatility,param_use_load_trend,param_use_load_range,param_reg_lag_depth,param_use_reg_std,param_use_reg_range,param_use_seasonal_error,param_use_hour_cyclical,param_use_dow_cyclical,param_use_is_weekend,param_use_same_hour_yesterday,param_use_same_hour_2d,param_use_same_hour_week,param_use_error_sign,param_use_forecast_level,param_use_forecast_diff,param_finetune_weight,param_finetune_days,best_so_far,is_best
0,65.53012767492255,COMPLETE,2026-02-02T15:02:50.568622,1.046485,156,0.09429379054744258,10,48,60,0.8998023008300269,0.7873371127049755,0.008875465046421971,0.20778708193951595,10,True,False,True,False,False,True,True,True,0.5212102816938194,0.3805707392349148,True,True,False,3,True,False,False,True,True,False,True,False,True,True,True,False,5.536501749867398,115,65.53012767492255,True
1,64.62268185263845,COMPLETE,2026-02-02T15:02:51.190805,0.621213,194,0.08997232542620824,4,91,65,0.6262387073408042,0.9562543135237165,0.012298997945562669,0.005918651986363987,22,False,True,False,False,False,False,False,False,0.38675340774614786,0.22018637336479416,False,False,True,4,True,True,False,True,True,False,False,True,False,False,True,False,5.9805133654653275,124,64.62268185263845,True
2,65.83134278521338,COMPLETE,2026-02-02T15:02:52.583710,1.391829,139,0.010361094808239102,5,23,59,0.7824095312385909,0.785667125774333,0.0005142229108617576,0.026268809517702045,23,False,False,True,False,True,True,False,False,0.41279161055993097,0.34870728111551996,True,True,False,3,True,True,True,True,False,False,True,False,True,True,False,False,7.187191058595154,122,64.62268185263845,False
3,65.34250026938783,COMPLETE,2026-02-02T15:02:54.052825,1.468149,179,0.07225425340565915,11,20,38,0.5395678325434579,0.8949449897474367,0.5573433703175109,0.7048651636151185,15,True,True,True,True,True,True,True,False,0.4606939837207529,0.26455508021202995,False,False,False,2,True,True,False,True,False,False,False,True,True,True,False,True,6.520361354742146,85,64.62268185263845,False
4,65.27964775648988,COMPLETE,2026-02-02T15:02:55.847145,1.793319,161,0.05004183033067716,12,56,21,0.5177496816141423,0.773295541596281,0.0017857706926582078,0.10409479066887348,8,False,False,False,False,True,False,False,True,0.5740007707486847,0.1000795364477158,True,True,False,4,True,False,True,True,True,False,True,True,True,False,False,True,5.209748793568565,146,64.62268185263845,False
5,63.98893199454891,COMPLETE,2026-02-02T15:02:58.591161,2.743036,502,0.026662752210862745,5,93,12,0.8340495317070322,0.6860096166676528,0.0014179786646626965,0.0332985590098832,23,True,True,True,False,False,True,True,True,0.5348810719720389,0.33458672382140897,False,False,True,3,False,True,True,False,False,False,True,True,True,True,False,True,2.1257711909432335,140,63.98893199454891,True
6,65.46332348922667,COMPLETE,2026-02-02T15:03:02.971669,4.379483,302,0.025553528625058726,12,98,25,0.8018179136770811,0.9405855940230358,0.002757107472886435,0.0005033754885368436,24,False,True,True,True,True,False,True,False,0.6918414241620191,0.34517415428814935,True,True,True,1,False,False,False,False,True,True,False,False,False,False,True,True,6.6432543188229936,94,63.98893199454891,False
7,64.18310296522186,COMPLETE,2026-02-02T15:03:04.926547,1.95404,583,0.031580478694118015,4,92,46,0.9816574592907925,0.8689751988154053,0.0007320143829542125,0.022152581296840296,16,True,False,True,False,True,True,False,True,0.6660925455278983,0.2331196793431282,False,True,True,2,False,True,True,False,False,False,False,True,False,False,False,True,6.607493974708122,67,63.98893199454891,False
8,65.23576134252131,COMPLETE,2026-02-02T15:03:06.442430,1.515018,303,0.06052641780878979,6,63,50,0.8368222346495667,0.730719728890153,0.4294562905418902,0.07157503981589824,13,False,False,False,False,True,False,False,True,0.43619287245476307,0.1973141463270225,False,True,True,2,True,False,True,False,True,True,False,True,False,False,False,True,5.869048918347135,102,63.98893199454891,False
9,63.794004210212954,COMPLETE,2026-02-02T15:03:08.251447,1.807981,207,0.020513232684936704,6,36,76,0.5167946416745677,0.44209995325512247,0.0014850379719554964,0.0015023497782538288,24,True,True,True,True,True,True,False,False,0.6494685963263174,0.2763273375250034,False,True,True,4,False,False,True,True,False,True,True,False,True,False,False,True,1.843822645237008,148,63.794004210212954,True
10,64.10410819698342,COMPLETE,2026-02-02T15:03:10.610155,2.357605,408,0.01524214737498446,8,41,80,0.6693507933848226,0.4002592476389237,0.10865319754208722,0.00012111941681778536,19,True,True,False,True,False,True,False,False,0.32980803122075275,0.2831768538743566,False,False,True,4,False,False,True,True,False,True,True,False,True,False,True,False,1.2981142078358388,52,63.794004210212954,False
11,64.31197655935385,COMPLETE,2026-02-02T15:03:15.200145,4.589142,533,0.01998072314436798,7,74,11,0.6820557814864593,0.5452303323372867,0.00012354026733515854,0.0026632019754898933,19,True,True,True,True,False,True,True,True,0.5940291665959238,0.31109752973008,False,False,True,3,False,True,True,False,False,True,True,False,True,True,False,True,2.121968953524515,147,63.794004210212954,False
12,64.5589065414699,COMPLETE,2026-02-02T15:03:17.829126,2.628146,440,0.03778713278075203,6,76,76,0.8946595487181016,0.5905732986465477,3.9581343439900767,3.3775084171746665,20,True,True,True,True,False,True,True,True,0.6147947331163393,0.17819911572312722,False,False,True,4,False,False,True,False,False,True,True,False,True,True,False,True,3.3273893751750396,138,63.794004210212954,False
13,63.7020797609509,COMPLETE,2026-02-02T15:03:20.922080,3.091859,484,0.01724817092056057,8,35,34,0.7172256132816512,0.4083064456739865,0.00011606167965732636,0.002735820394806514,21,True,True,True,True,False,True,True,False,0.5323268077016607,0.3996152024359336,False,False,True,3,False,True,True,False,False,True,True,True,True,True,False,True,3.13917936225909,132,63.7020797609509,True
14,64.0411341280453,COMPLETE,2026-02-02T15:03:23.163876,2.240986,263,0.014855532734367695,9,35,35,0.5909664405613682,0.403847285237921,0.00010160211668940598,0.001397987291081492,20,True,True,True,True,True,True,False,False,0.6427255943126002,0.38406092291306804,False,True,True,4,False,True,True,False,False,True,True,True,True,False,False,True,3.890923905608367,130,63.7020797609509,False
15,63.6778486355921,COMPLETE,2026-02-02T15:03:26.056622,2.891736,390,0.017456570156358677,8,35,34,0.6963558137663358,0.49999285246351527,0.0003203623324967989,0.00039752862598903504,17,True,True,True,True,False,True,True,False,0.48113160050291376,0.13191752663062953,False,False,True,3,False,False,True,True,False,True,True,False,True,True,False,True,2.9417138629374175,106,63.6778486355921,True
16,63.809289600848984,COMPLETE,2026-02-02T15:03:28.661024,2.603337,399,0.010177936451055398,8,27,31,0.7066320697897251,0.5077109916914125,0.0002553415698409239,0.00014925692582960277,16,True,True,True,True,False,True,True,False,0.48096927306999926,0.12390685088105564,False,False,True,1,False,True,True,False,False,True,True,False,True,True,False,True,3.2210449912130374,106,63.6778486355921,False
17,64.0674550024121,COMPLETE,2026-02-02T15:03:32.207105,3.545096,475,0.013578154074030143,9,47,42,0.7277183731536195,0.5896793906276762,0.005128743027357581,0.0004534516818893984,13,True,True,True,True,False,True,True,False,0.5517630291796565,0.15415796322127834,False,False,True,3,False,False,True,True,False,True,True,True,True,True,False,True,4.481722219137607,81,63.6778486355921,False
18,63.8735695153886,COMPLETE,2026-02-02T15:03:34.168347,1.960378,360,0.019971572553393952,9,31,26,0.6216022019338008,0.4880492225965704,0.042363483327022784,0.006412186939436834,18,True,True,False,True,False,False,True,False,0.36626093854572556,0.1510365450122895,True,False,False,2,False,True,False,True,False,True,True,True,False,True,True,False,3.0792478170640276,113,63.6778486355921,False
19,65.11814044691712,COMPLETE,2026-02-02T15:03:37.046892,2.876436,565,0.04080416458400521,7,56,53,0.7574957319124646,0.6490285868559835,0.00042256651363481223,0.000499050503405364,6,True,True,True,True,False,True,True,False,0.5038696866071496,0.39664846626418426,False,False,True,3,False,False,True,False,False,True,True,False,True,True,False,True,2.6239528934219236,94,63.6778486355921,False
20,64.09521245561808,COMPLETE,2026-02-02T15:03:40.969497,3.921563,463,0.012495325787508199,10,46,18,0.6504809579842739,0.4755952232988618,0.00019959946752597918,0.0065599547429797175,21,True,True,True,True,False,True,True,False,0.4614583179230729,0.29880231281949965,False,False,True,2,False,True,True,False,False,True,True,True,True,True,False,True,4.421488378878812,133,63.6778486355921,False
21,63.95384868376464,COMPLETE,2026-02-02T15:03:43.125967,2.155428,227,0.02055922844651698,7,37,32,0.5684019261499925,0.44179968555002347,0.0009080146783829435,0.0012129992675139639,24,True,True,True,True,True,True,False,False,0.5641300145334684,0.2554050212388391,False,True,True,4,False,False,True,True,False,True,True,False,True,False,False,True,1.3763227556509552,149,63.6778486355921,False
22,63.58464010640776,COMPLETE,2026-02-02T15:03:45.389228,2.262462,371,0.01790111199303362,6,30,68,0.5098723119006751,0.5455321082916079,0.00034766776065259675,0.0023808387950901622,18,True,True,True,True,False,True,True,False,0.6226759034697282,0.2060170611405571,False,False,True,3,False,False,True,True,False,True,True,False,True,True,False,True,2.0611904335732927,126,63.58464010640776,True
23,63.783828741307886,COMPLETE,2026-02-02T15:03:47.954757,2.564509,351,0.017185363780382476,8,27,41,0.7304380499202927,0.550164750167729,0.0004355031714333852,0.0002544609726894777,17,True,True,True,True,False,True,True,False,0.607465430799802,0.1937205917304345,False,False,True,3,False,False,True,True,False,True,True,False,True,True,False,True,3.8257594604805174,116,63.58464010640776,False
24,64.05449031676935,COMPLETE,2026-02-02T15:03:50.453537,2.497738,410,0.02615483016346692,7,43,66,0.5735238578417412,0.6167240796239296,0.0002049028626104678,0.0020601198909903497,14,True,True,True,True,False,True,True,False,0.49457906307078603,0.14271384583207125,False,False,True,3,False,False,True,True,False,True,True,False,True,True,False,True,2.660291388193423,126,63.58464010640776,False
25,63.623590747883284,COMPLETE,2026-02-02T15:03:53.032105,2.577566,322,0.01702899701188126,10,30,29,0.6853595225796044,0.5058068386409267,0.004135965825559208,0.010872526924986184,18,True,True,True,True,False,True,True,False,0.5291646828214029,0.22411688658266016,False,False,True,3,False,False,True,True,False,True,True,False,True,True,False,True,2.680108466094092,112,63.58464010640776,False
26,63.981983617893135,COMPLETE,2026-02-02T15:03:54.327407,1.294278,298,0.012271066418805588,10,30,47,0.6142766239915475,0.5429186141256387,0.00377081839136898,0.013094457289098535,11,False,False,False,True,False,False,True,False,0.4280943391991606,0.22494119233834503,True,False,False,2,False,False,False,True,True,True,False,False,False,True,True,False,2.549072209086457,111,63.58464010640776,False
27,64.1832537663246,COMPLETE,2026-02-02T15:03:57.808056,3.479622,372,0.016909603951454535,11,53,27,0.6828385544142104,0.519205732552307,0.022402986464938737,0.0007916910288930746,17,True,True,True,True,False,True,True,False,0.5817812283374322,0.1738176440544797,False,False,True,3,False,False,True,True,False,True,True,False,True,True,False,True,1.0501915409354852,103,63.58464010640776,False
28,64.35821441159547,COMPLETE,2026-02-02T15:04:00.987552,3.178392,256,0.024608154507767037,11,64,19,0.7723444935620092,0.6426782396205971,0.006470386335996277,0.004494607833096779,18,True,True,True,True,False,True,True,False,0.6982547212723993,0.10001553769616695,False,False,True,3,False,False,True,True,False,True,True,False,True,True,False,True,3.838052524602713,77,63.58464010640776,False
29,65.087573192433,COMPLETE,2026-02-02T15:04:02.547179,1.558757,330,0.03413677963391153,9,23,56,0.9766309121800842,0.5845835444442111,0.02436488038361187,0.2516552543134256,12,True,False,True,True,False,True,True,False,0.5305828504460626,0.20355811474465763,True,False,False,3,True,False,False,True,True,True,True,False,True,True,True,False,1.691423486342989,119,63.58464010640776,False
30,63.82180532446099,COMPLETE,2026-02-02T15:04:04.514696,1.966516,441,0.02259952664422075,5,42,68,0.8860194172322574,0.4621795472765877,0.011719848572957547,0.013394070568498243,16,True,True,True,True,False,True,True,False,0.6174613316616198,0.24170219047681094,False,False,True,2,False,False,True,True,False,True,True,False,True,True,False,True,2.2978285052664846,110,63.58464010640776,False
31,63.87340548771556,COMPLETE,2026-02-02T15:04:07.369134,2.853347,391,0.016439027698454803,8,33,35,0.7133346717563634,0.4334798363610197,0.00023990338830882208,0.004276389541971738,21,True,True,True,True,False,True,True,False,0.5159653211437916,0.1711867964269058,False,False,True,3,False,False,True,True,False,True,True,False,True,True,False,True,2.888407430947128,131,63.58464010640776,False
32,64.48553469946111,COMPLETE,2026-02-02T15:04:08.722604,1.35246,101,0.018010235047689522,10,27,42,0.6442076813148461,0.49325806313982784,0.0011133015042462096,0.0003019181665650246,18,True,True,True,True,False,True,True,False,0.5392375697063311,0.12284810472481533,False,False,True,3,False,False,True,True,False,True,True,False,True,True,False,True,3.4829048787923464,122,63.58464010640776,False
33,63.966694166567564,COMPLETE,2026-02-02T15:04:11.586919,2.863467,329,0.012069857243505691,8,39,32,0.8121493392953265,0.5279522311033069,0.0004247479026734955,0.0023569269733593285,21,True,True,True,True,False,True,True,False,0.47172477126710244,0.21121832838562357,False,False,True,3,False,True,True,True,False,True,True,False,True,True,False,True,4.9969315754679124,137,63.58464010640776,False
34,63.49661128848118,COMPLETE,2026-02-02T15:04:13.615006,2.027237,504,0.014528442949991758,10,20,37,0.7387073146372057,0.42314402326336076,0.00010163684063179005,0.0008632964536768664,22,False,True,True,False,False,True,True,False,0.43955483305526116,0.36366671549170226,False,False,True,3,True,False,False,True,False,False,False,True,True,True,False,False,1.8566454291822478,98,63.49661128848118,True
35,63.4732429453971,COMPLETE,2026-02-02T15:04:15.197075,1.581221,521,0.013937399807427513,11,20,62,0.7571354141346904,0.46466134019899913,0.0024905511636941612,0.0009500760563409931,15,False,True,False,False,False,False,True,False,0.36617540239484475,0.3640763741390095,False,False,False,3,True,False,False,True,True,False,False,False,True,True,False,False,1.7220827075602505,89,63.4732429453971,True
36,63.7444973529824,COMPLETE,2026-02-02T15:04:16.869790,1.671845,542,0.010970429401642823,11,20,61,0.8581820730216388,0.46088237493450307,0.0021772921588940793,0.0008715951618294743,14,False,False,False,False,False,False,True,False,0.36255665373478496,0.3523320498824044,True,False,False,4,True,False,False,True,True,False,False,True,False,True,True,False,1.7035972793763343,88,63.4732429453971,False
37,63.76200894101653,COMPLETE,2026-02-02T15:04:19.108821,2.237946,516,0.013859696278757617,12,23,71,0.9358393437728112,0.7121441966701675,0.011165468258137096,0.013583986954216915,15,False,True,False,False,False,False,True,True,0.40539538934000163,0.36393588221187834,False,False,False,2,True,False,False,True,True,False,False,True,True,True,False,False,1.9656921280589494,71,63.4732429453971,False
38,64.56733219748801,COMPLETE,2026-02-02T15:04:20.956570,1.846706,588,0.014297481149714157,11,20,62,0.7455091173546806,0.8429637280962293,0.0008214795205557588,0.0594309027992204,9,False,True,False,False,False,False,True,False,0.32161360662809807,0.3178760277506991,False,False,False,3,True,False,False,True,True,False,False,False,True,True,False,False,1.4140041557558365,91,63.4732429453971,False
39,65.50149951809138,COMPLETE,2026-02-02T15:04:22.529157,1.571654,432,0.09606598651806159,10,26,57,0.7876553220846547,0.5708227502017887,0.04495485788816864,0.000213856125604863,22,False,False,False,False,False,False,True,False,0.3031691267412046,0.3704159157413683,True,False,False,3,True,False,False,True,True,False,False,True,False,True,False,False,7.882202161259043,98,63.4732429453971,False
40,63.863089571505284,COMPLETE,2026-02-02T15:04:25.651899,3.121756,552,0.011390822987763463,12,29,51,0.5555662133111401,0.6634944522881855,0.004398592587743549,0.0007951713672024838,23,False,True,False,False,False,False,True,True,0.38730495886058747,0.32727768215667,False,True,False,4,True,False,False,True,True,False,False,False,True,True,True,False,1.0424052945173579,99,63.4732429453971,False
41,63.75811454959142,COMPLETE,2026-02-02T15:04:27.434404,1.781498,509,0.029551198874827985,11,24,38,0.7665706139406951,0.5027952864170877,0.0006092274879723184,0.00039552532208682583,17,False,True,True,False,False,False,True,False,0.4356414059783418,0.26618628237475184,False,False,False,3,True,False,False,True,True,False,False,False,True,True,False,False,2.2999792204386473,85,63.4732429453971,False
42,63.580820944501696,COMPLETE,2026-02-02T15:04:28.219437,0.784046,330,0.02281990064092558,4,32,29,0.6876349242947605,0.44777150291138007,0.0020557101435409605,0.0007375873777361287,15,False,True,False,False,False,True,True,False,0.414842337856877,0.24407838816908453,False,False,True,3,True,False,False,True,False,False,False,False,True,True,False,False,2.4306135276470995,107,63.4732429453971,False
43,63.74491493613521,COMPLETE,2026-02-02T15:04:28.910688,0.690208,281,0.023764534196776058,4,32,23,0.6569947453933859,0.4450036549716472,0.00219936800702759,0.0008842312395967035,14,False,True,False,False,False,True,True,False,0.4020619350004445,0.23187630827665856,False,False,True,3,True,False,False,True,False,False,False,False,True,True,False,False,1.7151415749404415,116,63.4732429453971,False
44,63.84390368223905,COMPLETE,2026-02-02T15:04:29.543006,0.631421,217,0.021611323506673344,4,20,71,0.5027675721990084,0.42438268696924186,0.007270960293228963,0.008539972451112007,19,False,True,False,False,True,False,True,False,0.3687978502886217,0.2496305406294492,False,False,True,3,True,False,False,True,True,False,False,False,True,True,False,False,2.296653573969677,107,63.4732429453971,False
45,63.971036449418456,COMPLETE,2026-02-02T15:04:30.588308,1.04444,327,0.028393588423942843,5,24,27,0.8135525344056441,0.9849795022629073,0.0029805332326231842,0.003627452247888506,16,False,True,False,False,False,True,False,False,0.4214477730085304,0.2818199019247797,False,False,True,2,True,False,False,True,False,False,False,False,True,True,False,False,1.438838723954766,94,63.4732429453971,False
46,63.59916126785459,COMPLETE,2026-02-02T15:04:31.822660,1.233484,248,0.015355358013277054,6,80,14,0.7457079371081523,0.46922989303765844,0.0019899201617547507,0.028320087131540418,12,False,True,False,False,False,True,True,True,0.44852256897289866,0.29634750013391903,False,False,False,3,True,False,False,True,False,False,False,True,True,False,False,False,1.9186084177340013,61,63.4732429453971,False
47,64.68926619942609,COMPLETE,2026-02-02T15:04:33.230248,1.406533,260,0.015439058060151665,6,77,13,0.7438973101592927,0.7485300366917227,0.0010909493632921857,0.02547586897147513,11,False,False,False,False,True,True,True,True,0.44510033816566347,0.3399071912288228,False,True,False,3,True,False,False,True,False,False,False,True,False,False,False,False,1.989742348413992,52,63.4732429453971,False
48,64.45808823323995,COMPLETE,2026-02-02T15:04:33.821271,0.588905,182,0.0751901717326617,5,83,15,0.7879487911638196,0.47784928649033614,0.0015409218973882095,0.00010341231383274395,13,False,True,False,False,False,False,False,True,0.349791305659826,0.3512582596781431,False,False,False,4,True,False,False,True,False,False,False,True,True,False,False,False,1.6134599602647173,60,63.4732429453971,False
49,63.91942858476158,COMPLETE,2026-02-02T15:04:34.366360,0.544015,143,0.019131962957069197,5,67,79,0.8435798776140395,0.4150558497322985,0.00014786319602046484,0.03527015849491773,10,False,True,False,False,False,True,True,True,0.39266212051828014,0.37357686795618616,False,False,False,1,True,False,False,True,True,False,False,True,True,False,False,False,1.0015375463412306,68,63.4732429453971,False
50,63.10074810531294,COMPLETE,2026-02-02T15:04:35.575286,1.207909,239,0.012690386480499792,6,98,23,0.7981321494220553,0.4605565670677859,0.4554726387682636,0.2285423165647223,15,False,True,False,False,False,True,True,True,0.4187622308561567,0.3034046646059831,True,True,False,3,True,False,False,True,False,False,False,True,True,False,False,False,2.17424165407122,77,63.10074810531294,True
51,63.06950563875138,COMPLETE,2026-02-02T15:04:36.686163,1.11001,217,0.013713898240623645,6,94,23,0.7986545576817696,0.4482660847555405,4.369445110440375,0.19658806193462566,15,False,True,False,False,False,True,True,True,0.4517960107556522,0.2945016157702189,True,True,False,3,True,False,False,True,False,False,False,True,True,False,False,False,2.2237703431751528,76,63.06950563875138,True
52,63.17235619094613,COMPLETE,2026-02-02T15:04:37.777733,1.090586,195,0.01372379247311312,6,99,23,0.8254957876303456,0.4515722472055461,2.9016327365242756,0.4296215439166944,15,False,True,False,False,False,True,True,True,0.41448164678728133,0.3093008078298787,True,True,False,3,True,False,False,True,False,False,False,True,True,False,False,False,2.2552352596361747,77,63.06950563875138,False
53,65.05965074832976,COMPLETE,2026-02-02T15:04:38.326303,0.547426,164,0.010141772994033146,4,100,22,0.8606014147219075,0.40227851439762957,3.8747946449329675,0.3378411003058523,15,False,True,False,False,False,True,True,True,0.41359855699218134,0.32553317664635606,True,True,False,3,True,False,False,True,False,False,False,True,True,False,False,False,2.4275784857418086,79,63.06950563875138,False
54,63.29784865223725,COMPLETE,2026-02-02T15:04:39.422106,1.094753,199,0.013127214459748546,6,95,18,0.8217791130870792,0.45012666623754544,1.7844725946077042,1.3218902337967158,15,False,True,False,False,False,True,True,True,0.37620784029890225,0.29935976124262414,True,True,False,3,True,False,False,True,False,False,False,True,True,False,False,False,3.452046678495627,76,63.06950563875138,False
55,64.11724082604808,COMPLETE,2026-02-02T15:04:40.547768,1.124638,199,0.013099895134497766,6,88,17,0.8302896152091126,0.4242240647496707,1.6709973319774765,1.0897109025442848,14,False,True,False,False,True,True,True,True,0.33921532976395186,0.3044951205409451,True,True,False,3,True,False,False,True,False,False,False,True,True,False,False,False,3.490987309979878,73,63.06950563875138,False
56,63.81084750265313,COMPLETE,2026-02-02T15:04:42.303765,1.755022,236,0.011309887868337821,7,95,10,0.8059711183670244,0.457703909237716,0.6422998316899458,1.021137677578665,13,False,True,False,False,False,True,False,True,0.3774217324892826,0.2885856027449209,True,True,False,4,True,False,False,True,False,False,False,True,True,False,False,False,4.200523970799069,84,63.06950563875138,False
57,63.9859936070648,COMPLETE,2026-02-02T15:04:43.639357,1.334514,165,0.01307544445389228,6,88,24,0.8761109450679792,0.8270211691894714,2.065141839373992,2.492745278972092,16,False,True,False,False,False,True,True,True,0.45042709175667767,0.3149612227762669,True,True,False,3,True,True,False,False,False,False,False,True,True,False,True,False,2.864105545820319,64,63.06950563875138,False
58,64.11954058304141,COMPLETE,2026-02-02T15:04:45.087037,1.446555,207,0.014616588992668315,7,96,20,0.7919414266479755,0.4874995612393826,0.32656162427545204,0.45426150434127877,6,False,True,False,False,False,True,True,True,0.3519917582497992,0.26696681763501157,True,True,False,3,True,False,False,True,False,False,False,True,False,False,False,False,2.828634616796915,74,63.06950563875138,False
59,64.89324462834745,COMPLETE,2026-02-02T15:04:45.874033,0.786061,117,0.011198420017245513,6,91,38,0.8310453494781764,0.5256911898583776,1.114383267453321,0.14278235433283382,15,False,True,False,False,False,True,True,True,0.3981071023095004,0.3310750512184447,True,True,False,3,True,False,False,True,False,False,False,True,True,False,False,False,2.181891485942041,81,63.06950563875138,False
60,65.25762110295877,COMPLETE,2026-02-02T15:04:46.927403,1.052345,186,0.044330612879358446,7,100,16,0.9185639135486531,0.4284081679103111,0.29359162967543906,1.5805279653350717,12,False,False,False,False,True,False,True,True,0.38093025623309157,0.38468441872741505,True,True,False,2,True,False,False,False,False,False,False,True,True,False,False,False,4.8184799957200894,88,63.06950563875138,False
61,63.1480621292282,COMPLETE,2026-02-02T15:04:47.805768,0.877525,233,0.015865873553750947,5,96,28,0.7685837979312131,0.44963677497841353,4.422548483364764,0.5238087248748573,15,False,True,False,False,False,True,True,True,0.41587970157236853,0.27433584318260446,True,True,False,3,True,False,False,True,False,False,False,True,True,False,False,False,2.5275602860762287,77,63.06950563875138,False
62,63.308971183537565,COMPLETE,2026-02-02T15:04:48.763479,0.956718,277,0.01563002504278451,5,96,22,0.7736240571133791,0.47539354682370416,4.88021024256857,0.626027324090071,14,False,True,False,False,False,True,True,True,0.43130641454492064,0.27348546890483244,True,True,False,3,True,False,False,True,False,False,False,True,True,False,False,False,3.166389856619957,76,63.06950563875138,False
63,63.41634930778538,COMPLETE,2026-02-02T15:04:49.728022,0.963546,286,0.015730328347753238,5,92,20,0.7596536412656899,0.47336630807145613,4.532572275481625,0.6824854723666697,14,False,True,False,False,False,True,True,True,0.4640572175263809,0.2730251190107237,True,True,False,3,True,False,False,True,False,False,False,True,True,False,False,False,3.3143398434720446,76,63.06950563875138,False
64,63.377712990035064,COMPLETE,2026-02-02T15:04:50.716382,0.987168,284,0.012606503528461188,5,89,21,0.775831926598834,0.4791939159355715,4.758489266877235,0.5657954485220101,14,False,True,False,False,False,True,True,True,0.46060457891934015,0.2742619652343045,True,True,False,3,True,False,False,True,False,False,False,True,True,False,False,False,3.3511524020056283,77,63.06950563875138,False
65,63.50514740594558,COMPLETE,2026-02-02T15:04:51.575285,0.857906,232,0.012584338828320892,5,88,25,0.7738742919759638,0.44361306236946174,2.5830842455396783,0.1532642243464268,13,False,True,False,False,False,True,True,True,0.49669521243852177,0.2878786493173481,True,True,False,3,True,False,False,True,False,False,False,True,True,False,False,False,3.6235883562035416,68,63.06950563875138,False
66,63.42929033589737,COMPLETE,2026-02-02T15:04:52.661926,1.085614,277,0.01215281952753913,5,97,21,0.848004793206431,0.5588525329786941,1.2545466458965966,0.5545997321445424,16,False,True,False,False,False,True,False,True,0.42961856914323776,0.30387246554756875,True,True,False,3,True,True,False,True,False,False,False,True,True,False,False,False,4.046558545332822,56,63.06950563875138,False
67,63.51039861346536,COMPLETE,2026-02-02T15:04:53.718696,1.055707,244,0.018821580191985116,5,85,29,0.8237249708233466,0.5116465264920524,2.9727154180887787,0.2643465052544188,13,False,True,False,False,False,True,True,True,0.4787756144292035,0.2601981513719567,True,True,False,3,True,False,False,True,False,False,False,True,True,False,False,False,3.0359623497546435,45,63.06950563875138,False
68,63.7086056349817,COMPLETE,2026-02-02T15:04:55.046130,1.326383,217,0.01070495548444434,6,94,18,0.7938680269353361,0.5246256437005322,0.9071981037140334,4.5457242196514835,15,False,True,False,False,False,True,True,True,0.42301233911394465,0.276944318434268,True,True,False,3,True,False,False,True,False,False,False,True,True,False,True,False,3.1665576896796765,70,63.06950563875138,False
69,63.495414252051795,COMPLETE,2026-02-02T15:04:56.431448,1.384239,268,0.016048492200780373,6,98,12,0.8165585942121488,0.48272976019816144,4.9085525829826215,0.9666185346537917,14,False,True,False,False,False,True,True,True,0.4611597293301117,0.2941502482490022,True,True,False,3,True,False,False,True,False,False,False,True,True,False,False,False,5.550559997293802,83,63.06950563875138,False
70,62.998765379312665,COMPLETE,2026-02-02T15:04:57.997360,1.564886,312,0.011772853445291342,6,93,24,0.7260960893511383,0.4034098669704849,2.882011557248357,1.7899567744009848,17,False,True,False,False,False,True,True,True,0.4069641305494795,0.30886161470827894,True,True,False,4,True,False,False,False,False,False,False,True,True,False,False,False,2.6969269186354157,64,62.998765379312665,True
71,63.32364271381879,COMPLETE,2026-02-02T15:04:59.426210,1.427777,301,0.011848879070657823,6,93,24,0.7242033079968716,0.41192746183975415,2.841118316766262,2.0104564816791446,17,False,True,False,False,False,True,True,True,0.40893370531485435,0.3068027966680123,True,True,False,4,True,False,False,False,False,False,False,True,True,False,False,False,3.605714520750616,65,62.998765379312665,False
72,63.08008172526872,COMPLETE,2026-02-02T15:05:00.895515,1.468231,306,0.011374862649292269,6,93,26,0.723254882207398,0.40281134228439985,1.798171476207747,1.891837527967542,17,False,True,False,False,False,True,True,True,0.40639491234805963,0.31089930845065195,True,True,False,4,True,False,False,False,False,False,False,True,True,False,False,False,2.742554440575757,64,62.998765379312665,False
73,63.228927831176584,COMPLETE,2026-02-02T15:05:02.455110,1.558218,312,0.010026731132829815,6,98,27,0.7312720965720159,0.40232215150009976,1.7563124480386485,1.3831877951279765,16,False,True,False,False,False,True,True,True,0.3894787986050581,0.2888258556479254,True,True,False,4,True,False,False,False,False,False,False,True,True,False,False,False,2.635411571387241,59,62.998765379312665,False
74,64.98557822612666,COMPLETE,2026-02-02T15:05:03.278173,0.822338,149,0.010322402806683546,6,85,27,0.7041790360755801,0.403861562502263,1.9534227294937794,1.6191088566308962,16,False,True,False,False,False,True,True,True,0.39225706635061874,0.3195374166689154,True,True,False,4,True,False,False,False,False,False,False,True,True,False,False,False,2.708895846097009,62,62.998765379312665,False
75,64.01387977579853,COMPLETE,2026-02-02T15:05:04.466321,1.185303,195,0.010000836917348876,7,99,33,0.7301634698747267,0.4375673014100689,0.8031847335824518,3.158502433630496,17,False,True,False,False,False,True,True,True,0.3773935488697124,0.31112808702147243,True,True,False,4,True,False,False,False,False,False,False,True,True,False,False,False,2.6664605854252876,57,62.998765379312665,False
76,62.78965810497617,COMPLETE,2026-02-02T15:05:05.526900,1.059834,313,0.01363950316936314,6,94,30,0.7133766852740456,0.45343028879671127,1.6225987976926681,0.3432343890222625,18,False,True,False,False,False,True,True,True,0.41945326656967186,0.33988927795904,True,True,False,4,True,False,False,False,False,False,False,True,False,False,False,False,2.412097353110397,53,62.78965810497617,True
77,62.97507037318549,COMPLETE,2026-02-02T15:05:07.023955,1.496251,312,0.01163778053248031,7,90,30,0.6676561014651611,0.4013554238703557,0.4762589081529341,0.3582706193109447,19,False,True,False,False,False,True,True,True,0.4181360493216787,0.3388659209679487,True,True,False,4,True,True,False,False,False,False,False,True,False,False,False,False,2.4660269801004495,48,62.78965810497617,False
78,62.9032824269318,COMPLETE,2026-02-02T15:05:08.440040,1.413684,340,0.013573856825558325,7,90,30,0.6628543938982948,0.4297207245556756,0.18721249879383448,0.07920943244594793,19,False,False,False,False,False,True,True,True,0.4169564761793501,0.33945006800232624,True,True,False,4,True,True,False,False,False,False,False,True,False,False,False,False,2.3891211613819365,47,62.78965810497617,False
79,63.41875435318805,COMPLETE,2026-02-02T15:05:10.478572,2.037671,352,0.011572128307113376,7,90,30,0.6688350930040098,0.911502671586692,0.20460394192500903,0.08644894478168128,20,False,False,False,False,True,True,True,True,0.40281336036739696,0.34663386959201914,True,True,False,4,True,True,False,False,False,False,False,True,False,False,False,False,2.412879037303637,47,62.78965810497617,False
80,63.21336531756242,COMPLETE,2026-02-02T15:05:12.134243,1.654909,377,0.01075347059805531,7,85,31,0.6347119268300384,0.42659086969570514,0.14464512149487635,0.04900677449080382,19,False,False,False,False,False,True,False,True,0.44026693046597803,0.33701498042336003,True,True,False,4,True,True,False,False,False,False,False,True,False,False,True,False,2.515801237423076,50,62.78965810497617,False
81,62.90723154362922,COMPLETE,2026-02-02T15:05:13.667924,1.532975,312,0.013483068316878793,7,93,25,0.6062816319665372,0.4363685602656508,0.42406952468832654,0.39249237899278133,19,False,False,False,False,False,True,True,True,0.4195174507996666,0.32329049885151145,True,True,False,4,True,True,False,False,False,False,False,True,False,False,False,False,2.133432630446518,52,62.78965810497617,False
82,62.988981290555664,COMPLETE,2026-02-02T15:05:15.087054,1.418228,349,0.013628994110167625,7,93,36,0.6032818966251188,0.4328937317399448,0.41921078863524747,0.16694257894332423,20,False,False,False,False,False,True,True,True,0.41776564793592363,0.3251837301608068,True,True,False,4,True,True,False,False,False,False,False,True,False,False,False,False,2.054843791829967,53,62.78965810497617,False
83,62.87057283143026,COMPLETE,2026-02-02T15:05:16.534220,1.446481,341,0.01347498910180892,7,92,35,0.6021637977843528,0.4205520828063848,0.40152391237982665,0.18237030345503633,20,False,False,False,False,False,True,True,True,0.4276624348376826,0.32345453843418465,True,True,False,4,True,True,False,False,False,False,False,True,False,False,False,False,2.061953940555169,53,62.78965810497617,False
84,62.756681001104425,COMPLETE,2026-02-02T15:05:18.317619,1.782499,341,0.01376819553945175,8,92,36,0.6020337065812185,0.43397694815187565,0.07164007849779722,0.15435629210929408,20,False,False,False,False,False,True,True,True,0.4556040381790883,0.33901848179141375,True,True,False,4,True,True,False,False,False,False,False,True,False,False,False,False,2.0604194483646285,54,62.756681001104425,True
85,63.12121249196757,COMPLETE,2026-02-02T15:05:19.937554,1.619209,338,0.014556222890124907,8,83,44,0.5999513091305213,0.41976403757994046,0.07189673766178484,0.12389791038707147,20,False,False,False,False,False,True,True,True,0.45249318415880735,0.3398731503680686,True,True,False,4,True,True,False,False,False,False,False,True,False,False,False,False,1.2594592322379383,53,62.756681001104425,False
86,62.9934033797282,COMPLETE,2026-02-02T15:05:21.665005,1.726664,362,0.013790462966253605,8,91,35,0.6102677856841427,0.43523473705887966,0.19343286925618136,0.18711207143264394,19,False,False,False,False,False,True,True,True,0.43162605187326153,0.32290927916664847,True,True,False,4,True,True,False,False,False,False,False,True,False,False,False,False,1.5298042641081437,49,62.756681001104425,False
87,62.926306667156005,COMPLETE,2026-02-02T15:05:23.576219,1.910501,364,0.013413406471178481,8,91,36,0.6100827909297258,0.43125812550978493,0.10697648607693486,0.10200571039149711,20,False,False,False,False,False,True,True,True,0.4326394345008435,0.3563647625529556,True,True,False,4,True,True,False,False,False,False,False,True,False,False,False,False,1.8494190985618746,49,62.756681001104425,False
88,64.50051819407761,COMPLETE,2026-02-02T15:05:24.965053,1.38813,363,0.05566542744072329,8,86,36,0.6086044916623202,0.42472624481499494,0.0951912344168952,0.09137117377980829,19,False,False,False,False,False,True,True,True,0.48505574692294684,0.3558242955396702,True,True,False,4,True,True,False,False,False,False,False,True,False,False,False,False,1.5566343353942775,50,62.756681001104425,False
89,63.16447373102222,COMPLETE,2026-02-02T15:05:26.796985,1.831189,342,0.01817010656782689,9,82,41,0.5809215191980988,0.4368461575191171,0.2593238424926054,0.18050888482355767,20,False,False,False,False,False,True,True,True,0.4374527418228298,0.3584154615795915,True,True,False,4,True,True,False,False,False,False,False,True,False,False,False,False,1.2052662870221496,55,62.756681001104425,False
90,63.18113002729876,COMPLETE,2026-02-02T15:05:29.360527,2.562225,381,0.016540984473257143,8,71,40,0.5323100455186532,0.5008973540386962,0.16673607631383658,0.06471354375341293,21,False,False,False,False,False,True,True,True,0.4700888214978768,0.34381485261368394,True,True,False,4,True,True,False,False,False,False,False,True,False,False,False,False,1.8306333161850872,47,62.756681001104425,False
91,62.90179969086718,COMPLETE,2026-02-02T15:05:31.143477,1.782023,319,0.013407017366318765,7,91,34,0.6288087434407099,0.43505870053813706,0.4349330539416498,0.30735105626817527,19,False,False,False,False,False,True,True,True,0.4258644482278564,0.32437901655877877,True,True,False,4,True,True,False,False,False,False,False,True,False,False,False,False,1.4983494933620074,49,62.756681001104425,False
92,63.01774980129383,COMPLETE,2026-02-02T15:05:33.757333,2.612723,345,0.013482573390504867,8,91,34,0.6289299862293162,0.43596908611290647,0.40668667073465387,0.31899338723680354,19,False,False,False,False,False,True,True,True,0.42147315735526447,0.3240753535622184,True,True,False,4,True,True,False,False,False,False,False,True,False,False,False,False,2.021809138764721,50,62.756681001104425,False
93,63.0374458448226,COMPLETE,2026-02-02T15:05:35.871317,2.112986,406,0.01465221043391909,7,87,39,0.5930074013057411,0.46563806793074225,0.5735920224309471,0.3663489382152703,18,False,False,False,False,False,True,True,True,0.42952274264716384,0.332039410860015,True,True,False,4,True,True,False,False,False,False,False,True,False,False,False,False,1.5897501891771588,45,62.756681001104425,False
94,62.88454275959645,COMPLETE,2026-02-02T15:05:38.213163,2.341015,361,0.013974809598579085,8,90,36,0.5608420069929649,0.4169919518985201,0.05455501885670454,0.26554619292382076,20,False,False,False,False,False,True,True,True,0.4417540189309809,0.32218058203377103,True,True,False,4,True,True,False,False,False,False,False,True,False,False,False,False,2.083222576664678,54,62.756681001104425,False
95,63.024568733093,COMPLETE,2026-02-02T15:05:39.925199,1.710976,316,0.01488360068776054,7,81,32,0.5643160859875972,0.4176859208770352,0.04105405012323013,0.11583493915011435,20,False,False,False,False,False,True,True,True,0.4572613789301956,0.3339695452446786,True,True,False,4,True,True,False,False,False,False,False,True,False,False,False,False,1.8481070720603396,53,62.756681001104425,False
96,63.03628437581982,COMPLETE,2026-02-02T15:05:42.731248,2.805023,390,0.013029378874122918,9,91,44,0.6407758932980592,0.494479253810822,0.06409072160225661,0.27329932159682435,22,False,False,False,False,False,True,True,True,0.4433480624599141,0.3776007493922258,True,True,False,4,True,True,False,False,False,False,False,True,False,False,False,False,2.071535443025167,58,62.756681001104425,False
97,62.90401824558147,COMPLETE,2026-02-02T15:05:45.326006,2.593677,421,0.012113382174061103,7,78,36,0.5520111734114338,0.41555165098562763,0.030571935633600406,0.04557774007853115,21,False,False,False,False,False,True,True,True,0.3974650379744395,0.34847915966647425,True,True,False,4,True,True,False,False,False,False,False,True,False,False,False,False,1.8226857902024114,54,62.756681001104425,False
98,63.55374450192194,COMPLETE,2026-02-02T15:05:47.862879,2.535805,421,0.012140952500496485,7,78,31,0.6581969185229084,0.41405260463623167,0.027309540974158168,0.04498962327538989,21,False,False,False,False,True,True,True,True,0.39567951746072116,0.39288665494866126,True,True,False,4,True,True,False,False,False,False,False,True,False,False,True,False,6.385167651123257,48,62.756681001104425,False
99,63.23568771679077,COMPLETE,2026-02-02T15:05:49.895349,2.03135,291,0.010826260690503475,8,90,48,0.5300493595975685,0.4590678891564032,0.11931102784917767,0.07838433800446117,21,False,False,False,False,False,True,False,True,0.4727031962368469,0.36860355222903984,True,True,False,4,True,True,False,False,False,False,False,True,False,False,False,False,1.7822869461407516,54,62.756681001104425,False
100,63.2791609451077,COMPLETE,2026-02-02T15:05:52.344541,2.448149,324,0.014242756806344889,9,79,33,0.5789358082525965,0.6164555193751331,0.08369501364299178,0.8341662265890257,18,False,False,False,False,False,True,True,True,0.48920057802317807,0.34875521671548454,True,True,False,4,True,True,False,False,False,False,False,True,False,False,False,False,1.1800829181371364,56,62.756681001104425,False
101,63.04016757568718,COMPLETE,2026-02-02T15:05:54.658478,2.312957,457,0.013232261008753524,7,89,35,0.554354505229057,0.4136718668642839,0.39434860179205156,0.15110885939479973,20,False,False,False,False,False,True,True,True,0.42545471978799065,0.3574082449409031,True,True,False,4,True,True,False,False,False,False,False,True,False,False,False,False,2.1258610713610286,53,62.756681001104425,False
102,62.75183544567601,COMPLETE,2026-02-02T15:05:56.744834,2.085284,351,0.01264624350636795,7,87,37,0.6181719310056294,0.43041999240212714,0.05475611796446882,0.10242300656836807,23,False,False,False,False,False,True,True,True,0.44350012002871736,0.34357774679884456,True,True,False,4,True,True,False,False,False,False,False,True,False,False,False,False,1.379567739147823,51,62.75183544567601,True
103,63.06940393271376,COMPLETE,2026-02-02T15:05:59.013263,2.267165,338,0.012473772508749982,8,73,37,0.6190486308883062,0.45526005733093755,0.047829733462241016,0.019475065267466868,19,False,False,False,False,False,True,True,True,0.44249338934515475,0.3420694094530934,True,True,False,4,True,True,False,False,False,False,False,True,False,False,False,False,1.3871459430235225,51,62.75183544567601,False
104,62.65420994985272,COMPLETE,2026-02-02T15:06:01.109318,2.094767,368,0.011953472385634064,7,87,40,0.5859124016824683,0.44547050433421026,0.018514340766714626,0.11737009089991031,23,False,False,False,False,False,True,True,True,0.4349741840023597,0.33164892804676405,True,True,False,4,True,True,False,False,False,False,False,True,False,False,False,False,1.4444158447656403,48,62.65420994985272,True
105,62.72140862485977,COMPLETE,2026-02-02T15:06:03.209642,2.098714,365,0.014975227795354549,7,84,39,0.5884616439598537,0.4431239872318118,0.03099516214398616,0.10418838815961358,23,False,False,False,False,False,True,True,True,0.4509933692342817,0.33033561896419195,True,True,False,4,True,True,False,False,False,False,False,True,False,False,False,False,1.3901183366431098,45,62.65420994985272,False
106,62.88158372107826,COMPLETE,2026-02-02T15:06:05.347733,2.136988,385,0.015033522854582843,7,83,43,0.5496041109880614,0.4722658283220122,0.016363618831702675,0.05357215379330141,23,False,False,False,False,False,True,True,True,0.5106393539859351,0.318036392192698,True,True,False,4,True,True,False,False,False,False,False,True,False,False,False,False,1.4258301847684844,60,62.65420994985272,False
107,62.89458808643355,COMPLETE,2026-02-02T15:06:07.367062,2.01828,381,0.017057502370715204,7,84,43,0.5413294357081,0.4695927482777496,0.01723316918863389,0.047093280690687814,23,False,False,False,False,False,True,True,True,0.45320762445838075,0.3187524218087766,True,True,False,4,True,True,False,False,False,False,False,True,False,False,False,False,1.151439985321299,46,62.65420994985272,False
108,62.79976914630251,COMPLETE,2026-02-02T15:06:09.506673,2.138799,397,0.01751023284693138,7,83,42,0.5862664765347866,0.47127282662258535,0.019076236273661142,0.12662418883455342,23,False,False,False,False,False,True,True,True,0.5059125817488601,0.31680270582287906,True,True,False,4,True,True,False,False,False,False,False,True,False,False,False,False,1.3128867442650543,45,62.65420994985272,False
109,62.75750399455837,COMPLETE,2026-02-02T15:06:11.505640,1.997909,391,0.017165573096733604,7,75,43,0.5441123433747483,0.49033475390551334,0.01885651202331644,0.05990436997365395,23,False,False,False,False,False,True,True,True,0.509921797372503,0.3311962182311063,True,True,False,4,True,True,False,False,False,False,False,True,False,False,False,False,1.319562605731931,45,62.65420994985272,False
110,62.951001171458635,COMPLETE,2026-02-02T15:06:13.680969,2.174141,399,0.017088740957572887,7,83,45,0.5450436549068343,0.5088141013583036,0.01654022425429207,0.05596251580289472,23,False,False,False,False,False,True,True,True,0.5130430558276833,0.3177488862289695,True,True,False,4,True,True,False,False,False,False,False,True,False,False,False,False,1.1907218781753306,45,62.65420994985272,False
111,62.81394150225093,COMPLETE,2026-02-02T15:06:15.769007,2.086977,383,0.015122403183543808,7,86,42,0.5860760103770523,0.49039597125600004,0.015327491293721731,0.128925339839366,24,False,False,False,False,False,True,True,True,0.5274481575232925,0.3322802367806487,True,True,False,4,True,True,False,False,False,False,False,True,False,False,False,False,1.3477501602013877,45,62.65420994985272,False
112,63.02460569355182,COMPLETE,2026-02-02T15:06:17.826862,2.056782,385,0.01949737920986542,7,86,43,0.5673804768085978,0.4842483440673404,0.015818598537927563,0.03375289652484934,24,False,False,False,False,False,True,True,True,0.5573358135696612,0.3313218762002251,True,True,False,4,True,True,False,False,False,False,False,True,False,False,False,False,1.3155685229297596,45,62.65420994985272,False
113,62.947557651676405,COMPLETE,2026-02-02T15:06:20.081543,2.253428,371,0.017812343285416404,8,84,47,0.587048070642535,0.46880850527616036,0.009246641260744693,0.12375179615790398,23,False,False,False,False,False,True,True,True,0.5102784000562718,0.31588155705220256,True,True,False,4,True,True,False,False,False,False,False,True,False,False,False,False,1.168515856451594,58,62.65420994985272,False
114,62.89102495593174,COMPLETE,2026-02-02T15:06:22.082270,1.999708,395,0.01663047129181144,7,81,40,0.5199397231280635,0.49355215556607096,0.01865556228802058,0.06803721080987292,24,False,False,False,False,False,True,True,True,0.503547313469667,0.3291412534896792,True,True,False,4,True,True,False,False,False,False,False,True,False,False,False,False,1.057033572368336,47,62.65420994985272,False
115,62.89944993992752,COMPLETE,2026-02-02T15:06:24.556886,2.473573,398,0.016208604695397585,7,86,39,0.5621313620143196,0.5357055824324427,0.03609604385680181,0.22031825754706136,24,False,False,False,False,False,True,True,True,0.5466005206948709,0.33108234625027966,True,True,False,4,True,True,False,False,False,False,False,True,False,False,False,False,1.3854572787199102,56,62.65420994985272,False
116,63.340131128104446,COMPLETE,2026-02-02T15:06:26.798126,2.240147,426,0.020817036009104072,8,74,41,0.5168530806078498,0.49187809127413085,0.02074904835602694,0.07004223796730526,22,False,False,False,False,False,True,True,True,0.525370541636795,0.33159413891439354,True,True,False,4,True,True,False,False,False,False,False,True,False,False,False,False,1.0572210174028678,61,62.65420994985272,False
117,63.238936118925636,COMPLETE,2026-02-02T15:06:29.171182,2.372027,415,0.015205402118377176,7,81,40,0.5321854886440801,0.5111413622760567,0.012007441481552299,0.09677244520800861,24,False,False,False,False,True,True,True,True,0.5381840966861262,0.3515014192253898,True,True,False,4,True,True,False,False,True,False,False,True,False,False,False,False,1.6416002398272265,51,62.65420994985272,False
118,62.75969564597681,COMPLETE,2026-02-02T15:06:30.857868,1.685811,356,0.018528967652682023,7,88,50,0.5927071645642663,0.4562002428208565,0.058501220620511635,0.129690935452477,23,False,False,False,False,False,True,True,True,0.5227089713846632,0.34578674903483403,True,True,False,4,True,True,False,False,False,False,False,True,False,False,False,False,1.3448841822137434,47,62.65420994985272,False
119,63.25765692836412,COMPLETE,2026-02-02T15:06:32.653031,1.794132,358,0.015097090280639314,7,76,51,0.5924220879480573,0.44975423938109776,0.054626998961102805,0.12996753223296018,23,False,False,False,False,False,True,False,True,0.5224165767717645,0.34523036657651685,True,True,False,4,True,True,False,False,False,False,False,True,False,False,True,False,1.4469743019349055,59,62.65420994985272,False
120,62.79621138644492,COMPLETE,2026-02-02T15:06:34.739097,2.085027,441,0.0143211883729655,7,58,48,0.5742976531364364,0.48033549807942444,0.032695803486368726,0.10728430074520315,22,False,False,False,False,False,True,True,True,0.5105661180167361,0.36094124229523566,True,True,False,1,True,True,False,False,False,False,False,True,False,False,False,False,1.6943190754122328,51,62.65420994985272,False
121,62.924950310624126,COMPLETE,2026-02-02T15:06:36.912225,2.170628,442,0.014157346104020795,7,61,49,0.5724507760299578,0.48055938269997867,0.034209261715656046,0.22272271952589098,22,False,False,False,False,False,True,True,True,0.49677307722347963,0.36374407594685493,True,True,False,1,True,True,False,False,False,False,False,True,False,False,False,False,1.7124940455589313,51,62.65420994985272,False
122,63.2115604746812,COMPLETE,2026-02-02T15:06:38.710017,1.79669,375,0.018361405279566867,7,56,46,0.5814702434235276,0.4588280136680269,0.024389587000105767,0.10693620900343172,23,False,False,False,False,False,True,True,True,0.5172414180960382,0.33636546591233396,True,True,False,1,True,True,False,False,False,False,False,True,False,False,False,False,1.3491686356087507,48,62.65420994985272,False
123,62.93349124835095,COMPLETE,2026-02-02T15:06:40.596838,1.885767,355,0.015596053300794572,8,55,54,0.5911165836468425,0.4460625990825703,0.013992564729852539,0.1426593240677713,23,False,False,False,False,False,True,True,True,0.506542770071078,0.31420697591696295,True,True,False,4,True,True,False,False,False,False,False,True,False,False,False,False,1.326907330401246,45,62.65420994985272,False
124,62.788392817254966,COMPLETE,2026-02-02T15:06:42.264218,1.666369,332,0.01441928883172667,7,49,42,0.5745496413897241,0.47219346737542844,0.05294824612664239,0.18187678290418993,22,False,False,False,False,False,True,True,True,0.5432646190084228,0.34423013452991863,True,True,False,4,True,True,False,False,False,False,False,True,False,False,False,False,1.5858033872029824,51,62.65420994985272,False
125,62.93693399258875,COMPLETE,2026-02-02T15:06:44.105361,1.839865,332,0.01510014535367233,7,50,42,0.5965655007211005,0.47524163728506086,0.008955176789068294,0.1904058407288327,22,False,False,False,False,False,True,True,True,0.5475518560532239,0.36117824093411904,True,True,False,4,True,True,False,False,False,False,False,True,False,False,False,False,1.5838927953436166,51,62.65420994985272,False
126,63.103432318985774,COMPLETE,2026-02-02T15:06:46.285895,2.179504,477,0.0174498253658441,7,65,45,0.5741032819197747,0.5143996314864552,0.006556887475225056,0.09073535330649132,23,False,False,False,False,False,True,True,True,0.5817392457287874,0.3697486945567645,True,True,False,4,True,True,False,False,False,False,False,True,False,False,False,False,1.6685829934632188,56,62.65420994985272,False
127,62.5682887231979,COMPLETE,2026-02-02T15:06:48.744635,2.45767,408,0.0161738133463835,7,46,49,0.6178601990734904,0.46489319939601825,0.028556144235028835,0.03746252008204163,22,False,False,False,False,False,False,True,True,0.533314767741723,0.34551809558263347,True,True,False,4,True,True,True,False,False,False,False,True,False,False,False,True,1.5030087309783888,49,62.5682887231979,True
128,62.72280717892942,COMPLETE,2026-02-02T15:06:51.041444,2.29571,447,0.02027038907468716,7,45,52,0.6149287214563113,0.5358964441854872,0.028463418303156997,0.03756984737116621,22,False,False,False,False,False,False,True,True,0.5684287806916866,0.35277459422535606,True,True,False,1,True,True,True,False,False,False,False,True,False,False,False,True,1.9598654090569307,48,62.5682887231979,False
129,62.75722758898132,COMPLETE,2026-02-02T15:06:53.549347,2.506932,462,0.019902297173232657,7,44,51,0.6130031133131338,0.5608740319028821,0.02896641699836101,0.01772205332667599,22,False,False,False,False,False,False,True,True,0.5723773372488256,0.35230771686362394,True,True,False,1,True,True,True,False,False,False,False,True,False,False,False,True,1.9178516317889924,48,62.5682887231979,False
130,62.67079316147109,COMPLETE,2026-02-02T15:06:55.736046,2.185685,493,0.020378938759868223,6,43,53,0.6487689397003972,0.5594755688231142,0.023952867493872657,0.020018394616323203,22,False,False,False,False,False,False,True,True,0.570102940482217,0.35365830550323013,True,True,False,1,True,True,True,False,False,False,False,True,False,False,False,True,1.9489483963154646,47,62.5682887231979,False
131,62.67576067693782,COMPLETE,2026-02-02T15:06:58.080893,2.343771,494,0.02226473356717209,6,44,53,0.6163941052308788,0.5533601000242149,0.028168525650627364,0.017306184251586018,22,False,False,False,False,False,False,True,True,0.568202545525553,0.38559180459290393,True,True,False,1,True,True,True,False,False,False,False,True,False,False,False,True,1.890409982873899,48,62.5682887231979,False
132,62.75603294369543,COMPLETE,2026-02-02T15:07:00.310218,2.228144,492,0.021673386317910714,6,44,52,0.6479806408034022,0.541550429449757,0.03096090247140649,0.015187005753267141,22,False,False,False,False,False,False,True,True,0.5652978386363512,0.38760981860257915,True,True,False,1,True,True,True,False,False,False,False,True,False,False,False,True,1.9682421451401457,49,62.5682887231979,False
133,62.77752754596328,COMPLETE,2026-02-02T15:07:02.670273,2.359116,489,0.021868279556934208,6,44,53,0.641064416019757,0.5596241378470503,0.025084892960770207,0.018283350637704327,22,False,False,False,False,False,False,True,True,0.5699673606258221,0.39580166843372866,True,True,False,1,True,True,True,False,False,False,False,True,False,False,False,True,1.9075054359671142,48,62.5682887231979,False
134,62.72091833726334,COMPLETE,2026-02-02T15:07:05.021075,2.349651,485,0.021828018036488935,6,40,53,0.6488627928792212,0.5564771990503682,0.02799557580907433,0.017522862256538683,22,False,False,False,False,False,False,True,True,0.601266801305857,0.38962956322106534,True,True,False,1,True,True,True,False,False,False,False,True,False,False,False,True,1.945896745828906,48,62.5682887231979,False
135,62.5633012329125,COMPLETE,2026-02-02T15:07:07.424094,2.402123,456,0.022519964281951403,6,44,53,0.6176903461097342,0.5577071748749916,0.024817381747341074,0.016769744141371796,22,False,False,False,False,False,False,True,True,0.6039393142201321,0.3883640097642789,True,True,False,1,True,True,True,False,False,False,True,True,False,False,False,True,1.975652220215617,48,62.5633012329125,True
136,62.74617098200654,COMPLETE,2026-02-02T15:07:09.108205,1.682766,460,0.024782713315604343,6,40,56,0.6492109099803867,0.5765236519626137,0.04214784160663442,0.009844456481053695,21,True,False,False,False,False,False,True,True,0.5976991476138159,0.3868767636268618,True,True,False,1,False,True,True,False,True,False,True,True,False,False,False,True,1.978366474447619,48,62.5633012329125,False
137,62.66488187996629,COMPLETE,2026-02-02T15:07:10.793418,1.684328,494,0.025425103108752168,6,40,58,0.6525478228087761,0.5770992249540476,0.040098286494577036,0.010825458557080779,21,True,False,False,False,False,False,True,True,0.5988211135223767,0.3832310674716415,True,True,False,1,False,True,True,False,True,False,True,True,False,False,False,True,1.8925420318997987,49,62.5633012329125,False
138,63.04868258231207,COMPLETE,2026-02-02T15:07:12.520977,1.726666,457,0.024275969767278333,6,39,58,0.6497008560196537,0.5795054924987266,0.040629583575858885,0.007314568992632587,21,True,False,False,True,False,False,True,True,0.5991062634887239,0.38454576734451634,True,True,False,1,False,True,True,False,True,True,True,True,False,False,False,True,1.9470499924121147,48,62.5633012329125,False
139,63.21289627030903,COMPLETE,2026-02-02T15:07:14.582397,2.060678,526,0.02689890224343883,6,45,55,0.621535197119152,0.5916461343083814,0.07664415539822221,0.011888595124630193,21,True,False,False,False,True,False,True,True,0.6277853358949985,0.39006007351583916,True,True,False,1,False,True,True,False,True,False,True,True,False,False,False,True,2.2516021596912523,49,62.5633012329125,False
140,62.99361985094596,COMPLETE,2026-02-02T15:07:16.305132,1.722042,499,0.02314631613001582,6,41,60,0.6804188812988041,0.6029906341233585,0.026974224072649277,0.0168907602777989,22,True,False,False,False,False,False,False,True,0.608458979198095,0.37840578658758844,True,True,False,1,False,True,True,False,True,False,True,True,False,False,True,True,1.9449488052026558,49,62.5633012329125,False
141,62.74981755706329,COMPLETE,2026-02-02T15:07:18.237420,1.931581,471,0.021286318947866218,6,41,52,0.6301685996714921,0.5544731400385499,0.03993101833750642,0.009620812646290186,22,True,False,False,False,False,False,True,True,0.5874632375034428,0.3992175015976287,True,True,False,1,False,True,True,False,True,False,True,True,False,False,False,True,1.7698286531834402,47,62.5633012329125,False
142,62.80204345358985,COMPLETE,2026-02-02T15:07:19.843509,1.605161,468,0.025385406830862413,6,37,52,0.6314611140669649,0.5621999605182353,0.042211725695677015,0.009244874989652221,21,True,False,False,False,False,False,True,True,0.5872670393229067,0.3988015994105536,True,True,False,1,False,True,True,False,True,False,True,True,False,False,False,True,1.7991784495890641,47,62.5633012329125,False
143,62.70512357294761,COMPLETE,2026-02-02T15:07:21.594117,1.749652,489,0.020856266033467713,6,43,57,0.6489505213503299,0.5465360882209161,0.032545543338535,0.027769062757535587,22,True,False,False,False,False,False,True,True,0.5756848170050789,0.3876197392047289,True,True,False,1,False,True,True,False,True,False,True,True,False,False,False,True,2.2560043240049756,50,62.5633012329125,False
144,62.6666539188405,COMPLETE,2026-02-02T15:07:23.475126,1.880109,496,0.02162395375525296,6,41,56,0.6518882153216164,0.5838221468361977,0.023290877848608928,0.03027239156948243,22,True,False,False,False,False,False,True,True,0.5980337552758098,0.3897298282095442,True,True,False,1,False,True,True,False,True,False,True,True,False,False,False,True,2.1756795187732423,55,62.5633012329125,False
145,62.78122163428643,COMPLETE,2026-02-02T15:07:25.586646,2.110795,489,0.021321776267070262,6,47,56,0.6490260604727304,0.5470208941041339,0.03681329901183618,0.026703296331330225,22,True,False,False,False,False,False,True,True,0.5989293440239825,0.3884949002153205,True,True,False,1,False,True,True,False,True,False,True,True,False,False,False,True,1.7671919779262446,50,62.5633012329125,False
146,62.92781365512612,COMPLETE,2026-02-02T15:07:28.116177,2.528509,510,0.022614420433406304,6,39,58,0.6724604983792035,0.5742134540069211,0.020978541778797974,0.014886243671400743,22,True,False,True,False,False,False,True,True,0.5591484453095015,0.38163991141531844,True,True,False,1,False,True,True,False,True,False,True,True,False,False,False,True,2.3115467380723675,55,62.5633012329125,False
147,62.64995744921618,COMPLETE,2026-02-02T15:07:30.385604,2.268317,500,0.025231181119357016,6,41,54,0.637915479150923,0.5423194642990039,0.023487258175176436,0.005415471596836287,21,True,False,False,False,False,False,True,True,0.6287359559542532,0.37623628327912984,True,True,False,1,False,True,True,False,True,False,True,True,False,False,False,True,7.676539494616748,51,62.5633012329125,False
148,62.676809712523706,COMPLETE,2026-02-02T15:07:32.516710,2.130074,451,0.027999359008520148,6,42,55,0.6215883505320845,0.5974641732521602,0.023504860775240756,0.005538638947021058,21,True,False,False,False,False,False,True,True,0.6352073616828339,0.37083606764124705,True,True,False,1,False,True,True,False,True,False,True,True,False,False,False,True,5.750027741887653,52,62.5633012329125,False
149,62.753535113414316,COMPLETE,2026-02-02T15:07:34.885960,2.368251,478,0.029796528749481924,6,41,55,0.6575812098819313,0.5972092408994751,0.022607822613784332,0.0045442899833796615,21,True,False,False,False,False,False,True,True,0.6304421290929734,0.3740383177648957,True,True,False,1,False,True,True,False,True,False,True,True,False,False,False,True,6.849550788970178,57,62.5633012329125,False
150,62.81068356355998,COMPLETE,2026-02-02T15:07:37.337899,2.450712,539,0.026797057923613837,6,37,57,0.6333841537271805,0.6139877465019692,0.010760431403664677,0.005749487803139613,21,True,False,False,False,False,False,True,True,0.6523833726078772,0.3759411756774001,True,True,False,1,False,True,True,False,True,False,True,True,False,False,False,True,7.317523774359499,52,62.5633012329125,False
151,62.4721071900949,COMPLETE,2026-02-02T15:07:39.573373,2.234459,500,0.02498253213014288,6,41,54,0.6188195175306481,0.5715505735377012,0.04597649837784736,0.010213278243556667,22,True,False,False,False,False,False,True,True,0.5879325603340511,0.39305905489683207,True,True,False,1,False,True,True,False,True,False,True,True,False,False,False,True,5.9199346992817,52,62.4721071900949,True
152,62.575123938375704,COMPLETE,2026-02-02T15:07:41.728008,2.153633,450,0.02556634028919176,6,42,54,0.6373253010270373,0.5685902289884329,0.026666281523870725,0.009821643927784875,21,True,False,False,False,False,False,True,True,0.5832053358905143,0.3982137745119382,True,True,False,1,False,True,True,False,True,False,True,True,False,False,False,True,7.9566597626645255,55,62.4721071900949,False
153,62.774788994271,COMPLETE,2026-02-02T15:07:44.157373,2.428163,453,0.025817217875129254,6,47,54,0.6930692789227029,0.6388216109415242,0.023484312349862063,0.022191514093174117,21,True,False,False,False,False,False,True,True,0.6116785640230274,0.3926716109217705,True,True,False,1,False,True,True,False,True,False,True,True,False,False,False,True,7.9395682813239326,54,62.4721071900949,False
154,62.76497625523633,COMPLETE,2026-02-02T15:07:46.383053,2.224637,502,0.028831922011799613,6,34,60,0.6384913786382785,0.5320106642797591,0.029372038559320364,0.007086927207568602,21,True,False,False,False,False,False,True,True,0.639091127720533,0.3837538889421717,True,True,False,1,False,True,True,False,True,False,True,True,False,False,False,True,7.597266954313682,52,62.4721071900949,False
155,62.74719619019772,COMPLETE,2026-02-02T15:07:48.827809,2.443739,514,0.024487137332271973,6,42,55,0.6193685014274929,0.5705837627232178,0.04797151472806068,0.011179015659550498,22,True,False,False,False,False,False,True,True,0.5958286297592913,0.3673867784393752,True,True,False,1,False,True,True,False,True,False,True,True,False,False,False,True,5.854379816124886,55,62.4721071900949,False
156,62.985384697126044,COMPLETE,2026-02-02T15:07:50.614132,1.785255,449,0.033201171900702535,5,43,63,0.6570585688340298,0.5852869625000072,0.013223072612452872,0.036922465536992105,21,True,False,False,False,False,False,True,True,0.5816147176251161,0.37889197249299,True,True,False,1,False,True,True,False,True,False,True,True,False,False,False,True,7.4985524094299665,50,62.4721071900949,False
157,62.459277231217115,COMPLETE,2026-02-02T15:07:52.930544,2.315448,482,0.023507417294149142,6,51,57,0.6757842224479496,0.5745002699819631,0.025096959033157538,0.003121762874401445,22,True,False,False,False,False,False,True,True,0.6161340724671154,0.3914663927207314,True,True,False,1,False,True,True,False,True,False,True,True,False,False,False,True,5.519964041964151,47,62.459277231217115,True
158,62.35709633279858,COMPLETE,2026-02-02T15:07:55.426254,2.493723,525,0.02361797792794723,6,51,58,0.6707547940885473,0.6027346777836684,0.022802289668292144,0.005636546079399563,22,True,False,False,False,False,False,True,True,0.6176200568399665,0.39255119536183336,True,True,False,1,False,True,True,False,True,False,True,True,False,False,False,True,5.460597005223355,52,62.35709633279858,True
159,63.19635945869368,COMPLETE,2026-02-02T15:07:57.926561,2.499243,521,0.02341287723176631,6,49,58,0.6778273364930967,0.6052919604971437,0.022456905898309842,0.0036076449254723846,22,True,False,False,True,False,False,True,True,0.617808266542278,0.3942663957166762,True,True,False,1,False,True,True,False,True,False,True,True,False,False,False,True,5.338736348767981,57,62.35709633279858,False
