Dátum;Zúčtovacia perióda;Veľkosť odchýlky sústavy (MWh);Zúčtovacia cena PNRE (EUR/MWh);Cena za PRE (EUR/MWh);Cena odchýlky sústavy (EUR/MWh);Zúčtovacia cena odchýlky (EUR/MWh);Platba SZ za odchýlku (EUR);Platba OKTE za odchýlku (EUR);Platba za odchýlku sústavy (EUR);Celkové náklady na RE (EUR);Platba za PRE (EUR);Saldo výnosov a nákladov za odchýlky a RE (EUR);Zúčtovanie v zvláštnom režime
1.3.2026;1;6,276;0,6390;0,6390;49,4040;49,4040;-662,8535;1018,9575;356,1040;-367,0504;62,1798;-51,2334;Nie
1.3.2026;2;10,437;1,2773;1,2773;67,4290;63,7700;-878,6868;1602,3488;723,6620;-724,7277;124,2915;-123,2258;Nie
1.3.2026;3;6,527;0,4769;0,4769;47,3170;47,3170;-923,5332;1272,7800;349,2468;-270,9434;46,4062;-124,7096;Nie
1.3.2026;4;2,257;0,0561;0,0561;40,4920;40,4920;-819,9630;946,7435;126,7805;-31,2985;5,4590;-100,9409;Nie
1.3.2026;5;9,880;2,0424;2,0424;97,4810;52,7836;-843,6931;1409,4277;565,7346;-1118,5763;177,1394;375,7023;Nie
1.3.2026;6;8,527;1,1348;1,1348;77,0710;52,7836;-1029,5441;1524,1792;494,6351;-623,8505;98,4223;30,7930;Nie
1.3.2026;7;11,415;1,3140;1,3140;67,4800;52,7836;-728,9943;1374,9600;645,9657;-771,1168;113,9645;11,1866;Nie
1.3.2026;8;6,761;0,6443;0,6443;58,7040;52,7836;-1010,8059;1411,0640;400,2580;-378,6634;55,8808;-77,4754;Nie
1.3.2026;9;2,789;0,1504;0,1504;39,3750;39,3750;-853,0200;1005,1650;152,1450;-88,1279;12,6386;-76,6557;Nie
1.3.2026;10;5,363;0,2255;0,2255;28,0890;28,0890;-548,8310;729,0781;180,2471;-130,0548;18,9494;-69,1418;Nie
1.3.2026;11;7,099;0,6387;0,6387;51,5070;48,0248;-850,7593;1245,7153;394,9560;-363,7398;53,6719;-84,8880;Nie
1.3.2026;12;13,753;0,9651;0,9651;37,8380;37,8380;-595,1539;1155,2698;560,1159;-538,5474;81,1002;-102,6688;Nie
1.3.2026;13;7,868;0,9194;0,9194;63,3900;47,3169;-930,7707;1349,5726;418,8019;-515,0184;75,2327;20,9839;Nie
1.3.2026;14;7,602;1,1911;1,1911;80,0870;48,6946;-972,2364;1391,5456;419,3092;-665,8716;97,4653;149,0971;Nie
1.3.2026;15;10,915;0,9352;0,9352;48,1780;48,1780;-854,3405;1427,1287;572,7882;-519,1127;76,5255;-130,2011;Nie
1.3.2026;16;17,266;1,5710;1,5710;49,5350;48,3952;-862,0637;1745,1309;883,0672;-863,5631;128,5518;-148,0559;Nie
1.3.2026;17;12,952;1,2237;1,2237;54,8190;39,0226;-721,8401;1265,3078;543,4678;-679,9986;101,3456;35,1852;Nie
1.3.2026;18;-0,440;-0,0218;-0,0218;44,6340;68,9370;-1554,7362;1592,0311;37,2949;12,2485;-1,8055;-47,7380;Nie
1.3.2026;19;-1,312;-0,1268;-0,1268;71,5470;77,5280;-1994,8730;1970,9943;-23,8786;68,6075;-10,5014;-34,2274;Nie
1.3.2026;20;-4,069;-0,3969;-0,3969;54,8730;81,9500;-1982,3705;1725,9490;-256,4216;218,4967;-32,8709;70,7957;Nie
1.3.2026;21;0,599;-0,0727;-0,0727;14,2030;14,2030;-285,2246;307,6938;22,4691;40,3681;-6,3716;-56,4657;Nie
1.3.2026;22;-1,960;-0,1250;-0,1250;24,1900;75,1850;-1464,9045;1391,8247;-73,0798;69,8051;-10,9553;14,2300;Nie
1.3.2026;23;-1,722;-0,1512;-0,1512;48,0780;76,1310;-1743,9328;1690,4127;-53,5201;84,8147;-13,2515;-18,0431;Nie
1.3.2026;24;-2,537;-0,4867;-0,4867;75,3310;78,4300;-1827,0269;1708,2838;-118,7430;275,1032;-42,6554;-113,7048;Nie
1.3.2026;25;10,764;0,2508;0,2508;12,6300;12,6300;-205,8059;354,8651;149,0593;-144,5536;25,8344;-30,3401;Nie
1.3.2026;26;7,618;0,4427;0,4427;34,2440;34,2440;-677,1409;974,5842;297,4434;-259,3017;45,6016;-83,7433;Nie
1.3.2026;27;8,841;0,2568;0,2568;17,0720;17,0720;-299,4941;467,4826;167,9885;-152,1823;26,4525;-42,2586;Nie
1.3.2026;28;7,101;0,2290;0,2290;20,6090;20,6090;-417,6208;582,8225;165,2017;-137,7394;23,5888;-51,0512;Nie
1.3.2026;29;-0,009;0,1099;0,1099;68,6840;80,3880;-2029,6362;2088,8018;59,1656;-67,7724;14,0236;-5,4167;Nie
1.3.2026;30;-0,019;-0,0914;-0,0914;95,9140;95,9140;-2421,3489;2455,3984;34,0495;57,0899;-11,6629;-79,4765;Nie
1.3.2026;31;-0,036;-0,1490;-0,1490;92,2410;92,2410;-2534,5982;2545,9438;11,3456;93,2841;-19,0128;-85,6169;Nie
1.3.2026;32;5,664;0,6833;0,6833;74,4800;45,4875;-1263,3698;1522,7850;259,4152;-432,4151;87,1911;85,8088;Nie
1.3.2026;33;-2,372;-0,4835;-0,4835;100,4910;100,4910;-3410,3631;3132,5055;-277,8576;306,8019;-75,7035;46,7592;Nie
1.3.2026;34;7,357;0,3849;0,3849;39,9270;33,7893;-1118,8313;1348,1255;229,2942;-247,3328;60,2653;-42,2267;Nie
1.3.2026;35;3,978;0,3422;0,3422;56,6630;33,5438;-1090,4083;1198,2852;107,8769;-241,4700;53,5796;80,0135;Nie
1.3.2026;36;2,110;0,1686;0,1686;66,8840;31,0871;-1049,4694;1092,0276;42,5582;-120,9609;26,3984;52,0043;Nie
1.3.2026;37;-8,281;-0,9784;-0,9784;100,4810;100,4810;-4032,2020;3120,4375;-911,7646;697,0345;-182,5743;397,3044;Nie
1.3.2026;38;-7,792;-1,0522;-1,0522;91,3970;91,3970;-3748,4652;2965,7413;-782,7239;757,0009;-196,3458;222,0688;Nie
1.3.2026;39;-3,403;-0,2372;-0,2372;50,4900;50,4900;-1900,2921;1692,7277;-207,5644;169,8097;-44,2627;82,0174;Nie
1.3.2026;40;-0,928;-0,2849;-0,2849;38,5570;38,5570;-1656,1774;1594,6018;-61,5755;204,3241;-53,1638;-89,5848;Nie
1.3.2026;41;0,634;-0,1876;-0,1876;18,0090;0,9100;-38,0143;38,0981;0,0837;141,0649;-38,3721;-102,7765;Nie
1.3.2026;42;5,426;-0,0295;-0,0295;-7,3980;-7,3980;-270,5079;233,9026;-36,6053;22,3178;-6,0340;20,3215;Nie
1.3.2026;43;2,739;-0,1803;-0,1803;-9,2020;-9,2020;-339,1673;318,9045;-20,2628;138,1986;-36,8789;-81,0569;Nie
1.3.2026;44;9,049;0,3671;0,3671;29,2110;-0,8910;-41,7915;34,1387;-7,6528;-283,7270;75,0874;216,2924;Nie
1.3.2026;45;6,598;0,3742;0,3742;47,1380;0,0100;-0,4613;0,5188;0,0575;-307,0326;78,7104;228,2648;Nie
1.3.2026;46;8,683;0,3147;0,3147;33,6950;0,0000;0,0000;0,0000;0,0000;-259,2674;66,1949;193,0725;Nie
1.3.2026;47;8,377;0,1239;0,1239;14,5580;-0,0110;-0,6599;0,5775;-0,0824;-100,2581;26,0615;74,2790;Nie
1.3.2026;48;7,108;0,1404;0,1404;17,0850;-0,1100;-6,7124;6,0323;-0,6801;-112,4159;29,5322;83,5639;Nie
1.3.2026;49;9,276;0,4441;0,4441;35,6190;-0,1100;-5,2005;4,2995;-0,9010;-346,2785;82,5373;264,6422;Nie
1.3.2026;50;7,759;0,2379;0,2379;24,0450;-0,1210;-5,8292;5,0194;-0,8097;-184,2441;44,2144;140,8394;Nie
1.3.2026;51;4,910;0,0835;0,0835;15,7000;-0,6564;-31,5643;29,0884;-2,4759;-63,7878;15,5187;50,7450;Nie
1.3.2026;52;12,885;0,0917;0,0917;5,2910;-1,1000;-54,7767;41,8110;-12,9657;-69,0711;17,0427;64,9941;Nie
1.3.2026;53;17,006;0,1577;0,1577;7,0780;-1,1986;-72,5393;53,5127;-19,0266;-118,8208;26,3029;111,5444;Nie
1.3.2026;54;19,907;0,0687;0,0687;2,6250;-1,1330;-69,9922;48,6114;-21,3808;-50,8870;11,4585;60,8093;Nie
1.3.2026;55;19,062;0,2074;0,2074;7,9080;-1,3358;-87,7353;63,0431;-24,6923;-151,2283;34,5925;141,3281;Nie
1.3.2026;56;27,042;0,4431;0,4431;11,8270;-1,4854;-97,6576;57,9053;-39,7523;-321,5596;73,9051;287,4068;Nie
1.3.2026;57;45,265;-0,5411;-0,5411;-9,2360;-9,2360;-587,4188;174,1633;-413,2556;384,6279;-81,3528;109,9804;Nie
1.3.2026;58;34,702;0,5171;0,5171;10,2830;-0,4049;-22,9408;9,0187;-13,9221;-365,9312;77,7444;302,1088;Nie
1.3.2026;59;31,021;0,3378;0,3378;7,5680;0,0000;0,0000;0,0000;0,0000;-240,2343;50,7872;189,4471;Nie
1.3.2026;60;24,805;1,6622;1,6622;48,0140;1,0800;-29,1157;55,5412;26,4254;-1164,1576;249,9068;887,8254;Nie
1.3.2026;61;27,360;-1,7855;-1,7855;-53,5630;-53,5630;-2807,9867;1370,8379;-1437,1489;1141,3861;-252,6679;548,4306;Nie
1.3.2026;62;22,584;3,1349;3,1349;81,0570;0,1300;-3,8665;6,7336;2,8672;-1971,1984;443,6228;1524,7084;Nie
1.3.2026;63;14,519;2,2752;2,2752;101,8010;31,3244;-1027,5969;1472,2155;444,6185;-1450,0420;321,9658;683,4576;Nie
1.3.2026;64;9,849;0,9963;0,9963;65,8660;44,4049;-1428,0616;1861,9863;433,9247;-631,3100;140,9874;56,3979;Nie
1.3.2026;65;13,453;1,7072;1,7072;73,1150;42,0400;-1851,5677;2428,7349;577,1672;-1037,0601;249,0685;210,8244;Nie
1.3.2026;66;15,091;1,6018;1,6018;65,4960;65,4960;-2092,0732;3115,5137;1023,4405;-973,9547;233,6914;-283,1772;Nie
1.3.2026;67;3,706;0,3065;0,3065;42,1810;42,1810;-1589,9706;1779,1524;189,1818;-190,3099;44,7162;-43,5881;Nie
1.3.2026;68;0,901;-0,2480;-0,2480;78,9120;78,9120;-3407,8936;3555,3802;147,4865;156,7421;-36,1815;-268,0472;Nie
1.3.2026;69;15,821;2,6226;2,6226;110,3510;101,1700;-4028,5894;5738,7671;1710,1777;-1892,5077;415,2258;-232,8957;Nie
1.3.2026;70;13,142;1,6528;1,6528;83,8490;83,8490;-2541,9663;3736,1437;1194,1775;-1088,3930;261,6812;-367,4657;Nie
1.3.2026;71;8,004;0,9017;0,9017;75,9790;75,9790;-2180,0654;2876,6409;696,5755;-605,5077;142,7626;-233,8303;Nie
1.3.2026;72;4,348;0,6310;0,6310;88,2410;88,2410;-2330,0918;2819,3000;489,2081;-433,9736;99,9037;-155,1382;Nie
1.3.2026;73;0,357;0,1906;0,1906;114,2900;114,2900;-3387,6699;3571,5625;183,8926;-133,9419;32,8943;-82,8450;Nie
1.3.2026;74;3,417;0,5427;0,5427;110,6130;110,6130;-2883,6809;3401,6816;518,0007;-383,0101;93,6608;-228,6514;Nie
1.3.2026;75;-0,701;-0,1101;-0,1101;106,9470;132,1320;-4037,1611;4119,2151;82,0540;77,7392;-19,0014;-140,7918;Nie
1.3.2026;76;3,652;0,5624;0,5624;92,1480;92,1480;-2381,9337;2844,0559;462,1222;-398,0336;97,0607;-161,1493;Nie
1.3.2026;77;2,103;0,3304;0,3304;113,5650;113,5650;-3233,9905;3627,9475;393,9570;-234,4009;57,1017;-216,6578;Nie
1.3.2026;78;-2,263;-0,4263;-0,4263;98,0100;130,0750;-4666,3106;4549,8934;-116,4171;301,2886;-73,6757;-111,1958;Nie
1.3.2026;79;1,243;0,2231;0,2231;95,9320;95,9320;-3079,1294;3328,6485;249,5191;-156,8876;38,5575;-131,1890;Nie
1.3.2026;80;6,722;0,7427;0,7427;77,4720;77,4720;-2346,5494;2975,0023;628,4529;-522,4013;128,3579;-234,4094;Nie
1.3.2026;81;4,411;0,7138;0,7138;98,1960;98,1960;-2617,4144;3188,9151;571,5007;-504,1887;117,7042;-185,0162;Nie
1.3.2026;82;6,096;0,6461;0,6461;79,9350;79,9350;-2100,5319;2698,5257;597,9937;-450,7115;106,5406;-253,8228;Nie
1.3.2026;83;10,133;0,3488;0,3488;25,4480;25,4480;-554,4865;846,8076;292,3212;-236,1186;57,5164;-113,7190;Nie
1.3.2026;84;20,146;1,3523;1,3523;44,3170;44,3170;-934,0251;1885,4668;951,4417;-889,2919;222,9916;-285,1413;Nie
1.3.2026;85;5,243;0,7017;0,7017;79,5470;79,5470;-2181,0992;2698,5524;517,4532;-453,9946;99,9277;-163,3863;Nie
1.3.2026;86;11,907;1,4984;1,4984;82,1200;82,1200;-2418,2698;3497,4908;1079,2210;-952,2798;213,3841;-340,3254;Nie
1.3.2026;87;10,791;1,4135;1,4135;83,5540;83,5540;-1993,5984;2994,6589;1001,0605;-905,0551;201,2937;-297,2991;Nie
1.3.2026;88;12,987;1,4770;1,4770;73,6490;73,6490;-2013,7846;3055,2551;1041,4705;-921,9596;210,3366;-329,8475;Nie
1.3.2026;89;11,600;1,7320;1,7320;89,8270;89,8270;-2112,1023;3258,7439;1146,6417;-1075,4414;206,2673;-277,4676;Nie
1.3.2026;90;5,664;0,7185;0,7185;90,8940;90,8940;-2397,8746;3014,6813;616,8067;-441,1325;85,5676;-261,2418;Nie
1.3.2026;91;8,770;1,1584;1,1584;83,5180;83,5180;-2078,0114;2906,4264;828,4150;-695,7402;137,9562;-270,6310;Nie
1.3.2026;92;8,840;1,0773;1,0773;75,8340;75,8340;-1937,4070;2691,1212;753,7141;-639,5176;128,2978;-242,4943;Nie
1.3.2026;93;1,703;0,2383;0,2383;80,4010;80,3394;-2463,8487;2687,0316;223,1829;-138,4834;23,8943;-108,5938;Nie
1.3.2026;94;3,019;0,3667;0,3667;72,7880;72,7880;-2197,3241;2492,2611;294,9370;-209,0733;36,7690;-122,6327;Nie
1.3.2026;95;5,132;0,3792;0,3792;48,5440;48,5440;-1456,9511;1754,4772;297,5262;-216,9507;38,0224;-118,5979;Nie
1.3.2026;96;4,484;0,3715;0,3715;58,3410;58,3410;-1908,6842;2225,3591;316,6749;-212,3399;37,2503;-141,5854;Nie
2.3.2026;1;-12,482;-1,9560;-1,9560;96,9000;98,7800;-2701,9293;1557,0691;-1144,8602;1110,6702;-171,9598;206,1498;Nie
2.3.2026;2;-7,143;-1,1228;-1,1228;78,0710;91,4430;-2357,3091;1786,7048;-570,6043;625,6931;-98,7098;43,6211;Nie
2.3.2026;3;-9,930;-0,8848;-0,8848;46,2700;88,8030;-2762,6613;1955,2645;-807,3969;493,0110;-77,7863;392,1722;Nie
2.3.2026;4;2,086;0,3557;0,3557;72,3760;72,3760;-2153,2584;2360,0366;206,7782;-199,3433;31,2710;-38,7059;Nie
2.3.2026;5;-9,280;-1,5771;-1,5771;101,4670;101,4670;-3289,5601;2423,3364;-866,2238;974,0029;-124,8322;17,0531;Nie
2.3.2026;6;-7,673;-1,3238;-1,3238;114,1960;114,1960;-3208,7934;2418,3287;-790,4647;811,0757;-104,7827;84,1718;Nie
2.3.2026;7;-7,134;-1,1404;-1,1404;93,3490;93,3490;-2784,7874;2192,0212;-592,7662;693,7976;-90,2661;-10,7654;Nie
2.3.2026;8;3,108;0,3278;0,3278;77,2000;69,2121;-1706,9088;1976,4899;269,5811;-197,7516;25,9464;-97,7759;Nie
2.3.2026;9;-8,894;-1,3129;-1,3129;98,8240;98,8240;-2643,0479;1862,4371;-780,6108;810,4936;-100,8635;70,9807;Nie
2.3.2026;10;-4,759;-0,7362;-0,7362;96,0220;96,0220;-2410,4403;2047,3811;-363,0592;447,1084;-56,5586;-27,4907;Nie
2.3.2026;11;-5,004;-0,9071;-0,9071;94,8180;94,8180;-2544,0618;2160,9970;-383,0647;547,9098;-69,6880;-95,1571;Nie
2.3.2026;12;2,229;0,2827;0,2827;82,4050;69,4827;-1378,1894;1597,5462;219,3569;-168,9867;21,7184;-72,0886;Nie
2.3.2026;13;-2,691;-0,2797;-0,2797;84,7470;84,7470;-2124,0141;1972,2322;-151,7819;159,6476;-21,2580;13,3923;Nie
2.3.2026;14;0,312;0,0045;0,0045;80,8900;70,8418;-1553,5607;1638,0041;84,4434;-2,5737;0,3420;-82,2117;Nie
2.3.2026;15;-2,107;-0,1681;-0,1681;74,0820;80,3110;-2082,2233;1984,0833;-98,1400;96,0066;-12,7761;14,9095;Nie
2.3.2026;16;-0,549;-0,0457;-0,0457;116,9730;116,9730;-2762,4344;2801,0355;38,6011;26,1275;-3,4733;-61,2553;Nie
2.3.2026;17;2,785;0,4619;0,4619;98,1440;72,9321;-1453,1721;1722,2915;269,1194;-260,6187;37,4790;-45,9798;Nie
2.3.2026;18;0,661;0,0745;0,0745;105,4200;72,9321;-1811,6334;1927,8142;116,1808;-42,7295;6,0450;-79,4963;Nie
2.3.2026;19;-0,619;0,0249;0,0249;82,8550;93,3020;-2331,0572;2364,0861;33,0289;-14,4218;2,0204;-20,6275;Nie
2.3.2026;20;1,518;0,0457;0,0457;71,6190;71,6190;-1711,0495;1887,3755;176,3260;-26,8227;3,7081;-153,2114;Nie
2.3.2026;21;5,397;0,8968;0,8968;95,3310;88,5800;-1642,3618;2205,1991;562,8373;-544,7750;81,9119;-99,9742;Nie
2.3.2026;22;3,241;0,4694;0,4694;85,9260;85,9260;-1471,9124;1832,6297;360,7173;-290,2698;42,8741;-113,3216;Nie
2.3.2026;23;-0,499;0,3579;0,3579;144,0870;144,0870;-2569,0712;2638,2330;69,1618;-227,8170;32,6899;125,9654;Nie
2.3.2026;24;1,854;0,0046;0,0046;94,0140;94,0140;-1869,3744;2133,9298;264,5554;-2,9829;0,4202;-261,9927;Nie
2.3.2026;25;-7,231;-1,3066;-1,3066;124,2180;137,0875;-3980,1985;3122,0307;-858,1678;915,3901;-140,7195;83,4972;Nie
2.3.2026;26;-4,033;-1,0705;-1,0705;133,8470;140,0740;-4074,4725;3634,7802;-439,6923;775,1463;-115,2918;-220,1622;Nie
2.3.2026;27;-3,841;-0,6065;-0,6065;83,4600;157,1680;-4955,5070;4482,4314;-473,0757;454,4980;-65,3194;83,8971;Nie
2.3.2026;28;-0,218;-0,0308;-0,0308;70,9620;180,7960;-5725,8093;5842,4227;116,6134;23,5976;-3,3171;-136,8939;Nie
2.3.2026;29;-6,547;-0,8786;-0,8786;108,3630;175,9780;-4920,1689;3920,0859;-1000,0830;689,0467;-100,9986;412,0349;Nie
2.3.2026;30;-5,387;-0,7121;-0,7121;96,6430;189,0460;-5936,6115;5037,1307;-899,4809;568,3243;-81,8587;413,0153;Nie
2.3.2026;31;-4,172;-0,5698;-0,5698;85,4950;162,2060;-4887,7534;4280,7785;-606,9749;456,3722;-65,5008;216,1034;Nie
2.3.2026;32;-6,357;-0,6312;-0,6312;76,0620;138,9740;-4503,4525;3676,6961;-826,7563;509,0784;-72,5590;390,2369;Nie
2.3.2026;33;-10,881;-1,4154;-1,4154;101,2190;205,3370;-7895,6183;5768,5323;-2127,0860;1139,1829;-168,7228;1156,6258;Nie
2.3.2026;34;-0,876;-0,1386;-0,1386;89,8370;139,9640;-5067,6765;5005,8125;-61,8641;111,7838;-16,5218;-33,3979;Nie
2.3.2026;35;-8,618;-0,9449;-0,9449;97,5510;124,4210;-4934,0392;3893,7552;-1040,2840;779,6578;-112,6368;373,2630;Nie
2.3.2026;36;-11,538;-1,4813;-1,4813;105,4410;119,2484;-6163,7113;4791,4007;-1372,3106;1212,5230;-176,5784;336,3660;Nie
2.3.2026;37;-7,943;-0,6343;-0,6343;102,5000;130,9440;-4640,1316;3556,9628;-1083,1688;518,9543;-78,5523;642,7668;Nie
2.3.2026;38;-16,092;-2,0242;-2,0242;102,3250;114,2240;-4860,0028;3017,2270;-1842,7758;1649,7859;-250,6790;443,6688;Nie
2.3.2026;39;-16,463;-1,6844;-1,6844;92,2710;97,7790;-4053,6240;2444,0839;-1609,5401;1405,6716;-208,5978;412,4663;Nie
2.3.2026;40;-27,672;-4,6546;-4,6546;138,9160;138,9160;-6979,4177;3108,8012;-3870,6165;3838,9982;-576,4303;608,0486;Nie
2.3.2026;41;-18,878;-3,0037;-3,0037;125,5850;125,5850;-4296,6396;1926,9762;-2369,6634;2338,1514;-367,5177;399,0297;Nie
2.3.2026;42;-16,371;-2,8935;-2,8935;133,8730;133,8730;-5095,8757;2906,1151;-2189,7607;2223,3094;-354,0342;320,4855;Nie
2.3.2026;43;-14,529;-2,6306;-2,6306;144,8790;144,8790;-5679,2568;3534,9027;-2144,3541;2142,7137;-321,8671;323,5074;Nie
2.3.2026;44;-9,948;-2,5037;-2,5037;117,8760;117,8760;-4809,1050;3578,5975;-1230,5076;2016,8052;-306,3402;-479,9574;Nie
2.3.2026;45;-3,228;-0,4797;-0,4797;92,3240;92,3240;-3024,5342;2660,3161;-364,2182;388,1510;-60,0580;36,1251;Nie
2.3.2026;46;1,000;0,0184;0,0184;65,1690;49,9622;-1422,5238;1453,6002;31,0765;-14,8436;2,3037;-18,5366;Nie
2.3.2026;47;11,052;0,3629;0,3629;28,1290;28,1290;-947,4691;1247,9712;300,5021;-297,1995;45,4347;-48,7373;Nie
2.3.2026;48;4,675;-0,0175;-0,0175;-0,8600;-0,8600;-30,7957;27,2723;-3,5234;14,5100;-2,1910;-8,7956;Nie
2.3.2026;49;13,542;0,4963;0,4963;34,3480;32,9608;-1059,6568;1468,4036;408,7469;-423,5696;61,5536;-46,7309;Nie
2.3.2026;50;14,800;0,6451;0,6451;37,2190;32,3715;-745,8070;1189,1347;443,3277;-551,3065;80,0085;27,9703;Nie
2.3.2026;51;18,376;1,1738;1,1738;54,0940;23,1100;-478,2846;880,0981;401,8136;-1004,2655;145,5805;456,8714;Nie
2.3.2026;52;24,462;1,0445;1,0445;36,3530;17,5100;-299,9463;715,6862;415,7399;-885,8791;129,5441;340,5951;Nie
2.3.2026;53;14,583;0,6487;0,6487;35,5860;19,5400;-398,9286;676,3185;277,3898;-548,8025;79,5209;191,8918;Nie
2.3.2026;54;23,205;1,5720;1,5720;57,4620;33,2300;-582,6548;1356,0166;773,3618;-1315,9454;192,7036;349,8800;Nie
2.3.2026;55;25,857;1,9659;1,9659;62,2570;42,3344;-720,4892;1808,9489;1088,4598;-1627,3903;240,9899;297,9407;Nie
2.3.2026;56;23,090;1,3597;1,3597;48,6510;40,7493;-672,2412;1616,5655;944,3243;-1115,7629;166,6788;4,7598;Nie
2.3.2026;57;3,139;0,2213;0,2213;51,4660;15,7500;-392,1750;442,4648;50,2898;-175,4751;26,5578;98,6276;Nie
2.3.2026;58;7,497;0,4763;0,4763;48,6110;48,6110;-772,4774;1132,9280;360,4506;-373,3003;57,1598;-44,3101;Nie
2.3.2026;59;2,638;0,2386;0,2386;58,6700;58,6700;-1254,9513;1405,0878;150,1365;-181,6150;28,6339;2,8446;Nie
2.3.2026;60;-4,311;-0,5726;-0,5726;83,0910;105,3580;-2679,5700;2224,6342;-454,9358;434,0927;-68,7166;89,5597;Nie
2.3.2026;61;-6,046;-0,3122;-0,3122;36,5250;89,0068;-3005,1366;2444,4828;-560,6538;226,4439;-38,5392;372,7492;Nie
2.3.2026;62;-9,274;-0,2233;-0,2233;17,7980;93,3294;-3405,1232;2512,3341;-892,7890;161,2048;-27,5650;759,1493;Nie
2.3.2026;63;-11,103;-0,5319;-0,5319;35,6860;101,3430;-3626,4579;2477,9377;-1148,5202;384,2967;-65,6599;829,8834;Nie
2.3.2026;64;-10,234;-0,4676;-0,4676;33,1040;127,5560;-4103,3490;2809,4209;-1293,9281;340,3472;-57,7224;1011,3033;Nie
2.3.2026;65;0,754;0,1792;0,1792;94,7010;87,3500;-2622,5091;2725,4947;102,9857;-134,1465;23,8917;7,2692;Nie
2.3.2026;66;1,603;0,2456;0,2456;115,2670;113,4500;-2760,4654;3028,7747;268,3093;-185,5532;32,7444;-115,5004;Nie
2.3.2026;67;-7,503;-1,2393;-1,2393;141,4490;158,3419;-5212,2987;4173,7341;-1038,5645;935,7382;-165,2284;268,0548;Nie
2.3.2026;68;-8,817;-1,4400;-1,4400;122,5670;194,8980;-7645,2638;6132,4656;-1512,7983;1094,9281;-191,9866;609,8567;Nie
2.3.2026;69;-2,692;-0,1683;-0,1683;109,5510;223,7691;-7525,8024;7163,2964;-362,5059;128,5194;-25,3504;259,3369;Nie
2.3.2026;70;-4,864;-0,9192;-0,9192;159,9530;237,0295;-7810,1220;6923,6317;-886,4903;713,9665;-138,4554;310,9792;Nie
2.3.2026;71;-4,589;-1,4310;-1,4310;148,7700;246,2725;-8610,1791;7752,4120;-857,7671;1124,1399;-215,5458;-50,8270;Nie
2.3.2026;72;-7,189;-1,2883;-1,2883;107,1740;339,0090;-11462,2333;9394,2784;-2067,9549;1023,5772;-194,0515;1238,4292;Nie
2.3.2026;73;-12,241;-1,8264;-1,8264;120,4790;268,5650;-9825,9877;6810,2713;-3015,7164;1467,5312;-304,4353;1852,6205;Nie
2.3.2026;74;-4,359;-0,6239;-0,6239;109,3540;266,5823;-8452,2584;7569,6044;-882,6540;502,1677;-103,9954;484,4817;Nie
2.3.2026;75;-10,769;-1,7855;-1,7855;150,3160;266,5823;-9337,5782;6747,9978;-2589,5805;1444,3983;-297,6179;1442,8000;Nie
2.3.2026;76;-12,081;-1,6878;-1,6878;98,9260;266,5823;-9992,8375;7041,2383;-2951,5992;1368,6882;-281,3326;1864,2437;Nie
2.3.2026;77;-16,937;-2,4157;-2,4157;109,2100;258,3681;-10643,7322;6531,5456;-4112,1867;1962,3954;-401,5932;2551,3845;Nie
2.3.2026;78;-9,679;-1,2946;-1,2946;106,9120;258,3681;-9610,7766;7381,5766;-2229,2000;1045,9869;-215,2182;1398,4313;Nie
2.3.2026;79;-13,220;-1,4830;-1,4830;88,5120;258,3681;-9864,7524;6751,9336;-3112,8189;1198,6711;-246,5384;2160,6861;Nie
2.3.2026;80;-7,879;-1,0449;-1,0449;100,9820;258,3681;-10171,9521;8454,5793;-1717,3728;835,9255;-173,7073;1055,1546;Nie
2.3.2026;81;-8,441;-0,9586;-0,9586;88,0690;196,3610;-8858,0411;7437,9583;-1420,0828;764,0237;-151,6045;807,6636;Nie
2.3.2026;82;-0,157;-0,0314;-0,0314;87,0520;181,6540;-6962,7978;7147,5399;184,7421;24,5511;-4,9660;-204,3272;Nie
2.3.2026;83;-9,272;-1,4162;-1,4162;127,5270;208,3414;-6164,8220;4481,6319;-1683,1902;1088,6466;-223,9749;818,5184;Nie
2.3.2026;84;-8,285;-1,2731;-1,2731;104,0260;182,2897;-5834,3641;4532,4511;-1301,9130;964,3055;-201,3433;538,9508;Nie
2.3.2026;85;-1,803;-0,1666;-0,1666;90,2440;179,1189;-3566,4364;3438,7246;-127,7118;124,5315;-22,9790;26,1592;Nie
2.3.2026;86;0,940;-0,0020;-0,0020;86,1980;86,1980;-1964,7972;2138,2276;173,4304;1,4584;-0,2759;-174,6129;Nie
2.3.2026;87;2,113;0,1748;0,1748;101,4480;101,4480;-1889,4690;2212,6823;323,2133;-126,6165;24,1100;-220,7068;Nie
2.3.2026;88;3,984;0,2249;0,2249;79,9330;79,9330;-1743,2588;2143,5633;400,3045;-157,6468;31,0202;-273,6779;Nie
2.3.2026;89;-4,216;-0,5499;-0,5499;91,2700;127,8530;-2744,1089;2332,8058;-411,3031;381,0494;-64,3773;94,6310;Nie
2.3.2026;90;-2,484;-0,2729;-0,2729;74,4290;123,1890;-2518,7223;2335,1707;-183,5516;185,3965;-31,9487;30,1038;Nie
2.3.2026;91;-3,685;-0,3487;-0,3487;54,7790;114,0040;-2828,0972;2520,4004;-307,6968;233,7057;-40,8227;114,8138;Nie
2.3.2026;92;-4,013;-0,3744;-0,3744;55,3890;110,9849;-2822,7899;2486,6167;-336,1733;245,2988;-43,8314;134,7058;Nie
2.3.2026;93;-4,118;-0,5075;-0,5075;84,0800;108,8010;-2456,8354;2114,4386;-342,3967;324,3173;-49,5909;67,6703;Nie
2.3.2026;94;-0,963;-0,3157;-0,3157;94,1970;102,0580;-2173,2231;2170,4675;-2,7556;198,0874;-30,8489;-164,4829;Nie
2.3.2026;95;-4,563;-0,6357;-0,6357;60,7170;101,3457;-2594,0445;2226,1596;-367,8849;403,7072;-62,1181;26,2958;Nie
2.3.2026;96;-2,143;-0,2086;-0,2086;65,6210;104,4727;-2183,4794;2055,1870;-128,2925;131,5031;-20,3836;17,1729;Nie
3.3.2026;1;-3,127;-0,3102;-0,3102;67,4750;108,2510;-2555,8061;2303,2565;-252,5496;190,9308;-27,0125;88,6313;Nie
3.3.2026;2;-3,618;-0,5470;-0,5470;78,5680;102,6080;-2475,8284;2187,1921;-288,6363;333,1102;-47,6333;3,1594;Nie
3.3.2026;3;-2,760;-0,3282;-0,3282;75,3870;100,7820;-2330,1806;2128,7174;-201,4632;196,2043;-28,5800;33,8389;Nie
3.3.2026;4;-4,695;-0,7961;-0,7961;103,6800;103,6800;-2749,5936;2340,7834;-408,8102;476,7412;-69,3252;1,3942;Nie
3.3.2026;5;0,562;0,0240;0,0240;92,5350;92,5350;-2342,8937;2463,4668;120,5731;-14,1352;1,8855;-108,3234;Nie
3.3.2026;6;-1,469;-0,4203;-0,4203;73,2800;109,6567;-3001,5232;2919,8290;-81,6942;246,8442;-33,0196;-132,1303;Nie
3.3.2026;7;-2,476;-0,3008;-0,3008;71,0530;109,6567;-3126,6415;2936,0581;-190,5833;174,5559;-23,6314;39,6589;Nie
3.3.2026;8;3,576;0,2635;0,2635;54,9150;54,9150;-1685,2315;1920,7620;235,5304;-151,8909;20,7011;-104,3406;Nie
3.3.2026;9;-6,004;-0,8020;-0,8020;70,2610;110,3376;-2552,9914;1995,2348;-557,7566;499,0211;-60,8365;119,5720;Nie
3.3.2026;10;-6,515;-0,8233;-0,8233;70,7560;110,3376;-2669,5079;2050,4036;-619,1043;506,4847;-62,4522;175,0718;Nie
3.3.2026;11;-11,516;-1,4870;-1,4870;78,2610;110,3376;-3516,6800;2341,2535;-1175,4265;882,0890;-112,7979;406,1353;Nie
3.3.2026;12;-3,877;-0,5396;-0,5396;74,9940;110,3376;-2988,2732;2652,5159;-335,7573;317,2951;-40,9319;59,3941;Nie
3.3.2026;13;-7,697;-0,9877;-0,9877;73,4300;111,4620;-2878,5062;2111,4247;-767,0815;587,1715;-74,4726;254,3826;Nie
3.3.2026;14;-9,827;-1,1666;-1,1666;78,4530;111,4620;-3148,8015;2148,9874;-999,8141;693,7010;-87,9616;394,0748;Nie
3.3.2026;15;-5,317;-0,5411;-0,5411;53,3860;111,4620;-2793,5721;2287,9805;-505,5916;319,7419;-40,7989;226,6487;Nie
3.3.2026;16;-4,229;-0,4746;-0,4746;72,3630;111,4620;-3130,6332;2746,8695;-383,7637;281,5376;-35,7848;138,0109;Nie
3.3.2026;17;-10,189;-1,3365;-1,3365;79,0760;114,7716;-3306,1107;2228,6349;-1077,4758;816,0781;-109,5476;370,9452;Nie
3.3.2026;18;-10,551;-1,4140;-1,4140;82,6320;114,7716;-3069,3369;1949,6252;-1119,7117;865,3193;-115,8999;370,2924;Nie
3.3.2026;19;-11,442;-1,5718;-1,5718;82,1520;114,7716;-3389,0906;2169,7571;-1219,3335;976,8638;-128,8342;371,3038;Nie
3.3.2026;20;-5,379;-0,6973;-0,6973;81,9840;115,7420;-3112,9968;2587,0652;-525,9316;437,0964;-57,1549;145,9901;Nie
3.3.2026;21;-5,501;-0,6755;-0,6755;82,8050;125,6414;-3289,5431;2707,1952;-582,3479;436,0360;-62,5209;208,8328;Nie
3.3.2026;22;-4,366;-0,7511;-0,7511;107,6810;125,6414;-3341,9356;2903,4471;-438,4885;494,1738;-69,5181;13,8327;Nie
3.3.2026;23;-8,973;-1,1914;-1,1914;96,9990;127,4222;-3838,3389;2808,6401;-1029,6988;810,6463;-110,2700;329,3225;Nie
3.3.2026;24;-10,802;-2,7668;-2,7668;166,6540;166,6540;-5975,2125;4329,5043;-1645,7083;1936,3230;-256,0812;-34,5336;Nie
3.3.2026;25;-9,654;-1,1545;-1,1545;125,5630;159,5506;-5556,8283;4165,2280;-1391,6003;853,8326;-123,9148;661,6825;Nie
3.3.2026;26;-8,082;-1,3063;-1,3063;136,3550;163,7210;-4999,2207;3833,3635;-1165,8572;998,5491;-140,2078;307,5159;Nie
3.3.2026;27;-6,439;-0,8807;-0,8807;94,0850;164,9054;-5828,7463;4915,5002;-913,2461;689,6888;-94,5273;318,0846;Nie
3.3.2026;28;-5,813;-0,7868;-0,7868;89,6970;201,1680;-7319,6988;6309,6343;-1010,0645;622,3661;-84,4488;472,1472;Nie
3.3.2026;29;-4,444;-0,3907;-0,3907;125,4000;200,3757;-6147,5265;5297,7331;-849,7933;315,3874;-44,3620;578,7680;Nie
3.3.2026;30;-1,383;-0,3465;-0,3465;112,2280;202,1857;-5792,0137;5421,4074;-370,6064;281,4251;-39,3433;128,5246;Nie
3.3.2026;31;-3,805;-0,4992;-0,4992;89,8430;196,3620;-5923,4561;5081,0631;-842,3930;403,2471;-56,6817;495,8275;Nie
3.3.2026;32;4,142;0,4486;0,4486;92,1760;92,1760;-2818,5577;3146,8886;328,3309;-358,9269;50,9363;-20,3403;Nie
3.3.2026;33;2,249;0,2265;0,2265;85,7990;85,7990;-3164,7819;3288,6757;123,8938;-184,3973;26,9424;33,5611;Nie
3.3.2026;34;5,142;0,5288;0,5288;86,2210;86,2210;-2439,0196;2807,7869;368,7672;-429,8652;62,9013;-1,8033;Nie
3.3.2026;35;0,699;-0,1670;-0,1670;88,6940;88,6940;-2826,5004;2804,7704;-21,7300;137,0846;-19,8648;-95,4898;Nie
3.3.2026;36;6,350;0,1640;0,1640;35,6630;35,6630;-1228,4120;1421,4202;193,0082;-133,9446;19,5080;-78,5715;Nie
3.3.2026;37;0,846;0,0285;0,0285;50,8920;50,8920;-1641,3179;1625,1851;-16,1328;-23,0424;3,5503;35,6248;Nie
3.3.2026;38;-1,950;-0,1630;-0,1630;67,1470;109,7690;-3193,7291;2858,1652;-335,5638;129,9259;-20,3054;225,9433;Nie
3.3.2026;39;-11,956;-1,1890;-1,1890;74,5370;99,2200;-4212,1867;2905,7569;-1306,4297;973,4763;-148,1173;481,0707;Nie
3.3.2026;40;-2,895;-0,3348;-0,3348;62,6000;94,8215;-3824,8148;3441,0722;-383,7426;268,9058;-41,7070;156,5439;Nie
3.3.2026;41;-20,263;-2,8712;-2,8712;111,7800;111,7800;-5024,0639;2600,4499;-2423,6140;2193,9824;-357,9870;587,6185;Nie
3.3.2026;42;-26,103;-3,0135;-3,0135;86,8280;98,9450;-4795,6663;2077,7461;-2717,9202;2266,3704;-375,7292;827,2790;Nie
3.3.2026;43;-7,164;-0,7007;-0,7007;68,2590;90,9920;-4706,4702;3931,8553;-774,6149;551,2280;-87,3647;310,7516;Nie
3.3.2026;44;-12,015;-0,8666;-0,8666;53,3770;69,5978;-3255,5763;2332,2223;-923,3540;700,8661;-108,0494;330,5373;Nie
3.3.2026;45;-7,666;-1,0144;-1,0144;151,2110;151,2110;-7416,4459;6034,0750;-1382,3710;855,5667;-129,0692;655,8735;Nie
3.3.2026;46;-17,087;-2,2620;-2,2620;129,8910;129,8910;-6819,9270;4417,8527;-2402,0743;1917,1437;-287,8101;772,7407;Nie
3.3.2026;47;-11,153;-1,1186;-1,1186;76,4980;76,4980;-3433,8422;2471,3444;-962,4978;948,2054;-142,3273;156,6197;Nie
3.3.2026;48;-3,650;-0,2780;-0,2780;53,9300;53,9300;-2209,4042;1941,0486;-268,3557;235,5919;-35,3719;68,1357;Nie
3.3.2026;49;-1,085;-0,1669;-0,1669;59,8820;59,8820;-2209,8853;2055,3299;-154,5554;142,2975;-20,4466;32,7045;Nie
3.3.2026;50;0,358;-0,0051;-0,0051;4,8810;4,8810;-152,5605;147,5770;-4,9835;4,3360;-0,6248;1,2723;Nie
3.3.2026;51;3,253;-0,0057;-0,0057;-3,5100;-3,5100;-115,5562;109,0276;-6,5286;4,8131;-0,6983;2,4138;Nie
3.3.2026;52;8,106;-0,0527;-0,0527;-6,4860;-6,4860;-221,9639;177,3597;-44,6042;44,5638;-6,4562;6,4966;Nie
3.3.2026;53;10,873;-0,0173;-0,0173;-2,0650;-2,0650;-71,4903;51,8852;-19,6051;14,6396;-2,0874;7,0529;Nie
3.3.2026;54;3,933;0,0750;0,0750;13,7850;13,7850;-386,6830;423,5166;36,8335;-63,0474;9,0494;17,1645;Nie
3.3.2026;55;5,363;0,0274;0,0274;3,3860;3,3860;-85,7640;99,7888;14,0248;-22,5514;3,3060;5,2206;Nie
3.3.2026;56;-1,277;0,0005;0,0005;5,2160;65,3950;-1881,4795;1729,1746;-152,3050;-0,4262;0,0603;152,6708;Nie
3.3.2026;57;-12,774;-1,8535;-1,8535;131,4880;131,4880;-5072,9385;3241,0477;-1831,8908;1472,5974;-221,3098;580,6032;Nie
3.3.2026;58;-8,836;-1,0179;-1,0179;81,7960;81,7960;-2907,3570;2100,6031;-806,7539;805,1098;-121,5383;123,1824;Nie
3.3.2026;59;-20,208;-2,9702;-2,9702;118,1090;118,1090;-4884,6339;2387,5734;-2497,0605;2337,3421;-354,6449;514,3632;Nie
3.3.2026;60;-14,811;-2,1943;-2,1943;110,3150;110,3150;-4558,6571;2838,0740;-1720,5831;1716,2163;-262,0016;266,3684;Nie
3.3.2026;61;-15,509;-2,3613;-2,3613;122,1950;122,1950;-4951,2192;2955,5305;-1995,6887;1808,2878;-285,1317;472,5326;Nie
3.3.2026;62;-1,907;0,1284;0,1284;66,2690;92,6077;-4125,0248;3888,6899;-236,3349;-95,7936;15,5046;316,6239;Nie
3.3.2026;63;-13,799;-1,9235;-1,9235;131,1810;131,1810;-5486,2518;3603,1485;-1883,1033;1376,8547;-232,2665;738,5150;Nie
3.3.2026;64;-13,749;-2,5167;-2,5167;115,1360;129,1400;-4506,2112;2677,7179;-1828,4933;1805,6069;-303,8966;326,7829;Nie
3.3.2026;65;-8,807;-1,6085;-1,6085;120,0980;122,2401;-4717,3677;3594,2257;-1123,1420;1207,3756;-215,6612;131,4277;Nie
3.3.2026;66;-14,628;-2,2071;-2,2071;120,8150;138,0371;-6456,5473;4404,0737;-2052,4736;1667,3540;-295,9191;681,0388;Nie
3.3.2026;67;-16,260;-3,1963;-3,1963;165,1890;165,1890;-7210,1695;4501,7306;-2708,4388;2370,8224;-428,5471;766,1636;Nie
3.3.2026;68;-15,125;-5,6283;-5,6283;294,0500;294,0500;-13909,4472;9444,2979;-4465,1493;4291,7203;-754,6200;928,0489;Nie
3.3.2026;69;-4,224;-1,3715;-1,3715;165,6530;176,9836;-7171,9064;6648,3889;-523,5175;1037,1859;-208,7958;-304,8726;Nie
3.3.2026;70;-5,623;-0,6860;-0,6860;135,7300;191,6153;-6869,4085;6044,8879;-824,5206;529,3372;-104,4360;399,6194;Nie
3.3.2026;71;0,988;0,2173;0,2173;76,7180;76,7180;-2318,6481;2498,0148;179,3667;-169,4743;33,0815;-42,9739;Nie
3.3.2026;72;-7,054;-1,4728;-1,4728;139,1320;232,1660;-9175,4325;7842,1031;-1333,3293;1175,6324;-224,2176;381,9145;Nie
3.3.2026;73;-8,401;-1,3171;-1,3171;149,7510;260,4682;-8672,2887;6783,8943;-1888,3945;1062,3398;-220,6274;1046,6821;Nie
3.3.2026;74;-5,165;-1,1173;-1,1173;148,5820;260,4682;-8300,8611;7252,4766;-1048,3845;900,9105;-187,1589;334,6329;Nie
3.3.2026;75;-11,891;-2,4769;-2,4769;179,8060;261,1346;-9963,3295;7161,6164;-2801,7131;2009,6146;-414,9055;1207,0040;Nie
3.3.2026;76;-6,281;-1,0861;-1,0861;139,8580;260,4682;-9199,9973;7841,1347;-1358,8626;877,5514;-181,9326;663,2438;Nie
3.3.2026;77;-17,037;-4,5878;-4,5878;216,9690;229,7680;-9371,0879;5751,3228;-3619,7651;3722,4389;-754,7619;652,0881;Nie
3.3.2026;78;-8,888;-1,6788;-1,6788;136,7980;222,1562;-7767,6915;6068,4188;-1699,2728;1358,0614;-276,1878;617,3992;Nie
3.3.2026;79;-10,581;-1,9469;-1,9469;148,0270;213,6446;-6539,6612;4549,9890;-1989,6722;1580,2406;-320,2943;729,7258;Nie
3.3.2026;80;1,960;-0,0223;-0,0223;89,5010;89,5010;-2431,9212;2719,8459;287,9247;17,8982;-3,6687;-302,1542;Nie
3.3.2026;81;-9,536;-1,3764;-1,3764;137,1460;160,7571;-5750,9245;4411,3356;-1339,5889;1110,5135;-213,2842;442,3596;Nie
3.3.2026;82;0,825;-0,1462;-0,1462;59,4370;59,4370;-1842,1904;1965,0467;122,8563;116,3064;-22,6549;-216,5078;Nie
3.3.2026;83;-4,186;-0,5808;-0,5808;114,5980;160,7571;-5056,7753;4592,5088;-464,2665;451,3473;-89,9996;102,9188;Nie
3.3.2026;84;1,220;-0,0930;-0,0930;101,3660;96,7300;-2551,1570;2789,2096;238,0525;70,4629;-14,4111;-294,1043;Nie
3.3.2026;85;-16,376;-2,9034;-2,9034;132,1890;138,1270;-4552,9422;2455,3456;-2097,5966;2175,0842;-392,1100;314,6224;Nie
3.3.2026;86;-13,939;-1,0122;-1,0122;136,3160;136,3160;-141148,4022;139408,3285;-1740,0737;1771,7450;-136,6996;105,0284;Nie
3.3.2026;87;-15,415;-2,6179;-2,6179;129,7860;130,2730;-4183,8477;2328,8904;-1854,9572;1900,9922;-353,5526;307,5177;Nie
3.3.2026;88;-11,812;-2,2356;-2,2356;122,3780;122,3780;-4101,0092;2798,7849;-1302,2243;1568,0654;-301,9223;36,0811;Nie
3.3.2026;89;-15,375;-2,1290;-2,1290;93,8600;150,7966;-4526,9139;2379,4196;-2147,4944;1467,1074;-245,1671;925,5541;Nie
3.3.2026;90;-18,738;-2,5289;-2,5289;102,9480;141,9473;-5098,7470;2601,6101;-2497,1369;1719,2619;-291,2180;1069,0930;Nie
3.3.2026;91;-12,233;-1,9492;-1,9492;110,1720;136,5523;-4048,0929;2535,2300;-1512,8629;1294,6722;-224,4621;442,6528;Nie
3.3.2026;92;-6,001;-1,0681;-1,0681;95,5490;132,0975;-3633,7380;2989,6306;-644,1074;693,0647;-122,9981;74,0408;Nie
3.3.2026;93;-3,298;-0,4942;-0,4942;117,2560;129,9513;-3394,9777;3108,5650;-286,4127;313,9509;-47,9878;20,4496;Nie
3.3.2026;94;5,820;0,9696;0,9696;104,1320;104,1320;-2894,6613;3612,9639;718,3025;-613,7628;94,1501;-198,6898;Nie
3.3.2026;95;5,651;0,7495;0,7495;89,4770;89,4770;-2284,7952;2886,8859;602,0907;-474,7236;72,7779;-200,1451;Nie
3.3.2026;96;-3,728;-0,6604;-0,6604;90,9610;129,9513;-3275,9423;2924,9439;-350,9985;417,8663;-64,1262;-2,7417;Nie
4.3.2026;1;-11,263;-1,6963;-1,6963;96,9680;164,7360;-3086,1642;1392,0192;-1694,1450;1042,2387;-147,5136;799,4200;Nie
4.3.2026;2;-8,867;-1,0004;-1,0004;69,4040;163,3390;-3309,4115;2019,0334;-1290,3781;614,0541;-86,9968;763,3208;Nie
4.3.2026;3;-10,369;-1,7866;-1,7866;112,1430;155,4410;-2920,7364;1453,8397;-1466,8967;1078,5606;-155,3663;543,7024;Nie
4.3.2026;4;-11,719;-2,0506;-2,0506;102,8950;142,2190;-2963,1329;1427,0254;-1536,1074;1230,5728;-178,3243;483,8589;Nie
4.3.2026;5;-11,692;-1,7077;-1,7077;108,3790;169,5100;-4075,5289;2248,8892;-1826,6398;1007,9615;-135,1491;953,8273;Nie
4.3.2026;6;-8,904;-1,8731;-1,8731;109,2960;155,2430;-3221,2923;1977,7958;-1243,4964;1101,7337;-148,2390;290,0017;Nie
4.3.2026;7;-12,214;-2,5287;-2,5287;117,6270;155,0670;-3640,6630;1887,4755;-1753,1875;1488,3805;-200,1238;464,9308;Nie
4.3.2026;8;-5,340;-0,8953;-0,8953;95,9970;153,2630;-3018,0550;2334,0422;-684,0128;517,7671;-70,8549;237,1006;Nie
4.3.2026;9;-16,322;-3,0607;-3,0607;122,6480;154,1320;-4295,6588;1955,6268;-2340,0320;1826,9172;-234,9026;748,0174;Nie
4.3.2026;10;-13,904;-2,5206;-2,5206;101,9440;151,8770;-3660,3876;1716,9695;-1943,4181;1474,1324;-193,4510;662,7367;Nie
4.3.2026;11;-10,179;-1,8265;-1,8265;102,9730;150,2380;-3690,5965;2323,2804;-1367,3160;1058,9341;-140,1802;448,5622;Nie
4.3.2026;12;-10,323;-1,8604;-1,8604;118,3710;148,4890;-3623,7256;2246,1931;-1377,5325;1072,9688;-142,7820;447,3456;Nie
4.3.2026;13;-7,395;-1,1795;-1,1795;105,9550;149,5010;-3716,5949;2763,3765;-953,2184;688,6313;-89,0346;353,6216;Nie
4.3.2026;14;-6,252;-0,9344;-0,9344;75,7090;149,7760;-3898,9688;3111,1471;-787,8218;543,7027;-70,5332;314,6522;Nie
4.3.2026;15;-5,444;-1,0747;-1,0747;111,4270;149,5890;-3529,1037;2864,3302;-664,7735;626,4886;-81,1237;119,4086;Nie
4.3.2026;16;-6,924;-0,7992;-0,7992;65,3430;149,1820;-3908,1209;3023,0240;-885,0968;469,6815;-60,3276;475,7429;Nie
4.3.2026;17;-4,888;-0,9520;-0,9520;110,4880;149,4350;-3961,8207;3386,0477;-575,7731;571,4731;-77,4404;81,7404;Nie
4.3.2026;18;-8,224;-1,2211;-1,2211;101,2780;150,1830;-4201,0691;3124,8577;-1076,2114;743,5212;-99,3304;432,0206;Nie
4.3.2026;19;-9,234;-1,4226;-1,4226;106,7210;151,7340;-4118,0608;2878,2422;-1239,8185;876,0854;-115,7214;479,4545;Nie
4.3.2026;20;-10,174;-1,8076;-1,8076;103,3350;155,4630;-4110,5972;2691,9973;-1418,5999;1125,4520;-147,0392;440,1871;Nie
4.3.2026;21;-5,914;-0,7622;-0,7622;88,8420;154,1980;-3814,8585;3070,5448;-744,3137;486,9374;-70,2840;327,6603;Nie
4.3.2026;22;-8,100;-1,0253;-1,0253;115,6500;166,7820;-4917,7341;3749,9265;-1167,8076;670,0152;-94,5450;592,3373;Nie
4.3.2026;23;-9,288;-1,2840;-1,2840;92,8550;166,1330;-5340,3453;3987,3581;-1352,9872;863,9109;-118,4002;607,4765;Nie
4.3.2026;24;-14,306;-2,4720;-2,4720;113,6010;194,2490;-6625,2506;4064,8546;-2560,3961;1713,1397;-227,9481;1075,2044;Nie
4.3.2026;25;-13,299;-1,8236;-1,8236;112,7760;157,9050;-5914,1739;4000,3653;-1913,8086;1346,0891;-197,2570;764,9765;Nie
4.3.2026;26;-16,632;-2,7366;-2,7366;121,7010;174,7020;-7699,6412;4991,4108;-2708,2304;2102,3791;-296,0153;901,8666;Nie
4.3.2026;27;-2,735;-0,4393;-0,4393;105,1280;244,5410;-9128,7155;8673,1356;-455,5799;344,1401;-47,5186;158,9584;Nie
4.3.2026;28;-4,439;-0,7971;-0,7971;123,7300;347,3690;-13348,6959;12102,6833;-1246,0126;632,4307;-86,2215;699,8034;Nie
4.3.2026;29;-10,274;-1,3963;-1,3963;131,7220;346,0600;-13324,3482;9958,9147;-3365,4335;1118,9645;-158,4326;2404,9016;Nie
4.3.2026;30;-3,390;-0,5166;-0,5166;95,7580;355,4760;-10435,7089;9378,8788;-1056,8301;415,1686;-58,6165;700,2781;Nie
4.3.2026;31;-6,179;-0,9002;-0,9002;100,2810;249,2380;-7678,0258;6182,0994;-1495,9265;723,8366;-102,1421;874,2320;Nie
4.3.2026;32;-3,999;-0,1963;-0,1963;58,4920;198,7150;-7564,0865;6784,1301;-779,9564;157,3032;-22,2734;644,9266;Nie
4.3.2026;33;-4,145;-0,5975;-0,5975;110,8810;297,1100;-10041,7238;8749,5924;-1292,1314;478,1655;-70,9824;884,9483;Nie
4.3.2026;34;2,550;0,1581;0,1581;84,4820;84,4820;-2520,2670;2691,2586;170,9916;-126,8563;18,7821;-62,9174;Nie
4.3.2026;35;-8,191;-1,9493;-1,9493;202,1920;202,1920;-6329,2162;4547,5003;-1781,7159;1681,1887;-231,5749;332,1021;Nie
4.3.2026;36;-5,441;-0,6575;-0,6575;85,3110;118,1919;-4203,9677;3479,4513;-724,5163;565,0905;-78,1103;237,5362;Nie
4.3.2026;37;-2,704;-0,1280;-0,1280;150,2050;150,2050;-5297,8806;4767,0561;-530,8245;106,7019;-15,4962;439,6188;Nie
4.3.2026;38;-6,332;-1,5305;-1,5305;189,7870;189,7870;-5890,2293;4553,9391;-1336,2903;1267,6584;-185,2885;253,9203;Nie
4.3.2026;39;-5,725;-1,0899;-1,0899;139,1560;139,1560;-4008,1103;3113,7547;-894,3556;888,2351;-131,9477;138,0682;Nie
4.3.2026;40;3,109;-0,2240;-0,2240;57,2800;57,2800;-1828,1485;2001,9933;173,8448;179,7422;-27,1183;-326,4687;Nie
4.3.2026;41;-4,711;-0,9881;-0,9881;143,0750;143,0750;-3261,8239;2580,5007;-681,3232;795,2164;-120,6371;6,7439;Nie
4.3.2026;42;-16,164;-2,7722;-2,7722;130,4010;130,4010;-4527,3923;2437,9771;-2089,4152;2229,2653;-338,4579;198,6078;Nie
4.3.2026;43;-12,769;-1,4093;-1,4093;87,3400;87,3400;-2620,8114;1464,1678;-1156,6436;1143,9751;-172,0614;184,7300;Nie
4.3.2026;44;-9,171;-1,2375;-1,2375;91,4080;91,4080;-2909,4252;2090,5924;-818,8329;997,9757;-151,0864;-28,0565;Nie
4.3.2026;45;-18,946;-1,6213;-1,6213;71,3430;125,1690;-4668,3030;2301,6076;-2366,6955;1407,4559;-204,8010;1164,0405;Nie
4.3.2026;46;-25,332;-1,5962;-1,5962;51,2230;55,9350;-2204,1746;787,7326;-1416,4420;1381,7917;-201,6304;236,2807;Nie
4.3.2026;47;-27,292;-2,2387;-2,2387;68,4550;68,4550;-2810,5569;943,5837;-1866,9732;1937,1556;-282,7903;212,6080;Nie
4.3.2026;48;-28,471;-2,0493;-2,0493;61,6610;61,6610;-2744,0995;998,9699;-1745,1296;1766,2334;-258,8655;237,7617;Nie
4.3.2026;49;-24,930;-2,1235;-2,1235;71,5370;71,5370;-2967,7840;1180,7182;-1787,0658;1825,7345;-257,9139;219,2452;Nie
4.3.2026;50;-20,821;-1,5331;-1,5331;61,3940;61,3940;-2409,7145;1130,2635;-1279,4510;1308,7552;-186,2057;156,9015;Nie
4.3.2026;51;-27,598;-2,4133;-2,4133;72,9760;72,9760;-2990,1186;974,8134;-2015,3052;2060,9944;-293,1122;247,4230;Nie
4.3.2026;52;-19,832;-1,4733;-1,4733;61,0100;61,0100;-2229,0004;1019,7211;-1209,2792;1249,8422;-178,9426;138,3796;Nie
4.3.2026;53;-6,345;-0,4063;-0,4063;51,2300;54,3950;-1248,4196;903,6641;-344,7555;347,0352;-48,3440;46,0643;Nie
4.3.2026;54;-4,464;-0,3060;-0,3060;50,2530;50,2530;-1072,0975;838,7226;-233,3749;259,0360;-36,4097;10,7486;Nie
4.3.2026;55;-1,926;-0,0276;-0,0276;26,4160;47,4430;-861,7072;768,4343;-93,2729;23,0936;-3,2840;73,4634;Nie
4.3.2026;56;5,545;0,2394;0,2394;0,0000;0,0000;0,0000;0,0000;0,0000;-198,4533;28,4852;169,9681;Nie
4.3.2026;57;8,555;0,8645;0,8645;0,0000;0,0000;0,0000;0,0000;0,0000;-719,2158;101,9341;617,2817;Nie
4.3.2026;58;4,484;0,7099;0,7099;0,0000;0,0000;0,0000;0,0000;0,0000;-587,4372;83,7050;503,7322;Nie
4.3.2026;59;12,197;1,4287;1,4287;0,0000;0,0000;0,0000;0,0000;0,0000;-1171,1724;168,4594;1002,7130;Nie
4.3.2026;60;6,331;1,0905;1,0905;0,0000;0,0000;0,0000;0,0000;0,0000;-895,8111;128,5819;767,2292;Nie
4.3.2026;61;-2,607;-0,4539;-0,4539;81,4860;83,0623;-2009,3601;1780,9388;-228,4213;358,8090;-54,4766;-75,9111;Nie
4.3.2026;62;-1,848;-0,3536;-0,3536;87,4380;107,8000;-2266,4950;2064,5856;-201,9094;271,8804;-42,4387;-27,5323;Nie
4.3.2026;63;-0,791;0,0896;0,0896;62,4770;117,6670;-2328,2769;2273,4441;-54,8328;-64,7672;10,7537;108,8463;Nie
4.3.2026;64;3,124;-0,0078;-0,0078;0,0000;0,0000;0,0000;0,0000;0,0000;5,6742;-0,9361;-4,7381;Nie
4.3.2026;65;9,403;0,8546;0,8546;0,0000;0,0000;0,0000;0,0000;0,0000;-631,2858;112,6688;518,6170;Nie
4.3.2026;66;11,223;1,8212;1,8212;0,0000;0,0000;0,0000;0,0000;0,0000;-1351,7736;240,1034;1111,6702;Nie
4.3.2026;67;4,403;1,0071;1,0071;0,0000;0,0000;0,0000;0,0000;0,0000;-752,7233;132,7740;619,9493;Nie
4.3.2026;68;2,079;0,2657;0,2657;0,0000;0,0000;0,0000;0,0000;0,0000;-199,8511;35,0294;164,8217;Nie
4.3.2026;69;7,906;0,9609;0,9609;0,0000;0,0000;0,0000;0,0000;0,0000;-722,3574;144,8816;577,4758;Nie
4.3.2026;70;12,992;2,4392;2,4392;0,0000;0,0000;0,0000;0,0000;0,0000;-1866,3424;367,7753;1498,5671;Nie
4.3.2026;71;13,878;2,1426;2,1426;0,0000;0,0000;0,0000;0,0000;0,0000;-1668,9937;323,0548;1345,9389;Nie
4.3.2026;72;21,648;3,0022;3,0022;0,0000;0,0000;0,0000;0,0000;0,0000;-2359,5581;452,6627;1906,8954;Nie
4.3.2026;73;12,722;1,2589;1,2589;0,0000;0,0000;0,0000;0,0000;0,0000;-1003,0370;208,9925;794,0445;Nie
4.3.2026;74;11,085;0,9142;0,9142;0,0000;0,0000;0,0000;0,0000;0,0000;-733,9639;151,7682;582,1957;Nie
4.3.2026;75;4,493;0,4922;0,4922;0,0000;0,0000;0,0000;0,0000;0,0000;-399,3434;81,7111;317,6323;Nie
4.3.2026;76;-0,247;-0,0858;-0,0858;86,4410;288,0020;-4942,9783;5229,8283;286,8500;69,4337;-14,2438;-342,0399;Nie
4.3.2026;77;-0,028;-0,1257;-0,1257;119,1870;334,5430;-7990,2250;8381,6403;391,4153;101,3781;-20,9773;-471,8161;Nie
4.3.2026;78;1,374;0,2270;0,2270;0,0000;0,0000;0,0000;0,0000;0,0000;-181,9966;37,8827;144,1139;Nie
4.3.2026;79;0,375;-0,0160;-0,0160;0,0000;0,0000;0,0000;0,0000;0,0000;12,8636;-2,6701;-10,1935;Nie
4.3.2026;80;4,797;0,4519;0,4519;0,0000;0,0000;0,0000;0,0000;0,0000;-358,2663;75,4149;282,8514;Nie
4.3.2026;81;-4,258;-1,1373;-1,1373;144,3360;213,9720;-5533,3159;4896,7492;-636,5667;903,2381;-178,8154;-87,8560;Nie
4.3.2026;82;2,822;0,2494;0,2494;0,0000;0,0000;0,0000;0,0000;0,0000;-194,6127;39,2127;155,4000;Nie
4.3.2026;83;-5,994;-1,0435;-1,0435;114,1400;175,2190;-4132,3649;3302,5277;-829,8372;801,5842;-164,0674;192,3204;Nie
4.3.2026;84;-0,772;-0,5226;-0,5226;137,4960;166,3420;-4145,9080;4220,0965;74,1885;394,0527;-82,1674;-386,0739;Nie
4.3.2026;85;0,558;-0,0603;-0,0603;0,0000;0,0000;0,0000;0,0000;0,0000;44,4268;-8,3885;-36,0383;Nie
4.3.2026;86;1,191;0,1442;0,1442;0,0000;0,0000;0,0000;0,0000;0,0000;-104,3603;20,0600;84,3003;Nie
4.3.2026;87;2,285;0,1354;0,1354;0,0000;0,0000;0,0000;0,0000;0,0000;-96,3220;18,8358;77,4862;Nie
4.3.2026;88;7,149;0,5440;0,5440;0,0000;0,0000;0,0000;0,0000;0,0000;-373,2541;75,6769;297,5772;Nie
4.3.2026;89;7,311;0,9639;0,9639;0,0000;0,0000;0,0000;0,0000;0,0000;-647,9186;112,1507;535,7679;Nie
4.3.2026;90;4,176;0,5020;0,5020;0,0000;0,0000;0,0000;0,0000;0,0000;-332,0152;58,4082;273,6070;Nie
4.3.2026;91;5,125;0,6407;0,6407;0,0000;0,0000;0,0000;0,0000;0,0000;-417,0649;74,5461;342,5188;Nie
4.3.2026;92;5,083;0,4740;0,4740;0,0000;0,0000;0,0000;0,0000;0,0000;-301,8088;55,1504;246,6584;Nie
4.3.2026;93;7,609;0,6862;0,6862;0,0000;0,0000;0,0000;0,0000;0,0000;-430,9909;67,5317;363,4592;Nie
4.3.2026;94;12,336;1,7641;1,7641;0,0000;0,0000;0,0000;0,0000;0,0000;-1089,6039;173,6121;915,9918;Nie
4.3.2026;95;5,363;0,7390;0,7390;0,0000;0,0000;0,0000;0,0000;0,0000;-455,1406;72,7279;382,4127;Nie
4.3.2026;96;5,410;0,6709;0,6709;0,0000;0,0000;0,0000;0,0000;0,0000;-414,5503;66,0260;348,5243;Nie
5.3.2026;1;-5,212;-0,6976;-0,6976;92,0230;148,2800;-3275,9500;2630,3389;-645,6111;427,5819;-60,7114;278,7407;Nie
5.3.2026;2;-4,821;-0,7653;-0,7653;91,5050;127,4680;-2389,6426;1882,9573;-506,6853;459,1456;-66,6033;114,1430;Nie
5.3.2026;3;-4,053;-0,6941;-0,6941;101,9000;123,1450;-2323,1304;1927,7118;-395,4186;426,8986;-60,4068;28,9268;Nie
5.3.2026;4;-4,561;-0,7867;-0,7867;97,8480;122,6390;-2543,5329;2083,3913;-460,1415;478,8452;-68,4657;49,7620;Nie
5.3.2026;5;-8,664;-1,7377;-1,7377;139,5310;139,5310;-3162,4701;2064,2216;-1098,2485;1002,9332;-137,8900;233,2053;Nie
5.3.2026;6;-0,395;-0,2717;-0,2717;74,3960;123,7830;-2081,0398;2128,8200;47,7802;154,4074;-21,5599;-180,6277;Nie
5.3.2026;7;-2,203;-0,4416;-0,4416;96,8190;122,8810;-1873,4437;1697,3553;-176,0885;249,8729;-35,0418;-38,7426;Nie
5.3.2026;8;-2,897;-0,4916;-0,4916;79,9360;122,6060;-2231,7970;1968,5619;-263,2351;276,4036;-39,0094;25,8409;Nie
5.3.2026;9;1,445;0,0827;0,0827;95,2160;95,2160;-1719,4105;1955,4510;236,0405;-47,8720;6,3181;-194,4866;Nie
5.3.2026;10;0,689;0,0861;0,0861;87,1400;87,1400;-1473,7988;1619,4969;145,6981;-49,3505;6,5779;-102,9254;Nie
5.3.2026;11;0,107;-0,0614;-0,0614;95,7840;95,7840;-1738,9585;1842,3095;103,3509;35,2478;-4,6908;-133,9079;Nie
5.3.2026;12;-0,296;-0,0296;-0,0296;99,3070;123,0900;-2442,7211;2517,9290;75,2080;16,9953;-2,2614;-89,9419;Nie
5.3.2026;13;0,457;-0,0304;-0,0304;59,0350;59,0350;-1180,7590;1261,2237;80,4647;17,3871;-2,3039;-95,5479;Nie
5.3.2026;14;1,707;0,2299;0,2299;89,2690;89,2690;-1511,0564;1744,0485;232,9921;-131,9515;17,4230;-118,4636;Nie
5.3.2026;15;-0,208;-0,0192;-0,0192;94,0810;123,9370;-1919,6602;2003,6895;84,0293;11,1057;-1,4551;-93,6799;Nie
5.3.2026;16;1,249;0,2305;0,2305;94,7560;94,7560;-1486,7216;1689,9733;203,2516;-133,6698;17,4684;-87,0503;Nie
5.3.2026;17;2,660;0,3484;0,3484;80,0390;80,0390;-1550,8357;1835,1342;284,2985;-205,0556;28,4730;-107,7159;Nie
5.3.2026;18;2,431;0,2483;0,2483;82,8290;82,8290;-1535,9810;1811,9672;275,9862;-147,5541;20,2923;-148,7244;Nie
5.3.2026;19;4,552;0,7173;0,7173;93,3360;93,3360;-1432,8009;1941,6688;508,8679;-430,4864;58,6213;-137,0028;Nie
5.3.2026;20;8,066;1,3100;1,3100;96,0960;96,0960;-1356,9716;2219,4332;862,4616;-797,4450;107,0598;-172,0764;Nie
5.3.2026;21;-1,988;-0,3273;-0,3273;101,8250;128,8669;-2495,1209;2356,9756;-138,1453;206,1098;-30,1227;-37,8418;Nie
5.3.2026;22;1,500;0,1460;0,1460;99,3510;99,3510;-1795,4713;2042,1598;246,6885;-93,0065;13,4370;-167,1190;Nie
5.3.2026;23;-2,530;-0,4629;-0,4629;108,1050;156,2770;-2983,6405;2741,7237;-241,9168;306,4926;-42,6025;-21,9733;Nie
5.3.2026;24;3,299;0,3498;0,3498;80,9290;80,9290;-1566,0571;1908,3058;342,2487;-236,5913;32,1935;-137,8509;Nie
5.3.2026;25;6,449;1,1203;1,1203;81,5280;81,5280;-1143,8378;1756,8469;613,0090;-803,4803;119,0341;71,4372;Nie
5.3.2026;26;0,730;-0,0656;-0,0656;105,7460;105,7460;-1880,1639;2073,9963;193,8324;49,3372;-6,9701;-236,1995;Nie
5.3.2026;27;2,210;0,0758;0,0758;93,9370;93,9370;-1315,7756;1617,2194;301,4438;-58,3267;8,0539;-251,1710;Nie
5.3.2026;28;1,383;0,4346;0,4346;104,6530;104,6530;-2254,0163;2479,0203;225,0040;-337,9938;46,1771;66,8127;Nie
5.3.2026;29;7,100;1,0988;1,0988;128,8470;128,8470;-2002,5401;2982,4215;979,8814;-864,1687;123,6249;-239,3376;Nie
5.3.2026;30;7,920;1,1618;1,1618;121,0420;121,0420;-1861,5049;2852,1126;990,6077;-919,2291;130,7130;-202,0916;Nie
5.3.2026;31;14,782;2,0895;2,0895;110,4530;110,4530;-2059,7275;3691,4497;1631,7222;-1628,4509;235,0876;-238,3588;Nie
5.3.2026;32;17,781;1,9652;1,9652;94,9820;94,9820;-2350,1396;4021,4429;1671,3033;-1541,5825;221,1027;-350,8235;Nie
5.3.2026;33;2,686;-0,0098;-0,0098;22,7400;22,7400;-585,5323;636,1970;50,6647;7,6535;-1,1434;-57,1748;Nie
5.3.2026;34;-0,641;-0,1520;-0,1520;50,6270;164,9340;-4214,2286;4066,1179;-148,1107;118,4588;-17,7346;47,3865;Nie
5.3.2026;35;-2,068;-0,2980;-0,2980;93,0440;149,9080;-4762,1274;4428,7320;-333,3954;234,1931;-34,7692;133,9714;Nie
5.3.2026;36;10,295;1,0408;1,0408;85,0020;85,0020;-2584,4008;3453,8013;869,4005;-815,1690;121,4353;-175,6668;Nie
5.3.2026;37;2,127;0,2110;0,2110;82,1520;70,0242;-2108,7788;2248,1970;139,4182;-166,4640;25,9032;1,1426;Nie
5.3.2026;38;2,063;-0,0781;-0,0781;73,0230;67,4248;-2037,9146;2182,8779;144,9633;60,7189;-9,5879;-196,0944;Nie
5.3.2026;39;4,149;0,3550;0,3550;97,1810;66,9381;-2307,0216;2592,6465;285,6249;-288,5690;43,5812;-40,6371;Nie
5.3.2026;40;-2,300;-0,3295;-0,3295;110,8490;110,8490;-4612,8703;4392,0591;-220,8112;267,1070;-40,4507;-5,8451;Nie
5.3.2026;41;17,874;1,2162;1,2162;59,0010;43,1765;-957,6548;1737,9837;780,3289;-986,8105;150,5996;55,8820;Nie
5.3.2026;42;8,671;0,3796;0,3796;37,6300;37,6300;-979,1326;1320,4743;341,3417;-307,6560;47,0051;-80,6908;Nie
5.3.2026;43;6,263;0,5609;0,5609;71,0120;37,4237;-979,0040;1230,7532;251,7492;-455,3937;69,4551;134,1893;Nie
5.3.2026;44;11,359;0,3740;0,3740;27,4070;19,0200;-556,2779;780,3145;224,0366;-301,1065;46,3117;30,7582;Nie
5.3.2026;45;6,732;-0,1281;-0,1281;-20,6180;-20,6180;-788,4736;649,4464;-139,0272;107,5558;-16,2857;47,7571;Nie
5.3.2026;46;9,201;-0,8140;-0,8140;-98,2530;-98,2530;-3431,5843;2507,8096;-923,7747;681,5967;-103,4863;345,6643;Nie
5.3.2026;47;7,836;-0,3886;-0,3886;-51,2400;-51,2400;-1626,7675;1214,6442;-412,1233;325,5564;-49,4039;135,9708;Nie
5.3.2026;48;9,440;-0,3097;-0,3097;-28,2260;-28,2260;-964,6236;686,2587;-278,3648;257,6165;-39,3731;60,1214;Nie
5.3.2026;49;-6,855;0,0024;0,0024;-2,1730;15,7300;-483,3357;381,2008;-102,1349;-2,0024;0,2964;103,8409;Nie
5.3.2026;50;-9,257;-0,1434;-0,1434;13,0610;16,4010;-537,4608;394,1324;-143,3283;119,2552;-17,7110;41,7842;Nie
5.3.2026;51;-11,397;-0,1375;-0,1375;10,2440;14,9050;-492,8040;329,2216;-163,5824;114,2377;-16,9824;66,3270;Nie
5.3.2026;52;-9,608;-0,3100;-0,3100;27,4520;27,4520;-865,0400;615,3091;-249,7308;255,4853;-38,2875;32,5330;Nie
5.3.2026;53;-3,358;-0,1127;-0,1127;35,7010;35,7010;-1044,1828;932,9028;-111,2800;93,4805;-13,7989;31,5984;Nie
5.3.2026;54;-0,104;-0,0922;-0,0922;58,4390;58,4390;-1637,1686;1648,7395;11,5709;75,7553;-11,2889;-76,0373;Nie
5.3.2026;55;1,413;0,1123;0,1123;-30,3790;-30,3790;-840,6173;789,7932;-50,8241;-91,1456;13,7499;128,2198;Nie
5.3.2026;56;3,990;-0,0681;-0,0681;-18,9440;-18,9440;-561,7464;480,1546;-81,5918;54,7718;-8,3381;35,1581;Nie
5.3.2026;57;3,327;-0,1637;-0,1637;-37,2590;-37,2590;-1265,5765;1140,3117;-125,2648;131,4094;-20,0346;13,8899;Nie
5.3.2026;58;-4,163;-0,1571;-0,1571;47,8810;47,8810;-1532,9102;1340,1413;-192,7689;125,5649;-19,2268;86,4308;Nie
5.3.2026;59;-13,573;-1,6198;-1,6198;105,3790;105,3790;-3768,0369;2354,7991;-1413,2378;1290,6983;-198,2408;320,7803;Nie
5.3.2026;60;-18,828;-2,4155;-2,4155;104,4630;104,4630;-4114,3797;2160,2948;-1954,0849;1928,6984;-295,6234;321,0099;Nie
5.3.2026;61;0,277;-0,1694;-0,1694;46,7940;46,7940;-1419,1684;1423,8946;4,7262;127,1095;-21,0779;-110,7578;Nie
5.3.2026;62;-10,759;-1,0371;-1,0371;67,6480;98,1640;-3179,4338;2108,8572;-1070,5766;778,8807;-129,0432;420,7391;Nie
5.3.2026;63;-1,263;0,0565;0,0565;70,3650;110,0220;-2768,4836;2604,7709;-163,7127;-40,9180;7,0301;197,6006;Nie
5.3.2026;64;7,830;0,8753;0,8753;75,3900;75,3900;-2038,5456;2621,3857;582,8401;-637,4484;108,9110;-54,3026;Nie
5.3.2026;65;8,364;0,5954;0,5954;48,4390;48,4390;-1428,9021;1850,4182;421,5162;-429,7182;80,2236;-72,0216;Nie
5.3.2026;66;9,502;1,6981;1,6981;98,7000;98,7000;-2457,4326;3448,4793;991,0467;-1240,8787;228,8003;21,0317;Nie
5.3.2026;67;-0,962;-0,4541;-0,4541;165,2750;165,2750;-3733,0664;3701,1684;-31,8981;336,8624;-61,1850;-243,7793;Nie
5.3.2026;68;0,556;-0,0397;-0,0397;137,3780;137,3780;-3766,7674;3955,3874;188,6200;29,5057;-5,3491;-212,7766;Nie
5.3.2026;69;-9,399;-0,8060;-0,8060;147,8770;161,3974;-7003,3560;5652,7825;-1350,5734;600,6195;-122,4507;872,4047;Nie
5.3.2026;70;8,124;0,6161;0,6161;88,6260;88,6260;-2538,7804;3359,6344;820,8540;-462,0779;93,6004;-452,3765;Nie
5.3.2026;71;1,094;0,0001;0,0001;105,9640;105,9640;-2670,7167;2920,3678;249,6512;-0,0456;0,0152;-249,6208;Nie
5.3.2026;72;-0,611;-0,1972;-0,1972;153,6860;280,1260;-6884,0965;7030,8825;146,7860;154,1438;-29,9594;-270,9704;Nie
5.3.2026;73;7,202;0,5975;0,5975;95,4350;95,4350;-1801,1448;2613,2012;812,0564;-477,5515;99,2298;-433,7347;Nie
5.3.2026;74;-1,448;-0,2759;-0,2759;141,2250;230,8790;-3781,3363;3749,4750;-31,8613;222,1681;-45,8201;-144,4867;Nie
5.3.2026;75;-2,721;-0,5481;-0,5481;140,5210;242,3740;-4285,1723;3928,8825;-356,2898;440,9926;-91,0257;6,3229;Nie
5.3.2026;76;-3,129;-0,4523;-0,4523;136,5070;254,1550;-5080,8126;4622,0628;-458,7498;363,6144;-75,1157;170,2511;Nie
5.3.2026;77;1,763;0,2192;0,2192;94,4150;94,4150;-1654,7173;1946,1764;291,4591;-176,7274;36,4378;-151,1695;Nie
5.3.2026;78;-1,985;-0,3507;-0,3507;126,6410;228,5030;-3837,2509;3682,5543;-154,6965;282,9341;-58,2972;-69,9404;Nie
5.3.2026;79;-1,635;-0,3485;-0,3485;133,9630;217,4040;-4595,0509;4527,2209;-67,8300;281,6991;-57,9315;-155,9375;Nie
5.3.2026;80;3,549;0,7977;0,7977;117,7630;117,7630;-2318,5179;2892,4948;573,9769;-636,7326;132,6025;-69,8467;Nie
5.3.2026;81;3,245;0,3056;0,3056;108,7340;108,7340;-2055,8337;2555,7927;499,9589;-245,1070;47,9205;-302,7725;Nie
5.3.2026;82;5,622;0,4364;0,4364;68,8970;68,8970;-1225,1954;1703,3405;478,1452;-347,0336;68,4310;-199,5426;Nie
5.3.2026;83;3,873;0,3914;0,3914;68,5920;68,5920;-1245,0134;1598,3308;353,3174;-304,4753;61,3747;-110,2167;Nie
5.3.2026;84;8,041;0,6400;0,6400;61,5660;61,5660;-1069,8324;1641,1649;571,3325;-485,1396;100,3571;-186,5500;Nie
5.3.2026;85;-6,235;-1,1167;-1,1167;111,7330;175,2410;-4118,6892;3229,8669;-888,8224;827,8049;-153,6769;214,6944;Nie
5.3.2026;86;-5,524;-0,9007;-0,9007;127,0310;160,1380;-3724,6497;3029,1704;-695,4793;656,7243;-123,9516;162,7067;Nie
5.3.2026;87;-1,108;-0,3015;-0,3015;121,2920;141,9770;-2608,2595;2616,0682;7,8087;216,9175;-41,4915;-183,2347;Nie
5.3.2026;88;-5,356;-0,8511;-0,8511;105,6790;126,3773;-3020,7966;2481,5447;-539,2519;595,5247;-117,1258;60,8531;Nie
5.3.2026;89;-7,723;-1,0622;-1,0622;100,2440;155,5730;-4426,0519;3387,1354;-1038,9165;725,4456;-126,5409;440,0118;Nie
5.3.2026;90;-11,328;-1,9289;-1,9289;111,9180;149,1820;-4189,9257;2647,3838;-1542,5419;1296,9097;-229,7918;475,4240;Nie
5.3.2026;91;-5,445;-0,6642;-0,6642;85,4210;146,4430;-3332,1640;2675,5136;-656,6504;439,7150;-79,1268;296,0622;Nie
5.3.2026;92;-5,850;-0,4023;-0,4023;54,2010;143,1870;-3093,1256;2390,3638;-702,7618;263,6641;-47,9264;487,0241;Nie
5.3.2026;93;-12,928;-2,1629;-2,1629;110,2530;149,4790;-3599,0059;1802,5673;-1796,4386;1382,8653;-214,9944;628,5677;Nie
5.3.2026;94;-13,444;-2,3788;-2,3788;109,2940;139,7000;-3674,6688;1920,0368;-1754,6320;1510,2722;-236,4551;480,8149;Nie
5.3.2026;95;-4,053;-0,7713;-0,7713;96,9230;135,8610;-2959,7319;2531,2263;-428,5056;481,0693;-76,6680;24,1043;Nie
5.3.2026;96;7,724;1,1310;1,1310;92,4100;92,4100;-1772,3314;2564,4699;792,1385;-701,1470;112,4225;-203,4141;Nie
