timestamp,signal_percent,reason,prediction_mwh,created_at
2026-01-29 15:15:15.474107+00,59,proportional: imbalance=-0.95MWh,-0.9531448317908432,2026-01-29 15:15:15.535629+00
2026-01-29 15:18:15.663494+00,42,proportional: imbalance=0.74MWh,0.7437271601783386,2026-01-29 15:18:15.683067+00
2026-01-29 15:21:15.75861+00,100,imbalance=-5.91MWh < -5.0MW,-5.90889216251613,2026-01-29 15:21:15.772435+00
2026-01-29 15:24:15.384474+00,100,imbalance=-8.53MWh < -5.0MW,-8.530732083351502,2026-01-29 15:24:15.39016+00
2026-01-29 15:27:15.523585+00,100,imbalance=-10.54MWh < -5.0MW,-10.538701458442157,2026-01-29 15:27:15.531287+00
2026-01-29 15:30:15.844059+00,88,proportional: imbalance=-3.82MWh,-3.8235304565232684,2026-01-29 15:30:15.849797+00
2026-01-29 15:33:15.522058+00,100,imbalance=-5.82MWh < -5.0MW,-5.823996436965624,2026-01-29 15:33:15.528635+00
2026-01-29 15:36:15.601383+00,100,imbalance=-5.60MWh < -5.0MW,-5.599450138288873,2026-01-29 15:36:15.607575+00
2026-01-29 15:39:15.662726+00,98,proportional: imbalance=-4.89MWh,-4.890999084581571,2026-01-29 15:39:15.669292+00
2026-01-29 15:42:15.586196+00,96,proportional: imbalance=-4.64MWh,-4.6400290361661956,2026-01-29 15:42:15.601875+00
2026-01-29 15:45:15.865605+00,79,proportional: imbalance=-3.00MWh,-2.999371599619714,2026-01-29 15:45:15.879477+00
2026-01-29 15:48:15.416981+00,100,imbalance=-5.39MWh < -5.0MW,-5.392608460234037,2026-01-29 15:48:15.424764+00
2026-01-29 15:51:15.670569+00,100,imbalance=-7.39MWh < -5.0MW,-7.390138556178687,2026-01-29 15:51:15.677049+00
2026-01-29 15:54:15.431924+00,100,imbalance=-6.55MWh < -5.0MW,-6.552950032965938,2026-01-29 15:54:15.440169+00
2026-01-29 15:57:15.673911+00,100,imbalance=-6.78MWh < -5.0MW,-6.780722314311481,2026-01-29 15:57:15.686962+00
2026-01-29 16:00:19.232436+00,81,proportional: imbalance=-3.13MWh,-3.1330822008782215,2026-01-29 16:00:19.23852+00
2026-01-29 16:03:15.586895+00,100,imbalance=-8.23MWh < -5.0MW,-8.226626167782896,2026-01-29 16:03:15.592416+00
2026-01-29 16:06:15.460659+00,100,imbalance=-7.10MWh < -5.0MW,-7.1018956990498845,2026-01-29 16:06:15.473486+00
2026-01-29 16:09:16.155768+00,100,imbalance=-6.55MWh < -5.0MW,-6.548875099011876,2026-01-29 16:09:16.162533+00
2026-01-29 16:12:15.505441+00,100,imbalance=-10.03MWh < -5.0MW,-10.02543860502846,2026-01-29 16:12:15.5114+00
2026-01-29 16:15:15.748096+00,100,imbalance=-5.24MWh < -5.0MW,-5.241105899763441,2026-01-29 16:15:15.760413+00
2026-01-29 16:18:15.49321+00,100,imbalance=-6.37MWh < -5.0MW,-6.37352800927083,2026-01-29 16:18:15.505842+00
2026-01-29 16:21:15.74186+00,100,imbalance=-9.69MWh < -5.0MW,-9.688248162051936,2026-01-29 16:21:15.756939+00
2026-01-29 16:24:15.477804+00,100,imbalance=-10.87MWh < -5.0MW,-10.870987301824963,2026-01-29 16:24:15.484205+00
2026-01-29 16:27:15.456384+00,100,imbalance=-11.74MWh < -5.0MW,-11.738296938451741,2026-01-29 16:27:15.47931+00
2026-01-29 16:30:15.695163+00,100,imbalance=-5.58MWh < -5.0MW,-5.580581698200946,2026-01-29 16:30:15.700942+00
2026-01-29 16:33:15.449936+00,94,proportional: imbalance=-4.50MWh,-4.497743578491719,2026-01-29 16:33:15.456029+00
2026-01-29 16:36:15.665977+00,95,proportional: imbalance=-4.53MWh,-4.530368847126512,2026-01-29 16:36:15.672211+00
2026-01-29 16:39:15.667918+00,100,imbalance=-5.58MWh < -5.0MW,-5.582750571219422,2026-01-29 16:39:15.675407+00
2026-01-29 16:42:15.533583+00,100,imbalance=-6.42MWh < -5.0MW,-6.416545384089395,2026-01-29 16:42:15.54873+00
2026-01-29 16:45:15.465455+00,100,imbalance=-5.26MWh < -5.0MW,-5.256589161161192,2026-01-29 16:45:15.47902+00
2026-01-29 16:48:15.401669+00,100,imbalance=-8.08MWh < -5.0MW,-8.075996298895022,2026-01-29 16:48:15.41431+00
2026-01-29 16:51:15.649209+00,100,imbalance=-6.69MWh < -5.0MW,-6.686312653922218,2026-01-29 16:51:15.661392+00
2026-01-29 16:54:15.445909+00,99,proportional: imbalance=-4.96MWh,-4.962109428025212,2026-01-29 16:54:15.467124+00
2026-01-29 16:57:15.661585+00,80,proportional: imbalance=-3.08MWh,-3.081721287533832,2026-01-29 16:57:15.678222+00
2026-01-29 17:00:15.439853+00,71,proportional: imbalance=-2.15MWh,-2.149556634106132,2026-01-29 17:00:15.446393+00
2026-01-29 17:03:15.706586+00,85,proportional: imbalance=-3.54MWh,-3.5407891597164567,2026-01-29 17:03:15.720039+00
2026-01-29 17:06:15.520141+00,82,proportional: imbalance=-3.29MWh,-3.2935868556436687,2026-01-29 17:06:15.534007+00
2026-01-29 17:09:15.496049+00,90,proportional: imbalance=-4.01MWh,-4.007560747170475,2026-01-29 17:09:15.505448+00
2026-01-29 17:12:15.441086+00,99,proportional: imbalance=-4.93MWh,-4.92662539319086,2026-01-29 17:12:15.447192+00
2026-01-29 17:15:15.630926+00,100,imbalance=-5.28MWh < -5.0MW,-5.275414757439311,2026-01-29 17:15:15.644331+00
2026-01-29 17:18:15.694853+00,96,proportional: imbalance=-4.66MWh,-4.6604071911880895,2026-01-29 17:18:15.700363+00
2026-01-29 17:21:15.683977+00,76,proportional: imbalance=-2.62MWh,-2.6183373254780555,2026-01-29 17:21:15.699281+00
2026-01-29 17:24:15.494931+00,94,proportional: imbalance=-4.44MWh,-4.443773443701041,2026-01-29 17:24:15.500344+00
2026-01-29 17:27:15.660748+00,100,imbalance=-5.54MWh < -5.0MW,-5.540106050571532,2026-01-29 17:27:15.666198+00
2026-01-29 17:30:15.775257+00,83,proportional: imbalance=-3.34MWh,-3.3372312071597316,2026-01-29 17:30:15.781265+00
2026-01-29 17:33:15.552492+00,82,proportional: imbalance=-3.30MWh,-3.2967401743579967,2026-01-29 17:33:15.558282+00
2026-01-29 17:36:15.489091+00,70,proportional: imbalance=-2.05MWh,-2.0451368436663167,2026-01-29 17:36:15.495338+00
2026-01-29 17:39:15.755234+00,41,proportional: imbalance=0.82MWh,0.8243753493010989,2026-01-29 17:39:15.761948+00
2026-01-29 17:42:15.706773+00,28,proportional: imbalance=2.12MWh,2.1207550310248573,2026-01-29 17:42:15.712007+00
2026-01-29 17:45:15.492445+00,44,proportional: imbalance=0.53MWh,0.5294683022801933,2026-01-29 17:45:15.498413+00
2026-01-29 17:48:15.520361+00,22,proportional: imbalance=2.78MWh,2.7839573190330564,2026-01-29 17:48:15.534429+00
2026-01-29 17:51:15.646339+00,39,proportional: imbalance=1.09MWh,1.0945848561594946,2026-01-29 17:51:15.652013+00
2026-01-29 17:54:15.551536+00,29,proportional: imbalance=2.05MWh,2.0462832447057813,2026-01-29 17:54:15.558369+00
2026-01-29 17:57:15.494913+00,31,proportional: imbalance=1.90MWh,1.8970000396925082,2026-01-29 17:57:15.502282+00
2026-01-29 18:00:16.193243+00,40,proportional: imbalance=0.94MWh,0.9408174620548916,2026-01-29 18:00:16.198642+00
2026-01-29 18:03:15.716625+00,49,proportional: imbalance=0.09MWh,0.09143786476896257,2026-01-29 18:03:15.722985+00
2026-01-29 18:06:15.582671+00,100,imbalance=-6.94MWh < -5.0MW,-6.943064175169277,2026-01-29 18:06:15.588522+00
2026-01-29 18:09:15.612305+00,100,imbalance=-8.93MWh < -5.0MW,-8.934172915457125,2026-01-29 18:09:15.623534+00
2026-01-29 18:12:15.470202+00,100,imbalance=-5.30MWh < -5.0MW,-5.29538141461517,2026-01-29 18:12:15.475766+00
2026-01-29 18:15:15.763244+00,68,proportional: imbalance=-1.80MWh,-1.8027755344040093,2026-01-29 18:15:15.778631+00
2026-01-29 18:18:15.481181+00,81,proportional: imbalance=-3.18MWh,-3.1774222419168594,2026-01-29 18:18:15.495128+00
2026-01-29 18:21:15.526586+00,74,proportional: imbalance=-2.45MWh,-2.4492252139764683,2026-01-29 18:21:15.532641+00
2026-01-29 18:24:15.65318+00,21,proportional: imbalance=2.86MWh,2.861846818965796,2026-01-29 18:24:15.667899+00
2026-01-29 18:27:15.661987+00,0,imbalance=5.49MWh > 5.0MW,5.49462896841699,2026-01-29 18:27:15.677919+00
2026-01-29 18:30:15.712444+00,18,proportional: imbalance=3.11MWh,3.107110048400567,2026-01-29 18:30:15.724815+00
2026-01-29 18:33:15.499955+00,75,proportional: imbalance=-2.51MWh,-2.514146845457395,2026-01-29 18:33:15.530857+00
2026-01-29 18:36:15.694027+00,100,imbalance=-5.75MWh < -5.0MW,-5.754852683617735,2026-01-29 18:36:15.70773+00
2026-01-29 18:39:16.101782+00,94,proportional: imbalance=-4.49MWh,-4.486786888378363,2026-01-29 18:39:16.114913+00
2026-01-29 18:42:15.662915+00,92,proportional: imbalance=-4.28MWh,-4.276044770389305,2026-01-29 18:42:15.669331+00
2026-01-29 18:45:16.511545+00,67,proportional: imbalance=-1.70MWh,-1.7018029077133572,2026-01-29 18:45:16.517813+00
2026-01-29 18:48:16.12629+00,100,imbalance=-5.48MWh < -5.0MW,-5.4848017845622525,2026-01-29 18:48:16.134429+00
2026-01-29 18:51:16.142418+00,100,imbalance=-9.03MWh < -5.0MW,-9.030536185840305,2026-01-29 18:51:16.149908+00
2026-01-29 18:54:15.307094+00,100,imbalance=-11.18MWh < -5.0MW,-11.177214670767563,2026-01-29 18:54:15.314616+00
2026-01-29 18:57:15.568359+00,100,imbalance=-6.94MWh < -5.0MW,-6.937833696068668,2026-01-29 18:57:15.575229+00
2026-01-29 19:00:15.818531+00,82,proportional: imbalance=-3.22MWh,-3.220756690369718,2026-01-29 19:00:15.825128+00
2026-01-29 19:03:15.7062+00,100,imbalance=-12.44MWh < -5.0MW,-12.44174587080919,2026-01-29 19:03:15.712471+00
2026-01-29 19:06:15.658309+00,100,imbalance=-11.98MWh < -5.0MW,-11.983843321289465,2026-01-29 19:06:15.667201+00
2026-01-29 19:09:15.783456+00,100,imbalance=-12.74MWh < -5.0MW,-12.740804043868058,2026-01-29 19:09:15.796129+00
2026-01-29 19:12:15.50999+00,100,imbalance=-12.45MWh < -5.0MW,-12.452632498547905,2026-01-29 19:12:15.531665+00
2026-01-29 19:15:15.769041+00,92,proportional: imbalance=-4.23MWh,-4.227558792714307,2026-01-29 19:15:15.784147+00
2026-01-29 19:18:15.731488+00,100,imbalance=-9.12MWh < -5.0MW,-9.116135779672023,2026-01-29 19:18:15.742709+00
2026-01-29 19:21:15.996115+00,100,imbalance=-10.25MWh < -5.0MW,-10.248374629060693,2026-01-29 19:21:16.01274+00
2026-01-29 19:24:15.627557+00,100,imbalance=-6.23MWh < -5.0MW,-6.232682638400335,2026-01-29 19:24:15.633518+00
2026-01-29 19:27:15.837947+00,100,imbalance=-5.77MWh < -5.0MW,-5.766205108034319,2026-01-29 19:27:15.844139+00
2026-01-29 19:30:15.969581+00,90,proportional: imbalance=-4.03MWh,-4.025874754813105,2026-01-29 19:30:15.987965+00
2026-01-29 19:33:16.630854+00,100,imbalance=-8.07MWh < -5.0MW,-8.072930908809179,2026-01-29 19:33:16.867752+00
2026-01-29 19:36:15.389024+00,100,imbalance=-8.47MWh < -5.0MW,-8.474690785033088,2026-01-29 19:36:15.481998+00
2026-01-29 19:39:15.365324+00,100,imbalance=-8.01MWh < -5.0MW,-8.005000837740631,2026-01-29 19:39:15.484123+00
2026-01-29 19:42:15.86728+00,100,imbalance=-7.84MWh < -5.0MW,-7.842058143570048,2026-01-29 19:42:15.885258+00
2026-01-29 19:45:15.908212+00,100,imbalance=-7.97MWh < -5.0MW,-7.9740841865070635,2026-01-29 19:45:15.916726+00
2026-01-29 19:48:15.606194+00,100,imbalance=-14.71MWh < -5.0MW,-14.706753212043564,2026-01-29 19:48:15.613553+00
2026-01-29 19:51:15.640382+00,100,imbalance=-15.95MWh < -5.0MW,-15.95008067131743,2026-01-29 19:51:15.648699+00
2026-01-29 19:54:15.803811+00,100,imbalance=-15.65MWh < -5.0MW,-15.653794973262233,2026-01-29 19:54:15.811778+00
2026-01-29 19:57:15.192132+00,100,imbalance=-15.59MWh < -5.0MW,-15.59077740465668,2026-01-29 19:57:15.222929+00
2026-01-29 20:00:16.416957+00,100,imbalance=-5.60MWh < -5.0MW,-5.5957938550451365,2026-01-29 20:00:16.488244+00
2026-01-29 20:03:15.159359+00,84,proportional: imbalance=-3.45MWh,-3.4489976142725522,2026-01-29 20:03:15.178804+00
2026-01-29 20:06:16.938898+00,79,proportional: imbalance=-2.92MWh,-2.9150212210176414,2026-01-29 20:06:16.959627+00
2026-01-29 20:09:15.234601+00,63,proportional: imbalance=-1.38MWh,-1.376534421156867,2026-01-29 20:09:15.253813+00
2026-01-29 20:12:15.308171+00,58,proportional: imbalance=-0.90MWh,-0.89719763453318,2026-01-29 20:12:15.430909+00
2026-01-29 20:15:19.729414+00,91,proportional: imbalance=-4.14MWh,-4.142896265159361,2026-01-29 20:15:19.747202+00
2026-01-29 20:18:15.209183+00,100,imbalance=-7.07MWh < -5.0MW,-7.073757345271014,2026-01-29 20:18:15.235797+00
2026-01-29 20:21:15.375639+00,100,imbalance=-12.87MWh < -5.0MW,-12.87266120265375,2026-01-29 20:21:15.39643+00
2026-01-29 20:24:15.331546+00,100,imbalance=-10.75MWh < -5.0MW,-10.749883980438463,2026-01-29 20:24:15.348956+00
2026-01-29 20:27:15.229895+00,100,imbalance=-10.92MWh < -5.0MW,-10.922012082630797,2026-01-29 20:27:15.248606+00
2026-01-29 20:30:15.090289+00,97,proportional: imbalance=-4.70MWh,-4.704640622567114,2026-01-29 20:30:15.105013+00
2026-01-29 20:33:15.330432+00,100,imbalance=-6.76MWh < -5.0MW,-6.7606299606251445,2026-01-29 20:33:15.34378+00
2026-01-29 20:36:15.43624+00,100,imbalance=-12.45MWh < -5.0MW,-12.445827810608552,2026-01-29 20:36:15.461302+00
2026-01-29 20:39:15.518906+00,100,imbalance=-8.99MWh < -5.0MW,-8.992682176212309,2026-01-29 20:39:15.534935+00
2026-01-29 20:42:15.366106+00,100,imbalance=-7.21MWh < -5.0MW,-7.20777211643348,2026-01-29 20:42:15.372909+00
2026-01-29 20:45:15.605002+00,100,imbalance=-7.10MWh < -5.0MW,-7.100451626796091,2026-01-29 20:45:15.644041+00
2026-01-29 20:48:15.325355+00,100,imbalance=-12.07MWh < -5.0MW,-12.07445623494299,2026-01-29 20:48:15.344678+00
2026-01-29 20:51:15.374162+00,100,imbalance=-16.58MWh < -5.0MW,-16.582685872691545,2026-01-29 20:51:15.383287+00
2026-01-29 20:54:15.435513+00,100,imbalance=-11.50MWh < -5.0MW,-11.496739108853255,2026-01-29 20:54:15.445799+00
2026-01-29 20:57:15.283611+00,100,imbalance=-11.35MWh < -5.0MW,-11.353212472645993,2026-01-29 20:57:15.291665+00
2026-01-29 21:00:17.166746+00,81,proportional: imbalance=-3.17MWh,-3.173965851273226,2026-01-29 21:00:17.175454+00
2026-01-29 21:03:15.818048+00,64,proportional: imbalance=-1.49MWh,-1.4852628784024908,2026-01-29 21:03:15.826772+00
2026-01-29 21:06:15.671474+00,61,proportional: imbalance=-1.14MWh,-1.1414622221728548,2026-01-29 21:06:15.685243+00
2026-01-29 21:09:15.780773+00,66,proportional: imbalance=-1.70MWh,-1.6985401812132759,2026-01-29 21:09:15.786965+00
2026-01-29 21:12:15.473222+00,84,proportional: imbalance=-3.44MWh,-3.443268732303539,2026-01-29 21:12:15.487798+00
2026-01-29 21:15:15.92748+00,93,proportional: imbalance=-4.36MWh,-4.364422822509047,2026-01-29 21:15:15.937385+00
2026-01-29 21:18:15.656576+00,100,imbalance=-5.80MWh < -5.0MW,-5.802956508559161,2026-01-29 21:18:15.663711+00
2026-01-29 21:21:15.444152+00,100,imbalance=-7.78MWh < -5.0MW,-7.780968644510546,2026-01-29 21:21:15.449926+00
2026-01-29 21:24:15.745362+00,100,imbalance=-5.86MWh < -5.0MW,-5.85717116564292,2026-01-29 21:24:15.760308+00
2026-01-29 21:27:15.72833+00,100,imbalance=-9.42MWh < -5.0MW,-9.423249582562024,2026-01-29 21:27:15.73633+00
2026-01-29 21:30:15.864426+00,67,proportional: imbalance=-1.76MWh,-1.757413204367149,2026-01-29 21:30:15.870901+00
2026-01-29 21:33:15.525843+00,100,imbalance=-5.68MWh < -5.0MW,-5.679249055676405,2026-01-29 21:33:15.544563+00
2026-01-29 21:36:15.72646+00,100,imbalance=-5.89MWh < -5.0MW,-5.8902733648120105,2026-01-29 21:36:15.735432+00
2026-01-29 21:39:15.746571+00,89,proportional: imbalance=-3.96MWh,-3.9582679958667395,2026-01-29 21:39:15.751985+00
2026-01-29 21:42:15.472456+00,85,proportional: imbalance=-3.54MWh,-3.5398537859085737,2026-01-29 21:42:15.478517+00
2026-01-29 21:45:15.981396+00,75,proportional: imbalance=-2.50MWh,-2.5010224792156115,2026-01-29 21:45:15.987049+00
2026-01-29 21:48:15.410989+00,96,proportional: imbalance=-4.70MWh,-4.695661482499975,2026-01-29 21:48:15.425616+00
2026-01-29 21:51:15.609276+00,82,proportional: imbalance=-3.21MWh,-3.2083592148067734,2026-01-29 21:51:15.614665+00
2026-01-29 21:54:15.653505+00,84,proportional: imbalance=-3.40MWh,-3.4003785736085534,2026-01-29 21:54:15.659444+00
2026-01-29 21:57:15.583897+00,70,proportional: imbalance=-2.02MWh,-2.0163770314704212,2026-01-29 21:57:15.595437+00
2026-01-29 22:00:16.405861+00,73,proportional: imbalance=-2.36MWh,-2.3634564129263573,2026-01-29 22:00:16.412171+00
2026-01-29 22:03:15.655368+00,42,proportional: imbalance=0.71MWh,0.7057376286389947,2026-01-29 22:03:15.664151+00
2026-01-29 22:06:15.809019+00,0,imbalance=5.81MWh > 5.0MW,5.814902128352136,2026-01-29 22:06:15.819384+00
2026-01-29 22:09:15.642647+00,0,imbalance=9.76MWh > 5.0MW,9.758820080515545,2026-01-29 22:09:15.656741+00
2026-01-29 22:12:15.47224+00,0,imbalance=10.66MWh > 5.0MW,10.661842949989145,2026-01-29 22:12:15.48628+00
2026-01-29 22:15:15.987075+00,60,proportional: imbalance=-1.08MWh,-1.0821994819739944,2026-01-29 22:15:16.001584+00
2026-01-29 22:18:15.226936+00,43,proportional: imbalance=0.65MWh,0.6505468435169994,2026-01-29 22:18:15.240043+00
2026-01-29 22:21:15.611907+00,33,proportional: imbalance=1.65MWh,1.648793609847626,2026-01-29 22:21:15.625119+00
2026-01-29 22:24:15.446517+00,18,proportional: imbalance=3.12MWh,3.1234070011079007,2026-01-29 22:24:15.458419+00
2026-01-29 22:27:15.664679+00,0,imbalance=8.51MWh > 5.0MW,8.513521948492047,2026-01-29 22:27:15.671969+00
2026-01-29 22:30:15.813578+00,32,proportional: imbalance=1.73MWh,1.7336248371029606,2026-01-29 22:30:15.820112+00
2026-01-29 22:33:15.484195+00,49,proportional: imbalance=0.01MWh,0.0070154274630648845,2026-01-29 22:33:15.489717+00
2026-01-29 22:36:15.271388+00,72,proportional: imbalance=-2.29MWh,-2.287294204717532,2026-01-29 22:36:15.276728+00
2026-01-29 22:39:15.646336+00,24,proportional: imbalance=2.58MWh,2.5800217855870837,2026-01-29 22:39:15.651711+00
2026-01-29 22:42:15.520189+00,28,proportional: imbalance=2.14MWh,2.1369818542957457,2026-01-29 22:42:15.526124+00
2026-01-29 22:45:15.667017+00,30,proportional: imbalance=1.93MWh,1.9332515042872136,2026-01-29 22:45:15.673425+00
2026-01-29 22:48:15.674729+00,47,proportional: imbalance=0.21MWh,0.20644675521523465,2026-01-29 22:48:15.686165+00
2026-01-29 22:51:15.800371+00,37,proportional: imbalance=1.28MWh,1.2767779210141346,2026-01-29 22:51:15.81361+00
2026-01-29 22:54:15.521837+00,12,proportional: imbalance=3.78MWh,3.7786915904684726,2026-01-29 22:54:15.535235+00
2026-01-29 22:57:15.665114+00,33,proportional: imbalance=1.66MWh,1.6600409224333286,2026-01-29 22:57:15.679058+00
2026-01-29 23:00:15.494073+00,20,proportional: imbalance=2.94MWh,2.9409942203229145,2026-01-29 23:00:15.503529+00
2026-01-29 23:03:15.436966+00,60,proportional: imbalance=-1.07MWh,-1.0714007553143952,2026-01-29 23:03:15.44895+00
2026-01-29 23:06:15.504592+00,43,proportional: imbalance=0.62MWh,0.6212215131244173,2026-01-29 23:06:15.510182+00
2026-01-29 23:09:15.717751+00,44,proportional: imbalance=0.50MWh,0.5019126620898223,2026-01-29 23:09:15.732105+00
2026-01-29 23:12:15.665488+00,62,proportional: imbalance=-1.23MWh,-1.2340060273991798,2026-01-29 23:12:15.673446+00
2026-01-29 23:15:14.702419+00,36,proportional: imbalance=1.38MWh,1.384826042116269,2026-01-29 23:15:14.707821+00
2026-01-29 23:18:15.825064+00,39,proportional: imbalance=1.09MWh,1.0927332393225304,2026-01-29 23:18:15.830458+00
2026-01-29 23:21:15.832416+00,54,proportional: imbalance=-0.50MWh,-0.4992503543076633,2026-01-29 23:21:15.844337+00
2026-01-29 23:24:15.576028+00,61,proportional: imbalance=-1.17MWh,-1.1711354936051588,2026-01-29 23:24:15.581393+00
2026-01-29 23:27:15.74541+00,45,proportional: imbalance=0.47MWh,0.469472447283398,2026-01-29 23:27:15.769576+00
2026-01-29 23:30:15.609384+00,38,proportional: imbalance=1.18MWh,1.1783757189649233,2026-01-29 23:30:15.621833+00
2026-01-29 23:33:15.665391+00,73,proportional: imbalance=-2.35MWh,-2.354141798105086,2026-01-29 23:33:15.677688+00
2026-01-29 23:36:15.658638+00,49,proportional: imbalance=0.01MWh,0.005819394400248515,2026-01-29 23:36:15.670608+00
2026-01-29 23:39:15.701058+00,36,proportional: imbalance=1.36MWh,1.3625546564511344,2026-01-29 23:39:15.713848+00
2026-01-29 23:42:15.679775+00,73,proportional: imbalance=-2.31MWh,-2.305136225904756,2026-01-29 23:42:15.698069+00
2026-01-29 23:45:15.637297+00,72,proportional: imbalance=-2.30MWh,-2.296899049887841,2026-01-29 23:45:15.651435+00
2026-01-29 23:48:15.776797+00,100,imbalance=-5.10MWh < -5.0MW,-5.10033244701564,2026-01-29 23:48:15.782343+00
2026-01-29 23:51:15.504395+00,97,proportional: imbalance=-4.73MWh,-4.728611100086244,2026-01-29 23:51:15.509613+00
2026-01-29 23:54:15.53423+00,91,proportional: imbalance=-4.14MWh,-4.1403271245483255,2026-01-29 23:54:15.548331+00
2026-01-29 23:57:14.716775+00,100,imbalance=-5.39MWh < -5.0MW,-5.387869717676693,2026-01-29 23:57:14.729136+00
2026-01-30 00:00:15.579128+00,74,proportional: imbalance=-2.44MWh,-2.4360333065912387,2026-01-30 00:00:15.589006+00
2026-01-30 00:03:15.857965+00,81,proportional: imbalance=-3.17MWh,-3.1702294090836176,2026-01-30 00:03:15.863267+00
2026-01-30 00:06:16.235016+00,84,proportional: imbalance=-3.43MWh,-3.4298925983078514,2026-01-30 00:06:16.24197+00
2026-01-30 00:09:15.529384+00,100,imbalance=-6.72MWh < -5.0MW,-6.723967684252106,2026-01-30 00:09:15.535633+00
2026-01-30 00:12:15.40144+00,100,imbalance=-8.65MWh < -5.0MW,-8.652404261629313,2026-01-30 00:12:15.422632+00
2026-01-30 00:15:15.558388+00,100,imbalance=-5.16MWh < -5.0MW,-5.1624734252192095,2026-01-30 00:15:15.568279+00
2026-01-30 00:18:15.66439+00,99,proportional: imbalance=-4.93MWh,-4.927070864509371,2026-01-30 00:18:15.670651+00
2026-01-30 00:21:15.731877+00,100,imbalance=-7.41MWh < -5.0MW,-7.411242708636759,2026-01-30 00:21:15.73885+00
2026-01-30 00:24:15.387773+00,100,imbalance=-5.86MWh < -5.0MW,-5.857624035790658,2026-01-30 00:24:15.393447+00
2026-01-30 00:27:15.51351+00,100,imbalance=-7.98MWh < -5.0MW,-7.982703291294282,2026-01-30 00:27:15.519645+00
2026-01-30 00:30:15.902866+00,79,proportional: imbalance=-2.98MWh,-2.975974127524616,2026-01-30 00:30:15.908656+00
2026-01-30 00:33:15.704949+00,100,imbalance=-8.42MWh < -5.0MW,-8.422845451851819,2026-01-30 00:33:15.711309+00
2026-01-30 00:36:15.6285+00,100,imbalance=-5.83MWh < -5.0MW,-5.834184587633669,2026-01-30 00:36:15.634067+00
2026-01-30 00:39:15.808866+00,97,proportional: imbalance=-4.75MWh,-4.749992011345477,2026-01-30 00:39:15.822987+00
2026-01-30 00:42:15.463548+00,99,proportional: imbalance=-4.93MWh,-4.931836112225323,2026-01-30 00:42:15.469677+00
2026-01-30 00:45:15.596606+00,91,proportional: imbalance=-4.17MWh,-4.1651176263908765,2026-01-30 00:45:15.602461+00
2026-01-30 00:48:15.485141+00,81,proportional: imbalance=-3.15MWh,-3.147308791363556,2026-01-30 00:48:15.490652+00
2026-01-30 00:51:15.709119+00,84,proportional: imbalance=-3.46MWh,-3.463136667402698,2026-01-30 00:51:15.72415+00
2026-01-30 00:54:15.634738+00,78,proportional: imbalance=-2.86MWh,-2.863162556561524,2026-01-30 00:54:15.640157+00
2026-01-30 00:57:15.436503+00,63,proportional: imbalance=-1.33MWh,-1.3329036278985198,2026-01-30 00:57:15.442068+00
2026-01-30 01:00:16.595253+00,71,proportional: imbalance=-2.19MWh,-2.185325120047827,2026-01-30 01:00:16.610807+00
2026-01-30 01:03:15.478102+00,100,imbalance=-5.52MWh < -5.0MW,-5.523016668558405,2026-01-30 01:03:15.490299+00
2026-01-30 01:06:15.722128+00,100,imbalance=-8.22MWh < -5.0MW,-8.21790480215034,2026-01-30 01:06:15.734308+00
2026-01-30 01:09:15.712601+00,100,imbalance=-6.33MWh < -5.0MW,-6.334182310673327,2026-01-30 01:09:15.725959+00
2026-01-30 01:12:15.541868+00,98,proportional: imbalance=-4.83MWh,-4.830165204660735,2026-01-30 01:12:15.559303+00
2026-01-30 01:15:15.436769+00,87,proportional: imbalance=-3.79MWh,-3.791150119431639,2026-01-30 01:15:15.458349+00
2026-01-30 01:18:15.495817+00,89,proportional: imbalance=-3.94MWh,-3.937923351353369,2026-01-30 01:18:15.516944+00
2026-01-30 01:21:15.684653+00,79,proportional: imbalance=-2.99MWh,-2.990309458495549,2026-01-30 01:21:15.698919+00
2026-01-30 01:24:15.674552+00,82,proportional: imbalance=-3.26MWh,-3.2552510288174337,2026-01-30 01:24:15.696661+00
2026-01-30 01:27:15.603092+00,67,proportional: imbalance=-1.77MWh,-1.7708487490388063,2026-01-30 01:27:15.613627+00
2026-01-30 01:30:15.500208+00,69,proportional: imbalance=-1.90MWh,-1.9008047336542815,2026-01-30 01:30:15.50638+00
2026-01-30 01:33:15.534123+00,65,proportional: imbalance=-1.56MWh,-1.5581476526670959,2026-01-30 01:33:15.548849+00
2026-01-30 01:36:15.595341+00,49,proportional: imbalance=0.05MWh,0.05191148819434103,2026-01-30 01:36:15.618727+00
2026-01-30 01:39:14.373114+00,47,proportional: imbalance=0.30MWh,0.29775310000425703,2026-01-30 01:39:14.378348+00
2026-01-30 01:42:14.340435+00,48,proportional: imbalance=0.16MWh,0.16305091383653156,2026-01-30 01:42:14.346113+00
2026-01-30 01:45:15.534323+00,46,proportional: imbalance=0.36MWh,0.36401836070563504,2026-01-30 01:45:15.541713+00
2026-01-30 01:48:15.47798+00,32,proportional: imbalance=1.80MWh,1.7998304963343708,2026-01-30 01:48:15.483643+00
2026-01-30 01:51:14.409052+00,24,proportional: imbalance=2.57MWh,2.5669764932303094,2026-01-30 01:51:14.414483+00
2026-01-30 01:54:15.52608+00,32,proportional: imbalance=1.70MWh,1.7002164244476703,2026-01-30 01:54:15.53129+00
2026-01-30 01:57:15.571768+00,39,proportional: imbalance=1.03MWh,1.0254644971704763,2026-01-30 01:57:15.590819+00
2026-01-30 02:00:15.216954+00,69,proportional: imbalance=-1.99MWh,-1.9902604933746617,2026-01-30 02:00:15.222383+00
2026-01-30 02:03:14.917452+00,85,proportional: imbalance=-3.50MWh,-3.5049704998060354,2026-01-30 02:03:14.923249+00
2026-01-30 02:06:15.497333+00,100,imbalance=-5.30MWh < -5.0MW,-5.295332750336921,2026-01-30 02:06:15.50278+00
2026-01-30 02:09:14.338887+00,100,imbalance=-7.57MWh < -5.0MW,-7.568225570157443,2026-01-30 02:09:14.350979+00
2026-01-30 02:12:15.618234+00,84,proportional: imbalance=-3.46MWh,-3.460215859185194,2026-01-30 02:12:15.636963+00
2026-01-30 02:15:15.478312+00,73,proportional: imbalance=-2.31MWh,-2.3079567549287456,2026-01-30 02:15:15.488632+00
2026-01-30 02:18:15.424982+00,50,proportional: imbalance=-0.06MWh,-0.0564478067459621,2026-01-30 02:18:15.430521+00
2026-01-30 02:21:15.628568+00,53,proportional: imbalance=-0.32MWh,-0.3211241681968737,2026-01-30 02:21:15.643067+00
2026-01-30 02:24:15.446671+00,48,proportional: imbalance=0.18MWh,0.17709353375407233,2026-01-30 02:24:15.455616+00
2026-01-30 02:27:15.552402+00,66,proportional: imbalance=-1.61MWh,-1.6117769622575753,2026-01-30 02:27:15.560343+00
2026-01-30 02:30:15.839274+00,67,proportional: imbalance=-1.80MWh,-1.7954566255518745,2026-01-30 02:30:15.845758+00
2026-01-30 02:33:15.48796+00,86,proportional: imbalance=-3.63MWh,-3.6296056307314277,2026-01-30 02:33:15.499208+00
2026-01-30 02:36:16.65819+00,76,proportional: imbalance=-2.62MWh,-2.6203490901478355,2026-01-30 02:36:16.664436+00
2026-01-30 02:39:15.537144+00,63,proportional: imbalance=-1.34MWh,-1.3417923761332147,2026-01-30 02:39:15.550833+00
2026-01-30 02:42:15.783792+00,86,proportional: imbalance=-3.68MWh,-3.67639529023059,2026-01-30 02:42:15.789296+00
2026-01-30 02:45:15.63217+00,68,proportional: imbalance=-1.84MWh,-1.840753133771378,2026-01-30 02:45:15.645473+00
2026-01-30 02:48:15.622471+00,66,proportional: imbalance=-1.65MWh,-1.652141178529337,2026-01-30 02:48:15.628177+00
2026-01-30 02:51:15.638607+00,59,proportional: imbalance=-0.98MWh,-0.9777444883320201,2026-01-30 02:51:15.645046+00
2026-01-30 02:54:15.427222+00,74,proportional: imbalance=-2.40MWh,-2.4018451331391732,2026-01-30 02:54:15.432644+00
2026-01-30 02:57:15.427665+00,82,proportional: imbalance=-3.24MWh,-3.242262008961848,2026-01-30 02:57:15.442587+00
2026-01-30 03:00:16.740926+00,86,proportional: imbalance=-3.69MWh,-3.6932662245361425,2026-01-30 03:00:16.748285+00
2026-01-30 03:03:15.487344+00,77,proportional: imbalance=-2.75MWh,-2.754293635329865,2026-01-30 03:03:15.502545+00
2026-01-30 03:06:15.45877+00,58,proportional: imbalance=-0.88MWh,-0.8760455235747227,2026-01-30 03:06:15.46517+00
2026-01-30 03:09:15.562173+00,52,proportional: imbalance=-0.28MWh,-0.282139747749109,2026-01-30 03:09:15.57089+00
2026-01-30 03:12:15.681633+00,35,proportional: imbalance=1.48MWh,1.4838544634925386,2026-01-30 03:12:15.694808+00
2026-01-30 03:15:15.462048+00,49,proportional: imbalance=0.01MWh,0.01241176426813423,2026-01-30 03:15:15.467728+00
2026-01-30 03:18:15.442476+00,30,proportional: imbalance=1.98MWh,1.9840343819596997,2026-01-30 03:18:15.448244+00
2026-01-30 03:21:15.742283+00,16,proportional: imbalance=3.30MWh,3.3007785664454037,2026-01-30 03:21:15.764031+00
2026-01-30 03:24:16.79819+00,30,proportional: imbalance=1.98MWh,1.978849826546368,2026-01-30 03:24:16.809792+00
2026-01-30 03:27:15.514753+00,38,proportional: imbalance=1.19MWh,1.186449445134324,2026-01-30 03:27:15.530792+00
2026-01-30 03:30:15.813847+00,69,proportional: imbalance=-1.99MWh,-1.989666233000063,2026-01-30 03:30:15.826531+00
2026-01-30 03:33:15.609317+00,100,imbalance=-7.33MWh < -5.0MW,-7.327847066242137,2026-01-30 03:33:15.622773+00
2026-01-30 03:36:15.452053+00,100,imbalance=-13.53MWh < -5.0MW,-13.530300856060753,2026-01-30 03:36:15.467613+00
2026-01-30 03:39:15.645796+00,100,imbalance=-17.05MWh < -5.0MW,-17.05329745617037,2026-01-30 03:39:15.662518+00
2026-01-30 03:42:15.457049+00,100,imbalance=-20.05MWh < -5.0MW,-20.0498410298395,2026-01-30 03:42:15.46965+00
2026-01-30 03:45:15.612611+00,100,imbalance=-16.72MWh < -5.0MW,-16.718973480948204,2026-01-30 03:45:15.618474+00
2026-01-30 03:48:15.608384+00,100,imbalance=-16.00MWh < -5.0MW,-16.00079215128685,2026-01-30 03:48:15.614084+00
2026-01-30 03:51:15.605122+00,100,imbalance=-24.14MWh < -5.0MW,-24.1444854163174,2026-01-30 03:51:15.610926+00
2026-01-30 03:54:15.408887+00,100,imbalance=-27.57MWh < -5.0MW,-27.568548206437626,2026-01-30 03:54:15.414356+00
2026-01-30 03:57:15.504711+00,100,imbalance=-27.75MWh < -5.0MW,-27.754572903757218,2026-01-30 03:57:15.517366+00
2026-01-30 04:00:16.022763+00,100,imbalance=-25.66MWh < -5.0MW,-25.66474697443041,2026-01-30 04:00:16.034471+00
2026-01-30 04:03:15.494084+00,100,imbalance=-19.74MWh < -5.0MW,-19.738218787360598,2026-01-30 04:03:15.499326+00
2026-01-30 04:06:15.667323+00,100,imbalance=-13.10MWh < -5.0MW,-13.100123098024548,2026-01-30 04:06:15.673201+00
2026-01-30 04:09:15.683333+00,71,proportional: imbalance=-2.20MWh,-2.1984449467773213,2026-01-30 04:09:15.700569+00
2026-01-30 04:12:15.364891+00,100,imbalance=-5.64MWh < -5.0MW,-5.642836046275006,2026-01-30 04:12:15.376771+00
2026-01-30 04:15:15.539109+00,66,proportional: imbalance=-1.67MWh,-1.6709150634095056,2026-01-30 04:15:15.54474+00
2026-01-30 04:18:15.617366+00,34,proportional: imbalance=1.59MWh,1.5933062020164666,2026-01-30 04:18:15.632805+00
2026-01-30 04:21:15.6465+00,27,proportional: imbalance=2.20MWh,2.202465321424826,2026-01-30 04:21:15.662877+00
2026-01-30 04:24:15.632195+00,35,proportional: imbalance=1.48MWh,1.4791962784778825,2026-01-30 04:24:15.637161+00
2026-01-30 04:27:15.550099+00,31,proportional: imbalance=1.87MWh,1.8709202086543781,2026-01-30 04:27:15.556745+00
2026-01-30 04:30:15.46565+00,49,proportional: imbalance=0.07MWh,0.07463184655317207,2026-01-30 04:30:15.472818+00
2026-01-30 04:33:15.468675+00,22,proportional: imbalance=2.76MWh,2.757234062811857,2026-01-30 04:33:15.474587+00
2026-01-30 04:36:15.691362+00,30,proportional: imbalance=1.91MWh,1.9079620648474966,2026-01-30 04:36:15.696834+00
2026-01-30 04:39:15.749742+00,38,proportional: imbalance=1.11MWh,1.1075297098639005,2026-01-30 04:39:15.762016+00
2026-01-30 04:42:15.398503+00,53,proportional: imbalance=-0.39MWh,-0.3907747539921607,2026-01-30 04:42:15.404517+00
2026-01-30 04:45:15.475251+00,98,proportional: imbalance=-4.81MWh,-4.813083977407363,2026-01-30 04:45:15.488816+00
2026-01-30 04:48:15.691191+00,0,imbalance=5.99MWh > 5.0MW,5.986430669249524,2026-01-30 04:48:15.701176+00
2026-01-30 04:51:15.678593+00,0,imbalance=7.18MWh > 5.0MW,7.183093761982292,2026-01-30 04:51:15.685412+00
2026-01-30 04:54:15.542045+00,0,imbalance=7.20MWh > 5.0MW,7.198355500032083,2026-01-30 04:54:15.55557+00
2026-01-30 04:57:15.529735+00,0,imbalance=7.51MWh > 5.0MW,7.508692734758356,2026-01-30 04:57:15.538336+00
2026-01-30 05:00:15.95675+00,27,proportional: imbalance=2.21MWh,2.2104043146613983,2026-01-30 05:00:15.962163+00
2026-01-30 05:03:15.503733+00,0,imbalance=10.20MWh > 5.0MW,10.201318466413285,2026-01-30 05:03:15.51354+00
2026-01-30 05:06:15.595833+00,0,imbalance=5.85MWh > 5.0MW,5.849149879527449,2026-01-30 05:06:15.61014+00
2026-01-30 05:09:15.67543+00,37,proportional: imbalance=1.20MWh,1.201826723106492,2026-01-30 05:09:15.688845+00
2026-01-30 05:12:15.371096+00,28,proportional: imbalance=2.10MWh,2.100694277291132,2026-01-30 05:12:15.377244+00
2026-01-30 05:15:15.658104+00,18,proportional: imbalance=3.18MWh,3.178109253096747,2026-01-30 05:15:15.67262+00
2026-01-30 05:18:15.610198+00,0,imbalance=5.51MWh > 5.0MW,5.512468544543267,2026-01-30 05:18:15.616075+00
2026-01-30 05:21:15.714778+00,0,imbalance=7.48MWh > 5.0MW,7.477605778668787,2026-01-30 05:21:15.720105+00
2026-01-30 05:24:15.449357+00,16,proportional: imbalance=3.30MWh,3.3037022420564046,2026-01-30 05:24:15.470988+00
2026-01-30 05:27:15.58383+00,47,proportional: imbalance=0.24MWh,0.2402560079667171,2026-01-30 05:27:15.600646+00
2026-01-30 05:30:15.458128+00,25,proportional: imbalance=2.46MWh,2.456165036850877,2026-01-30 05:30:15.480311+00
2026-01-30 05:33:15.589924+00,0,imbalance=6.62MWh > 5.0MW,6.624792770966355,2026-01-30 05:33:15.606888+00
2026-01-30 05:36:15.622125+00,22,proportional: imbalance=2.72MWh,2.7232624452906515,2026-01-30 05:36:15.637907+00
2026-01-30 05:39:15.587197+00,47,proportional: imbalance=0.24MWh,0.23604129554646128,2026-01-30 05:39:15.600204+00
2026-01-30 05:42:15.481587+00,86,proportional: imbalance=-3.64MWh,-3.637242804608437,2026-01-30 05:42:15.487134+00
2026-01-30 05:45:15.488188+00,50,proportional: imbalance=-0.01MWh,-0.005777851907382206,2026-01-30 05:45:15.493482+00
2026-01-30 05:48:15.579428+00,45,proportional: imbalance=0.45MWh,0.45297246341729447,2026-01-30 05:48:15.590839+00
2026-01-30 05:51:15.56891+00,62,proportional: imbalance=-1.26MWh,-1.2616626030527276,2026-01-30 05:51:15.582966+00
2026-01-30 05:54:15.570466+00,56,proportional: imbalance=-0.69MWh,-0.6925912643820487,2026-01-30 05:54:15.576008+00
2026-01-30 05:57:15.644035+00,54,proportional: imbalance=-0.46MWh,-0.46188370991718714,2026-01-30 05:57:15.662062+00
2026-01-30 06:00:16.897621+00,72,proportional: imbalance=-2.28MWh,-2.282565257041312,2026-01-30 06:00:16.909911+00
2026-01-30 06:03:15.668085+00,65,proportional: imbalance=-1.55MWh,-1.546889072672337,2026-01-30 06:03:15.680969+00
2026-01-30 06:06:15.695432+00,37,proportional: imbalance=1.28MWh,1.2839156498450073,2026-01-30 06:06:15.707742+00
2026-01-30 06:09:15.640247+00,59,proportional: imbalance=-0.91MWh,-0.9080735144401137,2026-01-30 06:09:15.652052+00
2026-01-30 06:12:15.38697+00,45,proportional: imbalance=0.46MWh,0.4582879575939252,2026-01-30 06:12:15.399373+00
2026-01-30 06:15:15.714167+00,70,proportional: imbalance=-2.03MWh,-2.027593423019211,2026-01-30 06:15:15.719622+00
2026-01-30 06:18:15.466227+00,76,proportional: imbalance=-2.69MWh,-2.6867947356416195,2026-01-30 06:18:15.471509+00
2026-01-30 06:21:15.574434+00,59,proportional: imbalance=-0.93MWh,-0.9299218597949622,2026-01-30 06:21:15.589206+00
2026-01-30 06:24:15.704787+00,47,proportional: imbalance=0.27MWh,0.2701928698472036,2026-01-30 06:24:15.719103+00
2026-01-30 06:27:15.655315+00,59,proportional: imbalance=-0.91MWh,-0.9121205972178367,2026-01-30 06:27:15.666344+00
2026-01-30 06:30:15.660403+00,74,proportional: imbalance=-2.46MWh,-2.461614162334322,2026-01-30 06:30:15.665767+00
2026-01-30 06:33:15.543917+00,71,proportional: imbalance=-2.14MWh,-2.1350206085796204,2026-01-30 06:33:15.549507+00
2026-01-30 06:36:15.498242+00,0,imbalance=5.12MWh > 5.0MW,5.1175866527075256,2026-01-30 06:36:15.503862+00
2026-01-30 06:39:15.727829+00,0,imbalance=9.72MWh > 5.0MW,9.720821945850458,2026-01-30 06:39:15.732886+00
2026-01-30 06:42:15.858105+00,0,imbalance=8.18MWh > 5.0MW,8.178765657761144,2026-01-30 06:42:15.864722+00
2026-01-30 06:45:15.672481+00,31,proportional: imbalance=1.82MWh,1.8225702429086736,2026-01-30 06:45:15.684978+00
2026-01-30 06:48:15.407708+00,44,proportional: imbalance=0.60MWh,0.5984955535049793,2026-01-30 06:48:15.41605+00
2026-01-30 06:51:15.545056+00,33,proportional: imbalance=1.62MWh,1.6186215635505268,2026-01-30 06:51:15.551009+00
2026-01-30 06:54:15.484901+00,12,proportional: imbalance=3.75MWh,3.7473601440785163,2026-01-30 06:54:15.498426+00
2026-01-30 06:57:15.652992+00,6,proportional: imbalance=4.36MWh,4.356674019278073,2026-01-30 06:57:15.658565+00
2026-01-30 07:00:16.73102+00,53,proportional: imbalance=-0.39MWh,-0.39305366453308044,2026-01-30 07:00:16.737515+00
2026-01-30 07:03:15.883633+00,34,proportional: imbalance=1.60MWh,1.5991990420521092,2026-01-30 07:03:15.890584+00
2026-01-30 07:06:15.470818+00,0,imbalance=13.89MWh > 5.0MW,13.8914505373949,2026-01-30 07:06:15.478678+00
2026-01-30 07:09:15.451734+00,0,imbalance=17.27MWh > 5.0MW,17.267120993714162,2026-01-30 07:09:15.467123+00
2026-01-30 07:12:15.613251+00,0,imbalance=15.97MWh > 5.0MW,15.967153012978349,2026-01-30 07:12:15.62888+00
2026-01-30 07:15:15.529644+00,11,proportional: imbalance=3.85MWh,3.853080379270877,2026-01-30 07:15:15.541911+00
2026-01-30 07:18:15.726189+00,24,proportional: imbalance=2.60MWh,2.5961665889653265,2026-01-30 07:18:15.732165+00
2026-01-30 07:21:15.899114+00,23,proportional: imbalance=2.69MWh,2.6931731549898363,2026-01-30 07:21:15.917375+00
2026-01-30 07:24:15.487563+00,21,proportional: imbalance=2.89MWh,2.8898355671149707,2026-01-30 07:24:15.502382+00
2026-01-30 07:27:15.456649+00,0,imbalance=6.28MWh > 5.0MW,6.27871022202931,2026-01-30 07:27:15.463017+00
2026-01-30 07:30:16.406867+00,0,imbalance=7.61MWh > 5.0MW,7.607985412918784,2026-01-30 07:30:16.41377+00
2026-01-30 07:33:15.517345+00,0,imbalance=10.56MWh > 5.0MW,10.555355737417932,2026-01-30 07:33:15.523282+00
2026-01-30 07:36:15.456561+00,0,imbalance=8.53MWh > 5.0MW,8.527359608803668,2026-01-30 07:36:15.463526+00
2026-01-30 07:39:15.620866+00,0,imbalance=10.87MWh > 5.0MW,10.865215969791173,2026-01-30 07:39:15.632186+00
2026-01-30 07:42:15.789063+00,0,imbalance=10.53MWh > 5.0MW,10.533520139011417,2026-01-30 07:42:15.797241+00
2026-01-30 07:45:15.610283+00,0,imbalance=13.76MWh > 5.0MW,13.764034058462057,2026-01-30 07:45:15.620893+00
2026-01-30 07:48:15.624052+00,0,imbalance=6.06MWh > 5.0MW,6.058753289469358,2026-01-30 07:48:15.629625+00
2026-01-30 07:51:15.669278+00,26,proportional: imbalance=2.40MWh,2.3967993468689097,2026-01-30 07:51:15.690751+00
2026-01-30 07:54:15.465459+00,20,proportional: imbalance=2.95MWh,2.9471290865121835,2026-01-30 07:54:15.479352+00
2026-01-30 07:57:15.599974+00,1,proportional: imbalance=4.84MWh,4.837724430350452,2026-01-30 07:57:15.619499+00
2026-01-30 08:00:14.825154+00,0,imbalance=8.06MWh > 5.0MW,8.058679924605283,2026-01-30 08:00:14.845525+00
2026-01-30 08:03:15.494889+00,0,imbalance=12.75MWh > 5.0MW,12.752989908572774,2026-01-30 08:03:15.512041+00
2026-01-30 08:06:15.533136+00,0,imbalance=13.24MWh > 5.0MW,13.242227149250636,2026-01-30 08:06:15.551159+00
2026-01-30 08:09:15.64856+00,0,imbalance=14.30MWh > 5.0MW,14.303689394121891,2026-01-30 08:09:15.660255+00
2026-01-30 08:12:15.903506+00,0,imbalance=10.37MWh > 5.0MW,10.366114222880192,2026-01-30 08:12:15.920897+00
2026-01-30 08:15:15.618373+00,0,imbalance=5.27MWh > 5.0MW,5.270425919649292,2026-01-30 08:15:15.636272+00
2026-01-30 08:18:14.805021+00,16,proportional: imbalance=3.34MWh,3.3413650488762934,2026-01-30 08:18:14.818179+00
2026-01-30 08:21:15.509081+00,14,proportional: imbalance=3.54MWh,3.5373065425498185,2026-01-30 08:21:15.515857+00
2026-01-30 08:24:15.664087+00,31,proportional: imbalance=1.88MWh,1.8777219188633791,2026-01-30 08:24:15.6697+00
2026-01-30 08:27:14.938997+00,1,proportional: imbalance=4.86MWh,4.859393959104721,2026-01-30 08:27:14.947739+00
2026-01-30 08:30:15.543227+00,0,imbalance=12.67MWh > 5.0MW,12.672618988577595,2026-01-30 08:30:15.550718+00
2026-01-30 08:33:15.844538+00,0,imbalance=11.06MWh > 5.0MW,11.063261503853765,2026-01-30 08:33:15.849969+00
2026-01-30 08:36:15.765496+00,0,imbalance=7.18MWh > 5.0MW,7.182631414619463,2026-01-30 08:36:15.772019+00
2026-01-30 08:39:15.651049+00,0,imbalance=10.29MWh > 5.0MW,10.288778720497762,2026-01-30 08:39:15.664992+00
2026-01-30 08:42:15.773677+00,0,imbalance=11.75MWh > 5.0MW,11.74657708241513,2026-01-30 08:42:15.782471+00
2026-01-30 08:45:15.652999+00,0,imbalance=9.32MWh > 5.0MW,9.32089720753183,2026-01-30 08:45:15.659744+00
2026-01-30 08:48:16.529741+00,0,imbalance=5.55MWh > 5.0MW,5.549323099304212,2026-01-30 08:48:16.535198+00
2026-01-30 08:51:16.02631+00,0,imbalance=6.38MWh > 5.0MW,6.377514628451696,2026-01-30 08:51:16.03394+00
2026-01-30 08:54:15.731714+00,0,imbalance=9.32MWh > 5.0MW,9.324146198943788,2026-01-30 08:54:15.737117+00
2026-01-30 08:57:15.688279+00,0,imbalance=9.74MWh > 5.0MW,9.741141193292071,2026-01-30 08:57:15.695217+00
2026-01-30 09:00:15.334992+00,0,imbalance=12.13MWh > 5.0MW,12.131134408442938,2026-01-30 09:00:15.341834+00
2026-01-30 09:03:15.634405+00,0,imbalance=9.63MWh > 5.0MW,9.632722091702968,2026-01-30 09:03:15.648832+00
2026-01-30 09:06:14.738541+00,0,imbalance=5.39MWh > 5.0MW,5.390104514805743,2026-01-30 09:06:14.746664+00
2026-01-30 09:09:15.752633+00,17,proportional: imbalance=3.26MWh,3.264160433974735,2026-01-30 09:09:15.758165+00
2026-01-30 09:12:15.70472+00,10,proportional: imbalance=3.97MWh,3.9738677604087544,2026-01-30 09:12:15.711245+00
2026-01-30 09:15:15.745567+00,0,imbalance=6.09MWh > 5.0MW,6.093052964920968,2026-01-30 09:15:15.752707+00
2026-01-30 09:18:15.769853+00,45,proportional: imbalance=0.43MWh,0.43480858343825163,2026-01-30 09:18:15.781036+00
2026-01-30 09:21:15.5751+00,29,proportional: imbalance=2.02MWh,2.0219834344676237,2026-01-30 09:21:15.581503+00
2026-01-30 09:24:15.529321+00,24,proportional: imbalance=2.54MWh,2.5362394942654585,2026-01-30 09:24:15.534896+00
2026-01-30 09:27:16.011967+00,22,proportional: imbalance=2.74MWh,2.73897682328359,2026-01-30 09:27:16.018436+00
2026-01-30 09:30:16.032273+00,0,imbalance=10.39MWh > 5.0MW,10.39256029042965,2026-01-30 09:30:16.038698+00
2026-01-30 09:33:15.830211+00,8,proportional: imbalance=4.19MWh,4.193375866097373,2026-01-30 09:33:15.845841+00
2026-01-30 09:36:15.79436+00,31,proportional: imbalance=1.86MWh,1.859623304237187,2026-01-30 09:36:15.810027+00
2026-01-30 09:39:15.608406+00,26,proportional: imbalance=2.38MWh,2.38446776231687,2026-01-30 09:39:15.617445+00
2026-01-30 09:42:15.706932+00,40,proportional: imbalance=0.95MWh,0.9519220579362818,2026-01-30 09:42:15.715167+00
2026-01-30 09:45:15.689397+00,28,proportional: imbalance=2.11MWh,2.1132956935511666,2026-01-30 09:45:15.702353+00
2026-01-30 09:48:15.829022+00,11,proportional: imbalance=3.89MWh,3.8920729533410445,2026-01-30 09:48:15.835432+00
2026-01-30 09:51:15.737914+00,0,imbalance=7.00MWh > 5.0MW,7.00444054191668,2026-01-30 09:51:15.746205+00
2026-01-30 09:54:15.687727+00,0,imbalance=8.39MWh > 5.0MW,8.392540046533743,2026-01-30 09:54:15.694057+00
2026-01-30 09:57:15.64109+00,0,imbalance=11.41MWh > 5.0MW,11.407204415873743,2026-01-30 09:57:15.648108+00
2026-01-30 10:00:15.260174+00,0,imbalance=9.13MWh > 5.0MW,9.13479494748817,2026-01-30 10:00:15.266036+00
2026-01-30 10:03:14.538907+00,0,imbalance=6.39MWh > 5.0MW,6.391271326705911,2026-01-30 10:03:14.544231+00
2026-01-30 10:06:15.489199+00,0,imbalance=7.32MWh > 5.0MW,7.320718788073128,2026-01-30 10:06:15.49591+00
2026-01-30 10:09:15.54798+00,0,imbalance=11.91MWh > 5.0MW,11.914414718663119,2026-01-30 10:09:15.554157+00
2026-01-30 10:12:15.686506+00,0,imbalance=10.69MWh > 5.0MW,10.688958078935668,2026-01-30 10:12:15.695489+00
2026-01-30 10:15:14.486891+00,0,imbalance=6.14MWh > 5.0MW,6.1362156708147255,2026-01-30 10:15:14.542664+00
2026-01-30 10:18:15.703411+00,18,proportional: imbalance=3.15MWh,3.1489127072120584,2026-01-30 10:18:15.710269+00
2026-01-30 10:21:15.505224+00,11,proportional: imbalance=3.86MWh,3.86410842649313,2026-01-30 10:21:15.512633+00
2026-01-30 10:24:15.649145+00,2,proportional: imbalance=4.75MWh,4.752883833528665,2026-01-30 10:24:15.654987+00
2026-01-30 10:27:15.651013+00,0,imbalance=5.27MWh > 5.0MW,5.274770650520798,2026-01-30 10:27:15.661234+00
2026-01-30 10:30:15.697155+00,0,imbalance=8.11MWh > 5.0MW,8.112164732619538,2026-01-30 10:30:15.703823+00
2026-01-30 10:33:15.626319+00,0,imbalance=9.54MWh > 5.0MW,9.541024361089756,2026-01-30 10:33:15.641638+00
2026-01-30 10:36:15.440281+00,0,imbalance=7.74MWh > 5.0MW,7.739571736022039,2026-01-30 10:36:15.453794+00
2026-01-30 10:39:14.421912+00,0,imbalance=6.74MWh > 5.0MW,6.73693196201157,2026-01-30 10:39:14.433246+00
2026-01-30 10:42:15.53694+00,0,proportional: imbalance=4.93MWh,4.929337409680219,2026-01-30 10:42:15.564565+00
2026-01-30 10:45:14.429768+00,15,proportional: imbalance=3.47MWh,3.4691994129396755,2026-01-30 10:45:14.436749+00
2026-01-30 10:48:15.477751+00,46,proportional: imbalance=0.32MWh,0.32256365381731406,2026-01-30 10:48:15.483719+00
2026-01-30 10:51:15.439291+00,33,proportional: imbalance=1.62MWh,1.6186810305519086,2026-01-30 10:51:15.456869+00
2026-01-30 10:54:15.672537+00,28,proportional: imbalance=2.17MWh,2.166489609882176,2026-01-30 10:54:15.685955+00
2026-01-30 10:57:15.552673+00,64,proportional: imbalance=-1.43MWh,-1.4314608524809238,2026-01-30 10:57:15.560799+00
2026-01-30 11:00:14.574112+00,48,proportional: imbalance=0.13MWh,0.13138926654507416,2026-01-30 11:00:14.592697+00
2026-01-30 11:03:14.344076+00,56,proportional: imbalance=-0.68MWh,-0.6847106969635313,2026-01-30 11:03:14.349501+00
2026-01-30 11:06:15.639838+00,23,proportional: imbalance=2.65MWh,2.653441467629112,2026-01-30 11:06:15.646321+00
2026-01-30 11:09:15.499042+00,13,proportional: imbalance=3.62MWh,3.6189071385031397,2026-01-30 11:09:15.510752+00
2026-01-30 11:12:15.597072+00,24,proportional: imbalance=2.56MWh,2.5589623137931135,2026-01-30 11:12:15.617854+00
2026-01-30 11:15:15.454549+00,74,proportional: imbalance=-2.43MWh,-2.427339704070432,2026-01-30 11:15:15.471354+00
2026-01-30 11:18:15.519724+00,36,proportional: imbalance=1.39MWh,1.3894053186757531,2026-01-30 11:18:15.535216+00
2026-01-30 11:21:14.345835+00,47,proportional: imbalance=0.24MWh,0.24473618962926302,2026-01-30 11:21:14.37134+00
2026-01-30 11:24:16.575376+00,51,proportional: imbalance=-0.11MWh,-0.10683718828813973,2026-01-30 11:24:16.586721+00
2026-01-30 11:27:15.447103+00,55,proportional: imbalance=-0.55MWh,-0.5523351175996404,2026-01-30 11:27:15.461383+00
2026-01-30 11:30:15.721112+00,57,proportional: imbalance=-0.75MWh,-0.7517173367532016,2026-01-30 11:30:15.731251+00
2026-01-30 11:33:16.9441+00,44,proportional: imbalance=0.57MWh,0.5707066486061435,2026-01-30 11:33:16.949421+00
2026-01-30 11:36:15.389752+00,45,proportional: imbalance=0.49MWh,0.4906839170729331,2026-01-30 11:36:15.399883+00
2026-01-30 11:39:15.476084+00,33,proportional: imbalance=1.66MWh,1.6559856691570896,2026-01-30 11:39:15.481654+00
2026-01-30 11:42:15.641055+00,23,proportional: imbalance=2.69MWh,2.6933958928204245,2026-01-30 11:42:15.648638+00
2026-01-30 11:45:15.501869+00,50,proportional: imbalance=-0.01MWh,-0.01389364459550514,2026-01-30 11:45:15.517876+00
2026-01-30 11:48:15.668491+00,22,proportional: imbalance=2.77MWh,2.7654311549141606,2026-01-30 11:48:15.682533+00
2026-01-30 11:51:15.653199+00,0,proportional: imbalance=4.94MWh,4.936322490945284,2026-01-30 11:51:15.666963+00
2026-01-30 11:54:15.843074+00,0,imbalance=5.02MWh > 5.0MW,5.016396787105454,2026-01-30 11:54:15.855545+00
2026-01-30 11:57:15.620514+00,0,imbalance=5.73MWh > 5.0MW,5.73427289803945,2026-01-30 11:57:15.634158+00
2026-01-30 12:00:15.722967+00,3,proportional: imbalance=4.69MWh,4.69339605580033,2026-01-30 12:00:15.73847+00
2026-01-30 12:03:15.699509+00,0,imbalance=5.13MWh > 5.0MW,5.128901625059702,2026-01-30 12:03:15.717727+00
2026-01-30 12:06:15.419203+00,0,imbalance=7.39MWh > 5.0MW,7.388706198021342,2026-01-30 12:06:15.442667+00
2026-01-30 12:09:15.619858+00,0,imbalance=5.94MWh > 5.0MW,5.93609516259474,2026-01-30 12:09:15.637563+00
2026-01-30 12:12:16.065185+00,0,imbalance=6.01MWh > 5.0MW,6.014804078731404,2026-01-30 12:12:16.078552+00
2026-01-30 12:15:16.165274+00,46,proportional: imbalance=0.40MWh,0.3962471981236681,2026-01-30 12:15:16.182481+00
2026-01-30 12:18:15.498825+00,59,proportional: imbalance=-0.90MWh,-0.9040976398340241,2026-01-30 12:18:15.516152+00
2026-01-30 12:21:15.516031+00,68,proportional: imbalance=-1.90MWh,-1.8963698480531477,2026-01-30 12:21:15.539046+00
2026-01-30 12:24:15.58186+00,64,proportional: imbalance=-1.43MWh,-1.432155249337867,2026-01-30 12:24:15.595725+00
2026-01-30 12:27:15.704843+00,51,proportional: imbalance=-0.19MWh,-0.19315086399916284,2026-01-30 12:27:15.728282+00
2026-01-30 12:30:16.000692+00,29,proportional: imbalance=2.03MWh,2.026262027998207,2026-01-30 12:30:16.013368+00
2026-01-30 12:33:15.477232+00,43,proportional: imbalance=0.64MWh,0.6356806407309247,2026-01-30 12:33:15.483204+00
2026-01-30 12:36:16.356436+00,55,proportional: imbalance=-0.55MWh,-0.5489779382229425,2026-01-30 12:36:16.362873+00
2026-01-30 12:39:16.005729+00,76,proportional: imbalance=-2.61MWh,-2.6112757024774984,2026-01-30 12:39:16.011155+00
2026-01-30 12:42:15.48376+00,83,proportional: imbalance=-3.35MWh,-3.350809689542901,2026-01-30 12:42:15.490146+00
2026-01-30 12:45:16.383026+00,33,proportional: imbalance=1.64MWh,1.6361895815832788,2026-01-30 12:45:16.389557+00
2026-01-30 12:48:15.771827+00,25,proportional: imbalance=2.41MWh,2.4149782419782313,2026-01-30 12:48:15.777335+00
2026-01-30 12:51:15.673717+00,40,proportional: imbalance=0.93MWh,0.9308581247648354,2026-01-30 12:51:15.679791+00
2026-01-30 12:54:16.024449+00,48,proportional: imbalance=0.19MWh,0.1863514553962416,2026-01-30 12:54:16.033027+00
2026-01-30 12:57:15.64172+00,46,proportional: imbalance=0.36MWh,0.36013235318122677,2026-01-30 12:57:15.648037+00
2026-01-30 13:00:19.014736+00,43,proportional: imbalance=0.63MWh,0.6270819251887519,2026-01-30 13:00:19.020849+00
2026-01-30 13:03:15.457231+00,41,proportional: imbalance=0.88MWh,0.8793193742348901,2026-01-30 13:03:15.463165+00
2026-01-30 13:06:15.58928+00,79,proportional: imbalance=-2.93MWh,-2.930230874502252,2026-01-30 13:06:15.605754+00
2026-01-30 13:09:15.675014+00,100,imbalance=-5.78MWh < -5.0MW,-5.783342566199212,2026-01-30 13:09:15.686634+00
2026-01-30 13:12:16.082022+00,100,imbalance=-5.95MWh < -5.0MW,-5.950677545759661,2026-01-30 13:12:16.089595+00
2026-01-30 13:15:15.592291+00,100,imbalance=-5.61MWh < -5.0MW,-5.613091475793554,2026-01-30 13:15:15.599406+00
2026-01-30 13:18:15.660874+00,100,imbalance=-7.14MWh < -5.0MW,-7.14110002760495,2026-01-30 13:18:15.666437+00
2026-01-30 13:21:15.573608+00,100,imbalance=-11.03MWh < -5.0MW,-11.027276934248896,2026-01-30 13:21:15.588716+00
2026-01-30 13:24:15.474332+00,100,imbalance=-12.19MWh < -5.0MW,-12.191365947861726,2026-01-30 13:24:15.480086+00
2026-01-30 13:27:15.475605+00,100,imbalance=-11.83MWh < -5.0MW,-11.830204602283539,2026-01-30 13:27:15.485673+00
2026-01-30 13:30:16.30005+00,100,imbalance=-9.93MWh < -5.0MW,-9.934209560033093,2026-01-30 13:30:16.306771+00
2026-01-30 13:33:15.416368+00,85,proportional: imbalance=-3.57MWh,-3.5693421147553823,2026-01-30 13:33:15.430189+00
2026-01-30 13:36:15.677545+00,75,proportional: imbalance=-2.60MWh,-2.5958822268121122,2026-01-30 13:36:15.698941+00
2026-01-30 13:39:15.677724+00,100,imbalance=-5.93MWh < -5.0MW,-5.931122369359435,2026-01-30 13:39:15.693445+00
2026-01-30 13:42:15.442847+00,94,proportional: imbalance=-4.41MWh,-4.410973398767734,2026-01-30 13:42:15.457644+00
2026-01-30 13:45:15.436516+00,85,proportional: imbalance=-3.58MWh,-3.58055563823057,2026-01-30 13:45:15.449972+00
2026-01-30 13:48:15.687336+00,76,proportional: imbalance=-2.64MWh,-2.639576992447271,2026-01-30 13:48:15.700038+00
2026-01-30 13:51:15.572098+00,56,proportional: imbalance=-0.61MWh,-0.6057507128913819,2026-01-30 13:51:15.587673+00
2026-01-30 13:54:15.491604+00,82,proportional: imbalance=-3.22MWh,-3.2239187447813547,2026-01-30 13:54:15.502568+00
2026-01-30 13:57:15.583002+00,99,proportional: imbalance=-4.97MWh,-4.969344239024934,2026-01-30 13:57:15.602627+00
2026-01-30 14:00:15.480867+00,100,imbalance=-7.94MWh < -5.0MW,-7.941361463386028,2026-01-30 14:00:15.487143+00
2026-01-30 14:03:15.42704+00,76,proportional: imbalance=-2.66MWh,-2.65518821401367,2026-01-30 14:03:15.433089+00
2026-01-30 14:06:15.505387+00,7,proportional: imbalance=4.29MWh,4.289561262592107,2026-01-30 14:06:15.521587+00
2026-01-30 14:09:15.696149+00,27,proportional: imbalance=2.24MWh,2.2359230148347575,2026-01-30 14:09:15.709454+00
2026-01-30 14:12:15.635515+00,14,proportional: imbalance=3.55MWh,3.551118958563737,2026-01-30 14:12:15.641724+00
2026-01-30 14:15:15.675503+00,75,proportional: imbalance=-2.55MWh,-2.5541096475610963,2026-01-30 14:15:15.684324+00
2026-01-30 14:18:15.654293+00,40,proportional: imbalance=0.98MWh,0.9759302306870099,2026-01-30 14:18:15.667902+00
2026-01-30 14:21:15.525431+00,25,proportional: imbalance=2.43MWh,2.429228372501395,2026-01-30 14:21:15.533345+00
2026-01-30 14:24:15.648969+00,10,proportional: imbalance=3.93MWh,3.9271476974315775,2026-01-30 14:24:15.660293+00
2026-01-30 14:27:15.462604+00,9,proportional: imbalance=4.03MWh,4.026971435131071,2026-01-30 14:27:15.475455+00
2026-01-30 14:30:15.646811+00,51,proportional: imbalance=-0.20MWh,-0.1953321887416244,2026-01-30 14:30:15.653678+00
2026-01-30 14:33:15.425229+00,31,proportional: imbalance=1.88MWh,1.8761061862666104,2026-01-30 14:33:15.440169+00
2026-01-30 14:36:15.558332+00,47,proportional: imbalance=0.21MWh,0.21488556768744335,2026-01-30 14:36:15.571779+00
2026-01-30 14:39:15.645345+00,53,proportional: imbalance=-0.39MWh,-0.3907727292233363,2026-01-30 14:39:15.662526+00
2026-01-30 14:42:15.636445+00,51,proportional: imbalance=-0.15MWh,-0.1547880259251674,2026-01-30 14:42:15.642024+00
2026-01-30 14:45:15.619437+00,49,proportional: imbalance=0.10MWh,0.0994194091526528,2026-01-30 14:45:15.638362+00
2026-01-30 14:48:15.416002+00,52,proportional: imbalance=-0.25MWh,-0.24963790631063146,2026-01-30 14:48:15.435789+00
2026-01-30 14:51:15.6629+00,54,proportional: imbalance=-0.50MWh,-0.49833270942047747,2026-01-30 14:51:15.669756+00
2026-01-30 14:54:15.749583+00,57,proportional: imbalance=-0.78MWh,-0.7820477939232761,2026-01-30 14:54:15.764951+00
2026-01-30 14:57:15.49805+00,54,proportional: imbalance=-0.46MWh,-0.4600241187624741,2026-01-30 14:57:15.514546+00
2026-01-30 15:00:15.217452+00,47,proportional: imbalance=0.27MWh,0.2687316481665922,2026-01-30 15:00:15.228775+00
2026-01-30 15:03:15.584308+00,62,proportional: imbalance=-1.23MWh,-1.2328529299930933,2026-01-30 15:03:15.597279+00
2026-01-30 15:06:15.594539+00,64,proportional: imbalance=-1.47MWh,-1.4743222564110519,2026-01-30 15:06:15.603076+00
2026-01-30 15:09:15.46812+00,39,proportional: imbalance=1.05MWh,1.0486822112703509,2026-01-30 15:09:15.480641+00
2026-01-30 15:12:15.460803+00,50,proportional: imbalance=-0.00MWh,-0.0018462655338079108,2026-01-30 15:12:15.468755+00
2026-01-30 15:15:15.6462+00,40,proportional: imbalance=0.96MWh,0.9578596039730998,2026-01-30 15:15:15.659267+00
2026-01-30 15:18:15.437481+00,47,proportional: imbalance=0.26MWh,0.26189509622989116,2026-01-30 15:18:15.454857+00
2026-01-30 15:21:15.676928+00,69,proportional: imbalance=-1.93MWh,-1.933127034164831,2026-01-30 15:21:15.690039+00
2026-01-30 15:24:15.652236+00,54,proportional: imbalance=-0.40MWh,-0.4018527623607656,2026-01-30 15:24:15.657616+00
2026-01-30 15:27:15.446665+00,25,proportional: imbalance=2.40MWh,2.404697870867091,2026-01-30 15:27:15.462788+00
2026-01-30 15:30:15.707354+00,22,proportional: imbalance=2.77MWh,2.7716352957927164,2026-01-30 15:30:15.715161+00
2026-01-30 15:33:15.75936+00,0,imbalance=6.24MWh > 5.0MW,6.239275582977042,2026-01-30 15:33:15.767003+00
2026-01-30 15:36:15.704094+00,29,proportional: imbalance=2.04MWh,2.0443093670498254,2026-01-30 15:36:15.711138+00
2026-01-30 15:39:15.540419+00,26,proportional: imbalance=2.32MWh,2.3186832633893837,2026-01-30 15:39:15.545729+00
2026-01-30 15:42:15.547731+00,13,proportional: imbalance=3.63MWh,3.6289406506989,2026-01-30 15:42:15.566543+00
2026-01-30 15:45:15.535045+00,38,proportional: imbalance=1.19MWh,1.1885879376094552,2026-01-30 15:45:15.541695+00
2026-01-30 15:48:15.555474+00,30,proportional: imbalance=1.93MWh,1.9290454311005816,2026-01-30 15:48:15.560988+00
2026-01-30 15:51:15.469266+00,50,proportional: imbalance=-0.01MWh,-0.011657368605514641,2026-01-30 15:51:15.475664+00
2026-01-30 15:54:15.540408+00,74,proportional: imbalance=-2.49MWh,-2.4933552523897338,2026-01-30 15:54:15.546008+00
2026-01-30 15:57:15.592302+00,72,proportional: imbalance=-2.21MWh,-2.209261246934221,2026-01-30 15:57:15.607362+00
2026-01-30 16:00:17.695164+00,47,proportional: imbalance=0.24MWh,0.2394375462654199,2026-01-30 16:00:17.702335+00
2026-01-30 16:03:15.723617+00,57,proportional: imbalance=-0.79MWh,-0.7931964813537922,2026-01-30 16:03:15.728683+00
2026-01-30 16:06:15.489888+00,36,proportional: imbalance=1.32MWh,1.3204128559382227,2026-01-30 16:06:15.497452+00
2026-01-30 16:09:15.503735+00,18,proportional: imbalance=3.16MWh,3.164303336624407,2026-01-30 16:09:15.512442+00
2026-01-30 16:12:15.571188+00,0,imbalance=5.11MWh > 5.0MW,5.111611917457158,2026-01-30 16:12:15.5779+00
2026-01-30 16:15:15.781588+00,17,proportional: imbalance=3.25MWh,3.247055498044407,2026-01-30 16:15:15.788111+00
2026-01-30 16:18:15.707172+00,41,proportional: imbalance=0.89MWh,0.8856560817724906,2026-01-30 16:18:15.712936+00
2026-01-30 16:21:15.452337+00,60,proportional: imbalance=-1.05MWh,-1.053344789201673,2026-01-30 16:21:15.458087+00
2026-01-30 16:24:15.681915+00,64,proportional: imbalance=-1.48MWh,-1.477785562649658,2026-01-30 16:24:15.687614+00
2026-01-30 16:27:15.671533+00,71,proportional: imbalance=-2.12MWh,-2.115493515728437,2026-01-30 16:27:15.687901+00
2026-01-30 16:30:15.45789+00,62,proportional: imbalance=-1.21MWh,-1.207436703949022,2026-01-30 16:30:15.482685+00
2026-01-30 16:33:15.421342+00,56,proportional: imbalance=-0.64MWh,-0.6411716852724678,2026-01-30 16:33:15.443356+00
2026-01-30 16:36:15.635696+00,64,proportional: imbalance=-1.47MWh,-1.472529536515485,2026-01-30 16:36:15.655499+00
2026-01-30 16:39:15.697598+00,71,proportional: imbalance=-2.18MWh,-2.1849368500606174,2026-01-30 16:39:15.710077+00
2026-01-30 16:42:15.573084+00,76,proportional: imbalance=-2.63MWh,-2.6278818645226125,2026-01-30 16:42:15.579728+00
2026-01-30 16:45:15.62628+00,67,proportional: imbalance=-1.77MWh,-1.7658714489273601,2026-01-30 16:45:15.633438+00
2026-01-30 16:48:15.496706+00,97,proportional: imbalance=-4.80MWh,-4.796351795233955,2026-01-30 16:48:15.503467+00
2026-01-30 16:51:15.492761+00,100,imbalance=-7.28MWh < -5.0MW,-7.280976011464751,2026-01-30 16:51:15.507384+00
2026-01-30 16:54:15.830762+00,100,imbalance=-8.12MWh < -5.0MW,-8.120163686454616,2026-01-30 16:54:15.848011+00
2026-01-30 16:57:15.736692+00,100,imbalance=-7.84MWh < -5.0MW,-7.83600694146806,2026-01-30 16:57:15.753778+00
2026-01-30 17:00:15.755927+00,65,proportional: imbalance=-1.57MWh,-1.5748039354240009,2026-01-30 17:00:15.81431+00
2026-01-30 17:03:15.887861+00,100,imbalance=-7.51MWh < -5.0MW,-7.507911019487168,2026-01-30 17:03:15.909623+00
2026-01-30 17:06:15.680324+00,100,imbalance=-13.23MWh < -5.0MW,-13.230533069522933,2026-01-30 17:06:15.691554+00
2026-01-30 17:09:15.77787+00,100,imbalance=-12.72MWh < -5.0MW,-12.721851315019038,2026-01-30 17:09:15.784206+00
2026-01-30 17:12:15.593966+00,100,imbalance=-11.46MWh < -5.0MW,-11.461425293935159,2026-01-30 17:12:15.619003+00
2026-01-30 17:15:15.559688+00,100,imbalance=-7.67MWh < -5.0MW,-7.670666588067888,2026-01-30 17:15:15.568115+00
2026-01-30 17:18:15.676609+00,100,imbalance=-7.26MWh < -5.0MW,-7.260898983188826,2026-01-30 17:18:15.683515+00
2026-01-30 17:21:15.729341+00,100,imbalance=-7.54MWh < -5.0MW,-7.540799145783196,2026-01-30 17:21:15.747586+00
2026-01-30 17:24:15.576016+00,100,imbalance=-6.34MWh < -5.0MW,-6.337178454318608,2026-01-30 17:24:15.61518+00
2026-01-30 17:27:15.724147+00,100,imbalance=-5.35MWh < -5.0MW,-5.351203188177609,2026-01-30 17:27:15.732808+00
2026-01-30 17:30:15.550446+00,72,proportional: imbalance=-2.27MWh,-2.2732297867598716,2026-01-30 17:30:15.573509+00
2026-01-30 17:33:14.841854+00,83,proportional: imbalance=-3.39MWh,-3.389713690880278,2026-01-30 17:33:14.849803+00
2026-01-30 17:36:15.53699+00,69,proportional: imbalance=-1.92MWh,-1.923433449892428,2026-01-30 17:36:15.549583+00
2026-01-30 17:39:15.810744+00,95,proportional: imbalance=-4.51MWh,-4.506197810661419,2026-01-30 17:39:15.835097+00
2026-01-30 17:42:15.576454+00,86,proportional: imbalance=-3.61MWh,-3.610785347264626,2026-01-30 17:42:15.5965+00
2026-01-30 17:45:15.908475+00,93,proportional: imbalance=-4.39MWh,-4.389778831199691,2026-01-30 17:45:15.955815+00
2026-01-30 17:48:15.815069+00,100,imbalance=-7.64MWh < -5.0MW,-7.643894192744696,2026-01-30 17:48:15.848361+00
2026-01-30 17:51:15.713341+00,100,imbalance=-9.40MWh < -5.0MW,-9.396812122698046,2026-01-30 17:51:15.721243+00
2026-01-30 17:54:15.661067+00,100,imbalance=-11.04MWh < -5.0MW,-11.036348589247549,2026-01-30 17:54:15.667885+00
2026-01-30 17:57:15.671573+00,100,imbalance=-9.87MWh < -5.0MW,-9.870472550033865,2026-01-30 17:57:15.679718+00
2026-01-30 18:00:16.024809+00,100,imbalance=-5.74MWh < -5.0MW,-5.739527561977821,2026-01-30 18:00:16.035307+00
2026-01-30 18:03:15.673477+00,100,imbalance=-7.90MWh < -5.0MW,-7.8982099429993875,2026-01-30 18:03:15.682227+00
2026-01-30 18:06:15.73309+00,100,imbalance=-6.15MWh < -5.0MW,-6.151999155702838,2026-01-30 18:06:15.742194+00
2026-01-30 18:09:15.845822+00,92,proportional: imbalance=-4.27MWh,-4.271599154603448,2026-01-30 18:09:15.852124+00
2026-01-30 18:12:15.75387+00,77,proportional: imbalance=-2.76MWh,-2.7578451728025186,2026-01-30 18:12:15.763163+00
2026-01-30 18:15:15.772403+00,89,proportional: imbalance=-3.98MWh,-3.9804973155122703,2026-01-30 18:15:15.780907+00
2026-01-30 18:18:15.643104+00,100,imbalance=-7.58MWh < -5.0MW,-7.580095203690296,2026-01-30 18:18:15.660696+00
2026-01-30 18:21:15.774777+00,100,imbalance=-5.68MWh < -5.0MW,-5.681150501001734,2026-01-30 18:21:15.79784+00
2026-01-30 18:24:15.609322+00,100,imbalance=-6.88MWh < -5.0MW,-6.878754860861462,2026-01-30 18:24:15.623593+00
2026-01-30 18:27:15.680389+00,100,imbalance=-5.77MWh < -5.0MW,-5.766996289533888,2026-01-30 18:27:15.699078+00
2026-01-30 18:30:15.685657+00,80,proportional: imbalance=-3.07MWh,-3.0743924490697196,2026-01-30 18:30:15.69509+00
2026-01-30 18:33:15.735278+00,97,proportional: imbalance=-4.71MWh,-4.710225474338543,2026-01-30 18:33:15.748114+00
2026-01-30 18:36:14.707597+00,87,proportional: imbalance=-3.79MWh,-3.7883041700396247,2026-01-30 18:36:14.717333+00
2026-01-30 18:39:14.64314+00,59,proportional: imbalance=-0.97MWh,-0.9703871389235268,2026-01-30 18:39:14.649921+00
2026-01-30 18:42:14.62262+00,34,proportional: imbalance=1.53MWh,1.5296983626790326,2026-01-30 18:42:14.631474+00
2026-01-30 18:45:15.794333+00,80,proportional: imbalance=-3.07MWh,-3.072155071345653,2026-01-30 18:45:15.805293+00
2026-01-30 18:48:15.580613+00,100,imbalance=-8.88MWh < -5.0MW,-8.877104448743212,2026-01-30 18:48:15.591195+00
2026-01-30 18:51:14.882808+00,100,imbalance=-7.03MWh < -5.0MW,-7.033671960366795,2026-01-30 18:51:14.89346+00
2026-01-30 18:54:15.700362+00,82,proportional: imbalance=-3.27MWh,-3.2683535552365384,2026-01-30 18:54:15.708346+00
2026-01-30 18:57:16.756051+00,56,proportional: imbalance=-0.62MWh,-0.6200244800547593,2026-01-30 18:57:16.781829+00
2026-01-30 19:00:21.117108+00,36,proportional: imbalance=1.35MWh,1.346686068265674,2026-01-30 19:00:21.13174+00
2026-01-30 19:03:15.688497+00,76,proportional: imbalance=-2.61MWh,-2.613701922817618,2026-01-30 19:03:15.694538+00
2026-01-30 19:06:15.548536+00,39,proportional: imbalance=1.08MWh,1.0755781372514703,2026-01-30 19:06:15.555005+00
2026-01-30 19:09:15.51588+00,19,proportional: imbalance=3.09MWh,3.093875883860252,2026-01-30 19:09:15.528907+00
2026-01-30 19:12:15.555001+00,36,proportional: imbalance=1.39MWh,1.3904944124644927,2026-01-30 19:12:15.570586+00
2026-01-30 19:15:15.644323+00,51,proportional: imbalance=-0.20MWh,-0.19667460305249534,2026-01-30 19:15:15.661016+00
2026-01-30 19:18:15.551749+00,63,proportional: imbalance=-1.35MWh,-1.3508477829202914,2026-01-30 19:18:15.558668+00
2026-01-30 19:21:14.641767+00,84,proportional: imbalance=-3.48MWh,-3.482023048643501,2026-01-30 19:21:14.649654+00
2026-01-30 19:24:15.550323+00,100,imbalance=-5.32MWh < -5.0MW,-5.317010822645559,2026-01-30 19:24:15.556306+00
2026-01-30 19:27:15.470202+00,98,proportional: imbalance=-4.90MWh,-4.895549144151531,2026-01-30 19:27:15.487265+00
2026-01-30 19:30:15.715015+00,69,proportional: imbalance=-1.95MWh,-1.951395760721211,2026-01-30 19:30:15.721771+00
2026-01-30 19:33:15.434056+00,79,proportional: imbalance=-2.98MWh,-2.978596466334062,2026-01-30 19:33:15.440587+00
2026-01-30 19:36:15.427853+00,78,proportional: imbalance=-2.89MWh,-2.8920080838832027,2026-01-30 19:36:15.436631+00
2026-01-30 19:39:15.638574+00,79,proportional: imbalance=-2.94MWh,-2.937695457743785,2026-01-30 19:39:15.644179+00
2026-01-30 19:42:15.643743+00,64,proportional: imbalance=-1.40MWh,-1.403490008283265,2026-01-30 19:42:15.652171+00
2026-01-30 19:45:15.474202+00,70,proportional: imbalance=-2.05MWh,-2.045369781909803,2026-01-30 19:45:15.481069+00
2026-01-30 19:48:15.429455+00,77,proportional: imbalance=-2.76MWh,-2.7563509742975434,2026-01-30 19:48:15.446254+00
2026-01-30 19:51:14.400048+00,89,proportional: imbalance=-3.94MWh,-3.93947412479295,2026-01-30 19:51:14.42514+00
2026-01-30 19:54:15.711395+00,70,proportional: imbalance=-2.09MWh,-2.092427084844923,2026-01-30 19:54:15.726752+00
2026-01-30 19:57:15.486329+00,67,proportional: imbalance=-1.78MWh,-1.7827369655573866,2026-01-30 19:57:15.505701+00
2026-01-30 20:00:15.062715+00,37,proportional: imbalance=1.23MWh,1.2250828574063477,2026-01-30 20:00:15.069597+00
2026-01-30 20:03:15.46798+00,52,proportional: imbalance=-0.24MWh,-0.24080745343455306,2026-01-30 20:03:15.487544+00
2026-01-30 20:06:14.364883+00,42,proportional: imbalance=0.74MWh,0.7354108287805959,2026-01-30 20:06:14.378024+00
2026-01-30 20:09:15.509249+00,60,proportional: imbalance=-1.07MWh,-1.069931813732696,2026-01-30 20:09:15.51481+00
2026-01-30 20:12:14.344826+00,68,proportional: imbalance=-1.81MWh,-1.8059859209018847,2026-01-30 20:12:14.36099+00
2026-01-30 20:15:14.445577+00,60,proportional: imbalance=-1.04MWh,-1.0405637021503165,2026-01-30 20:15:14.454143+00
2026-01-30 20:18:15.490871+00,61,proportional: imbalance=-1.12MWh,-1.116756665350481,2026-01-30 20:18:15.505602+00
2026-01-30 20:21:15.492549+00,47,proportional: imbalance=0.28MWh,0.2770762397990322,2026-01-30 20:21:15.502447+00
2026-01-30 20:24:14.310879+00,56,proportional: imbalance=-0.70MWh,-0.6968676489495079,2026-01-30 20:24:14.317013+00
2026-01-30 20:27:14.315164+00,49,proportional: imbalance=0.05MWh,0.04964620235973703,2026-01-30 20:27:14.322488+00
2026-01-30 20:30:15.645311+00,49,proportional: imbalance=0.03MWh,0.025060111801736767,2026-01-30 20:30:15.65458+00
2026-01-30 20:33:15.712641+00,53,proportional: imbalance=-0.33MWh,-0.32684299457904664,2026-01-30 20:33:15.717889+00
2026-01-30 20:36:15.52494+00,73,proportional: imbalance=-2.37MWh,-2.368453444409929,2026-01-30 20:36:15.541316+00
2026-01-30 20:39:15.525224+00,90,proportional: imbalance=-4.07MWh,-4.0709100791210835,2026-01-30 20:39:15.539601+00
2026-01-30 20:42:15.584528+00,55,proportional: imbalance=-0.53MWh,-0.5304830356800917,2026-01-30 20:42:15.607713+00
2026-01-30 20:45:15.741234+00,58,proportional: imbalance=-0.88MWh,-0.8786836068063522,2026-01-30 20:45:15.761121+00
2026-01-30 20:48:15.50961+00,39,proportional: imbalance=1.04MWh,1.0375378375853752,2026-01-30 20:48:15.518181+00
2026-01-30 20:51:15.608344+00,43,proportional: imbalance=0.69MWh,0.6879921558145005,2026-01-30 20:51:15.631787+00
2026-01-30 20:54:15.68872+00,8,proportional: imbalance=4.17MWh,4.172340601271497,2026-01-30 20:54:15.703765+00
2026-01-30 20:57:15.565407+00,0,imbalance=6.52MWh > 5.0MW,6.5205185808466375,2026-01-30 20:57:15.572173+00
2026-01-30 21:00:17.047855+00,27,proportional: imbalance=2.24MWh,2.2353077794508756,2026-01-30 21:00:17.055265+00
2026-01-30 21:03:15.63242+00,100,imbalance=-7.43MWh < -5.0MW,-7.434015748124581,2026-01-30 21:03:15.649109+00
2026-01-30 21:06:15.518935+00,100,imbalance=-9.56MWh < -5.0MW,-9.558165089969263,2026-01-30 21:06:15.530796+00
2026-01-30 21:09:15.564434+00,100,imbalance=-6.49MWh < -5.0MW,-6.492271389674605,2026-01-30 21:09:15.569872+00
2026-01-30 21:12:15.602421+00,100,imbalance=-7.19MWh < -5.0MW,-7.189009683072264,2026-01-30 21:12:15.609947+00
2026-01-30 21:15:16.497434+00,86,proportional: imbalance=-3.68MWh,-3.6817101195037654,2026-01-30 21:15:16.518734+00
2026-01-30 21:18:15.748002+00,100,imbalance=-7.09MWh < -5.0MW,-7.09056399741619,2026-01-30 21:18:15.767697+00
2026-01-30 21:21:15.598907+00,82,proportional: imbalance=-3.22MWh,-3.220620017344866,2026-01-30 21:21:15.641817+00
2026-01-30 21:24:16.007007+00,86,proportional: imbalance=-3.62MWh,-3.6195030765574634,2026-01-30 21:24:16.022794+00
2026-01-30 21:27:15.892309+00,100,imbalance=-6.32MWh < -5.0MW,-6.323680826867528,2026-01-30 21:27:15.90172+00
2026-01-30 21:30:15.657974+00,87,proportional: imbalance=-3.75MWh,-3.7507121027627828,2026-01-30 21:30:15.666166+00
2026-01-30 21:33:16.286779+00,100,imbalance=-7.08MWh < -5.0MW,-7.07698898546237,2026-01-30 21:33:16.302729+00
2026-01-30 21:36:16.18372+00,100,imbalance=-10.93MWh < -5.0MW,-10.927822580482188,2026-01-30 21:36:16.195129+00
2026-01-30 21:39:15.938165+00,100,imbalance=-7.85MWh < -5.0MW,-7.846496880473396,2026-01-30 21:39:15.948411+00
2026-01-30 21:42:15.795605+00,100,imbalance=-12.65MWh < -5.0MW,-12.654328696181755,2026-01-30 21:42:15.802243+00
2026-01-30 21:45:15.863594+00,74,proportional: imbalance=-2.41MWh,-2.4127924425736214,2026-01-30 21:45:15.870997+00
2026-01-30 21:48:15.6376+00,100,imbalance=-6.46MWh < -5.0MW,-6.464472616257725,2026-01-30 21:48:15.643166+00
2026-01-30 21:51:15.719765+00,100,imbalance=-9.08MWh < -5.0MW,-9.076408224984519,2026-01-30 21:51:15.737418+00
2026-01-30 21:54:15.442289+00,100,imbalance=-11.09MWh < -5.0MW,-11.087158750635837,2026-01-30 21:54:15.448164+00
2026-01-30 21:57:15.532581+00,100,imbalance=-12.06MWh < -5.0MW,-12.059769606431793,2026-01-30 21:57:15.54827+00
2026-01-30 22:00:16.190628+00,100,imbalance=-11.45MWh < -5.0MW,-11.448632560009289,2026-01-30 22:00:16.199988+00
2026-01-30 22:03:15.699217+00,100,imbalance=-9.47MWh < -5.0MW,-9.473304593750827,2026-01-30 22:03:15.711706+00
2026-01-30 22:06:15.741051+00,100,imbalance=-8.95MWh < -5.0MW,-8.949028065168832,2026-01-30 22:06:15.75428+00
2026-01-30 22:09:15.961823+00,100,imbalance=-8.39MWh < -5.0MW,-8.394653256902831,2026-01-30 22:09:15.97099+00
2026-01-30 22:12:15.487003+00,100,imbalance=-8.16MWh < -5.0MW,-8.16363887845706,2026-01-30 22:12:15.49386+00
2026-01-30 22:15:17.226063+00,100,imbalance=-10.16MWh < -5.0MW,-10.15518981225808,2026-01-30 22:15:17.234568+00
2026-01-30 22:18:15.490807+00,100,imbalance=-9.63MWh < -5.0MW,-9.628643799044111,2026-01-30 22:18:15.496634+00
2026-01-30 22:21:15.80317+00,100,imbalance=-8.14MWh < -5.0MW,-8.142830514570088,2026-01-30 22:21:15.809802+00
2026-01-30 22:24:15.588841+00,100,imbalance=-8.19MWh < -5.0MW,-8.186899164091743,2026-01-30 22:24:15.594957+00
2026-01-30 22:27:15.432539+00,100,imbalance=-8.79MWh < -5.0MW,-8.794899482527088,2026-01-30 22:27:15.444971+00
2026-01-30 22:30:15.819168+00,100,imbalance=-5.43MWh < -5.0MW,-5.425623662239298,2026-01-30 22:30:15.826797+00
2026-01-30 22:33:15.660377+00,100,imbalance=-5.62MWh < -5.0MW,-5.622822515978599,2026-01-30 22:33:15.667307+00
2026-01-30 22:36:15.533069+00,100,imbalance=-7.20MWh < -5.0MW,-7.195255995481153,2026-01-30 22:36:15.542088+00
2026-01-30 22:39:15.504172+00,100,imbalance=-6.37MWh < -5.0MW,-6.365581836600898,2026-01-30 22:39:15.519522+00
2026-01-30 22:42:15.735941+00,100,imbalance=-6.16MWh < -5.0MW,-6.164056337889829,2026-01-30 22:42:15.743627+00
2026-01-30 22:45:15.661461+00,95,proportional: imbalance=-4.60MWh,-4.595559173080003,2026-01-30 22:45:15.668353+00
2026-01-30 22:48:15.447859+00,100,imbalance=-5.96MWh < -5.0MW,-5.957001697210801,2026-01-30 22:48:15.464014+00
2026-01-30 22:51:15.46483+00,100,imbalance=-6.33MWh < -5.0MW,-6.333221839840678,2026-01-30 22:51:15.477989+00
2026-01-30 22:54:15.544224+00,100,imbalance=-6.42MWh < -5.0MW,-6.420886934964241,2026-01-30 22:54:15.551358+00
2026-01-30 22:57:15.646+00,100,imbalance=-6.50MWh < -5.0MW,-6.50499180723705,2026-01-30 22:57:15.67029+00
2026-01-30 23:00:17.684695+00,91,proportional: imbalance=-4.18MWh,-4.183661065653865,2026-01-30 23:00:17.697386+00
2026-01-30 23:03:15.599206+00,55,proportional: imbalance=-0.51MWh,-0.5132998810915584,2026-01-30 23:03:15.605526+00
2026-01-30 23:06:15.673335+00,40,proportional: imbalance=0.90MWh,0.9006713635987929,2026-01-30 23:06:15.680643+00
2026-01-30 23:09:16.910293+00,39,proportional: imbalance=1.01MWh,1.012088281329692,2026-01-30 23:09:16.92828+00
2026-01-30 23:12:15.649395+00,21,proportional: imbalance=2.86MWh,2.863451412972803,2026-01-30 23:12:15.658794+00
2026-01-30 23:15:15.670053+00,56,proportional: imbalance=-0.68MWh,-0.676141155347556,2026-01-30 23:15:15.679763+00
2026-01-30 23:18:16.082766+00,72,proportional: imbalance=-2.21MWh,-2.210630543855796,2026-01-30 23:18:16.093614+00
2026-01-30 23:21:15.676019+00,47,proportional: imbalance=0.25MWh,0.2503355264426269,2026-01-30 23:21:15.68266+00
2026-01-30 23:24:15.949016+00,51,proportional: imbalance=-0.13MWh,-0.13262141554598975,2026-01-30 23:24:15.955676+00
2026-01-30 23:27:16.000892+00,61,proportional: imbalance=-1.15MWh,-1.151574915739715,2026-01-30 23:27:16.008153+00
2026-01-30 23:30:15.725644+00,55,proportional: imbalance=-0.58MWh,-0.5799626601935096,2026-01-30 23:30:15.733755+00
2026-01-30 23:33:15.599578+00,46,proportional: imbalance=0.32MWh,0.3202120062631289,2026-01-30 23:33:15.608436+00
2026-01-30 23:36:15.47778+00,20,proportional: imbalance=2.99MWh,2.9918674587271634,2026-01-30 23:36:15.494635+00
2026-01-30 23:39:15.794645+00,17,proportional: imbalance=3.21MWh,3.208423422750143,2026-01-30 23:39:15.799827+00
2026-01-30 23:42:15.711252+00,17,proportional: imbalance=3.24MWh,3.2400636679253445,2026-01-30 23:42:15.717709+00
2026-01-30 23:45:15.673486+00,43,proportional: imbalance=0.60MWh,0.6046283770672073,2026-01-30 23:45:15.681044+00
2026-01-30 23:48:15.573761+00,44,proportional: imbalance=0.51MWh,0.5143225770898676,2026-01-30 23:48:15.579715+00
2026-01-30 23:51:15.725909+00,10,proportional: imbalance=3.93MWh,3.9254920050037607,2026-01-30 23:51:15.732799+00
2026-01-30 23:54:15.708683+00,17,proportional: imbalance=3.20MWh,3.20433753140005,2026-01-30 23:54:15.714158+00
2026-01-30 23:57:15.43634+00,27,proportional: imbalance=2.21MWh,2.208948192079387,2026-01-30 23:57:15.453444+00
2026-01-31 00:00:18.54126+00,9,proportional: imbalance=4.03MWh,4.028324760230617,2026-01-31 00:00:18.548524+00
2026-01-31 00:03:15.712665+00,61,proportional: imbalance=-1.16MWh,-1.159423648773991,2026-01-31 00:03:15.718293+00
2026-01-31 00:06:15.463936+00,50,proportional: imbalance=-0.04MWh,-0.03949786204141947,2026-01-31 00:06:15.480519+00
2026-01-31 00:09:15.491094+00,27,proportional: imbalance=2.29MWh,2.285689648437009,2026-01-31 00:09:15.501666+00
2026-01-31 00:12:15.517418+00,16,proportional: imbalance=3.32MWh,3.3195240990747346,2026-01-31 00:12:15.52398+00
2026-01-31 00:15:15.674189+00,31,proportional: imbalance=1.84MWh,1.8394708218066922,2026-01-31 00:15:15.681284+00
2026-01-31 00:18:15.593486+00,16,proportional: imbalance=3.36MWh,3.3577973466748308,2026-01-31 00:18:15.59927+00
2026-01-31 00:21:15.764739+00,11,proportional: imbalance=3.88MWh,3.877851466768597,2026-01-31 00:21:15.771174+00
2026-01-31 00:24:15.503401+00,23,proportional: imbalance=2.65MWh,2.6502097709170425,2026-01-31 00:24:15.509785+00
2026-01-31 00:27:15.727466+00,0,imbalance=5.25MWh > 5.0MW,5.247001420945199,2026-01-31 00:27:15.76166+00
2026-01-31 00:30:15.468863+00,8,proportional: imbalance=4.11MWh,4.11246395446496,2026-01-31 00:30:15.482522+00
2026-01-31 00:33:15.465792+00,0,imbalance=6.67MWh > 5.0MW,6.674862322737048,2026-01-31 00:33:15.478497+00
2026-01-31 00:36:15.558541+00,22,proportional: imbalance=2.74MWh,2.7414106936726585,2026-01-31 00:36:15.564933+00
2026-01-31 00:39:15.968874+00,45,proportional: imbalance=0.45MWh,0.44919390428681216,2026-01-31 00:39:15.974371+00
2026-01-31 00:42:15.611718+00,55,proportional: imbalance=-0.57MWh,-0.5690654859719729,2026-01-31 00:42:15.618185+00
2026-01-31 00:45:15.458808+00,36,proportional: imbalance=1.30MWh,1.301151557109525,2026-01-31 00:45:15.467413+00
2026-01-31 00:48:15.719671+00,33,proportional: imbalance=1.61MWh,1.6139219717633528,2026-01-31 00:48:15.725368+00
2026-01-31 00:51:15.486028+00,48,proportional: imbalance=0.12MWh,0.11529419454591011,2026-01-31 00:51:15.492612+00
2026-01-31 00:54:15.43464+00,40,proportional: imbalance=0.94MWh,0.9399025774490829,2026-01-31 00:54:15.440666+00
2026-01-31 00:57:15.424544+00,25,proportional: imbalance=2.49MWh,2.4910285819990365,2026-01-31 00:57:15.431022+00
2026-01-31 01:00:15.684943+00,16,proportional: imbalance=3.35MWh,3.353289094534563,2026-01-31 01:00:15.691667+00
2026-01-31 01:03:15.697545+00,0,imbalance=5.04MWh > 5.0MW,5.036515439702556,2026-01-31 01:03:15.719712+00
2026-01-31 01:06:15.445125+00,0,imbalance=6.40MWh > 5.0MW,6.4017196857126715,2026-01-31 01:06:15.452354+00
2026-01-31 01:09:15.572947+00,0,imbalance=12.33MWh > 5.0MW,12.33220647599755,2026-01-31 01:09:15.578543+00
2026-01-31 01:12:15.611401+00,0,imbalance=12.29MWh > 5.0MW,12.293536965153656,2026-01-31 01:12:15.61852+00
2026-01-31 01:15:15.484696+00,0,imbalance=6.91MWh > 5.0MW,6.90537773787891,2026-01-31 01:15:15.491671+00
2026-01-31 01:18:15.442816+00,0,imbalance=9.75MWh > 5.0MW,9.74950696814932,2026-01-31 01:18:15.462924+00
2026-01-31 01:21:15.659412+00,0,imbalance=9.75MWh > 5.0MW,9.753561256430404,2026-01-31 01:21:15.667906+00
2026-01-31 01:24:15.619211+00,0,imbalance=11.92MWh > 5.0MW,11.918067417556628,2026-01-31 01:24:15.624615+00
2026-01-31 01:27:15.511075+00,0,imbalance=9.61MWh > 5.0MW,9.61185148243605,2026-01-31 01:27:15.523306+00
2026-01-31 01:30:15.606875+00,16,proportional: imbalance=3.40MWh,3.39619754692526,2026-01-31 01:30:15.614077+00
2026-01-31 01:33:15.601968+00,0,imbalance=6.57MWh > 5.0MW,6.5736248069973895,2026-01-31 01:33:15.612977+00
2026-01-31 01:36:15.407157+00,0,imbalance=7.76MWh > 5.0MW,7.763390175239249,2026-01-31 01:36:15.414196+00
2026-01-31 01:39:15.441257+00,0,imbalance=7.02MWh > 5.0MW,7.0218986146692295,2026-01-31 01:39:15.447091+00
2026-01-31 01:42:15.592165+00,0,imbalance=7.80MWh > 5.0MW,7.799154758842987,2026-01-31 01:42:15.611665+00
2026-01-31 01:45:15.765385+00,0,imbalance=5.93MWh > 5.0MW,5.930332133004862,2026-01-31 01:45:15.772936+00
2026-01-31 01:48:15.688001+00,0,imbalance=6.16MWh > 5.0MW,6.157087292686046,2026-01-31 01:48:15.694232+00
2026-01-31 01:51:15.675494+00,0,imbalance=8.48MWh > 5.0MW,8.481083710191639,2026-01-31 01:51:15.684842+00
2026-01-31 01:54:15.45627+00,0,imbalance=8.89MWh > 5.0MW,8.889395201787519,2026-01-31 01:54:15.462343+00
2026-01-31 01:57:15.568582+00,0,imbalance=8.70MWh > 5.0MW,8.70121698960924,2026-01-31 01:57:15.575182+00
2026-01-31 02:00:16.114042+00,0,imbalance=10.64MWh > 5.0MW,10.642521803793333,2026-01-31 02:00:16.121374+00
2026-01-31 02:03:15.475726+00,0,imbalance=9.56MWh > 5.0MW,9.556750523942467,2026-01-31 02:03:15.490028+00
2026-01-31 02:06:15.65922+00,0,proportional: imbalance=4.94MWh,4.940037128639202,2026-01-31 02:06:15.665866+00
2026-01-31 02:09:15.738774+00,8,proportional: imbalance=4.11MWh,4.106785216613537,2026-01-31 02:09:15.744642+00
2026-01-31 02:12:15.606732+00,8,proportional: imbalance=4.19MWh,4.190551356554977,2026-01-31 02:12:15.620672+00
2026-01-31 02:15:15.444597+00,14,proportional: imbalance=3.53MWh,3.5296297510308974,2026-01-31 02:15:15.451432+00
2026-01-31 02:18:15.602312+00,23,proportional: imbalance=2.64MWh,2.639271588313214,2026-01-31 02:18:15.608538+00
2026-01-31 02:21:15.680848+00,13,proportional: imbalance=3.61MWh,3.610221623285654,2026-01-31 02:21:15.687274+00
2026-01-31 02:24:15.51688+00,11,proportional: imbalance=3.81MWh,3.8121036123685967,2026-01-31 02:24:15.53129+00
2026-01-31 02:27:15.427124+00,26,proportional: imbalance=2.30MWh,2.3038635824478324,2026-01-31 02:27:15.434597+00
2026-01-31 02:30:15.655916+00,0,imbalance=5.48MWh > 5.0MW,5.481791372943517,2026-01-31 02:30:15.667295+00
2026-01-31 02:33:15.648762+00,0,imbalance=5.77MWh > 5.0MW,5.766851031264077,2026-01-31 02:33:15.658816+00
2026-01-31 02:36:15.476889+00,0,imbalance=6.89MWh > 5.0MW,6.890632492515358,2026-01-31 02:36:15.484185+00
2026-01-31 02:39:15.687874+00,0,imbalance=6.66MWh > 5.0MW,6.660485948936115,2026-01-31 02:39:15.693895+00
2026-01-31 02:42:15.588176+00,0,imbalance=5.02MWh > 5.0MW,5.024260891261126,2026-01-31 02:42:15.594613+00
2026-01-31 02:45:15.711454+00,32,proportional: imbalance=1.73MWh,1.73271434928898,2026-01-31 02:45:15.718502+00
2026-01-31 02:48:15.515464+00,26,proportional: imbalance=2.40MWh,2.397528914685785,2026-01-31 02:48:15.530097+00
2026-01-31 02:51:15.459166+00,17,proportional: imbalance=3.22MWh,3.2156613573750827,2026-01-31 02:51:15.46612+00
2026-01-31 02:54:15.5165+00,46,proportional: imbalance=0.30MWh,0.3046776685867547,2026-01-31 02:54:15.522518+00
2026-01-31 02:57:15.637429+00,51,proportional: imbalance=-0.17MWh,-0.16829213450334837,2026-01-31 02:57:15.649102+00
2026-01-31 03:00:15.592011+00,37,proportional: imbalance=1.29MWh,1.2871303196279624,2026-01-31 03:00:15.599103+00
2026-01-31 03:03:15.665948+00,34,proportional: imbalance=1.50MWh,1.5049547707892392,2026-01-31 03:03:15.673149+00
2026-01-31 03:06:15.669825+00,41,proportional: imbalance=0.81MWh,0.8117120046916236,2026-01-31 03:06:15.683797+00
2026-01-31 03:09:15.47971+00,35,proportional: imbalance=1.43MWh,1.4307045801701275,2026-01-31 03:09:15.485133+00
2026-01-31 03:12:15.414485+00,34,proportional: imbalance=1.59MWh,1.5931225073969815,2026-01-31 03:12:15.420986+00
2026-01-31 03:15:15.635685+00,45,proportional: imbalance=0.46MWh,0.46213308624625304,2026-01-31 03:15:15.64158+00
2026-01-31 03:18:15.503581+00,25,proportional: imbalance=2.43MWh,2.4285300947332185,2026-01-31 03:18:15.50976+00
2026-01-31 03:21:15.594279+00,34,proportional: imbalance=1.55MWh,1.546155618243656,2026-01-31 03:21:15.601064+00
2026-01-31 03:24:15.560549+00,31,proportional: imbalance=1.88MWh,1.875798033449625,2026-01-31 03:24:15.566396+00
2026-01-31 03:27:15.633739+00,48,proportional: imbalance=0.17MWh,0.16725541853457937,2026-01-31 03:27:15.644106+00
2026-01-31 03:30:15.587189+00,49,proportional: imbalance=0.06MWh,0.06472638360601714,2026-01-31 03:30:15.603445+00
2026-01-31 03:33:15.57034+00,24,proportional: imbalance=2.51MWh,2.5069084609122343,2026-01-31 03:33:15.584129+00
2026-01-31 03:36:15.584446+00,49,proportional: imbalance=0.07MWh,0.07235137307450934,2026-01-31 03:36:15.590665+00
2026-01-31 03:39:15.448101+00,48,proportional: imbalance=0.17MWh,0.16747301418161806,2026-01-31 03:39:15.453442+00
2026-01-31 03:42:15.474766+00,34,proportional: imbalance=1.51MWh,1.512611878983029,2026-01-31 03:42:15.48122+00
2026-01-31 03:45:15.484604+00,58,proportional: imbalance=-0.82MWh,-0.8170786732351033,2026-01-31 03:45:15.49126+00
2026-01-31 03:48:15.688662+00,45,proportional: imbalance=0.42MWh,0.42049322885954943,2026-01-31 03:48:15.694632+00
2026-01-31 03:51:15.660219+00,40,proportional: imbalance=0.96MWh,0.9627293577341735,2026-01-31 03:51:15.669824+00
2026-01-31 03:54:15.454073+00,23,proportional: imbalance=2.62MWh,2.6151738622742693,2026-01-31 03:54:15.459441+00
2026-01-31 03:57:15.569872+00,33,proportional: imbalance=1.64MWh,1.6374145388442938,2026-01-31 03:57:15.586707+00
2026-01-31 04:00:15.932823+00,72,proportional: imbalance=-2.26MWh,-2.26165319477526,2026-01-31 04:00:15.939451+00
2026-01-31 04:03:15.462186+00,93,proportional: imbalance=-4.38MWh,-4.378703502854799,2026-01-31 04:03:15.476779+00
2026-01-31 04:06:15.536189+00,38,proportional: imbalance=1.12MWh,1.119728784588959,2026-01-31 04:06:15.547012+00
2026-01-31 04:09:15.638293+00,26,proportional: imbalance=2.32MWh,2.319739620094088,2026-01-31 04:09:15.647188+00
2026-01-31 04:12:15.55611+00,30,proportional: imbalance=2.00MWh,1.9996860542501185,2026-01-31 04:12:15.563639+00
2026-01-31 04:15:15.526008+00,51,proportional: imbalance=-0.18MWh,-0.1771507815820542,2026-01-31 04:15:15.538932+00
2026-01-31 04:18:15.57206+00,36,proportional: imbalance=1.35MWh,1.3505021529560253,2026-01-31 04:18:15.584144+00
2026-01-31 04:21:15.683991+00,21,proportional: imbalance=2.86MWh,2.8592344932439326,2026-01-31 04:21:15.690134+00
2026-01-31 04:24:15.449771+00,33,proportional: imbalance=1.65MWh,1.6536100195457917,2026-01-31 04:24:15.455676+00
2026-01-31 04:27:15.441283+00,0,proportional: imbalance=4.95MWh,4.946504140628075,2026-01-31 04:27:15.457404+00
2026-01-31 04:30:14.550489+00,26,proportional: imbalance=2.36MWh,2.361084907001095,2026-01-31 04:30:14.557069+00
2026-01-31 04:33:15.618905+00,30,proportional: imbalance=1.91MWh,1.9099701104679108,2026-01-31 04:33:15.625413+00
2026-01-31 04:36:15.498547+00,45,proportional: imbalance=0.47MWh,0.4675345708021575,2026-01-31 04:36:15.504965+00
2026-01-31 04:39:15.756957+00,31,proportional: imbalance=1.89MWh,1.8876952738428379,2026-01-31 04:39:15.762601+00
2026-01-31 04:42:15.641068+00,32,proportional: imbalance=1.71MWh,1.7112745687026587,2026-01-31 04:42:15.654318+00
2026-01-31 04:45:15.685333+00,30,proportional: imbalance=2.00MWh,1.9966311013102978,2026-01-31 04:45:15.69167+00
2026-01-31 04:48:15.396454+00,8,proportional: imbalance=4.16MWh,4.160218500321077,2026-01-31 04:48:15.401928+00
2026-01-31 04:51:15.458622+00,0,imbalance=6.29MWh > 5.0MW,6.2875073764493274,2026-01-31 04:51:15.46504+00
2026-01-31 04:54:15.588483+00,0,imbalance=8.03MWh > 5.0MW,8.032585177357294,2026-01-31 04:54:15.594837+00
2026-01-31 04:57:15.70073+00,0,imbalance=8.29MWh > 5.0MW,8.291946666595312,2026-01-31 04:57:15.717192+00
2026-01-31 05:00:15.772642+00,0,imbalance=7.38MWh > 5.0MW,7.383904192864771,2026-01-31 05:00:15.779328+00
2026-01-31 05:03:14.443772+00,33,proportional: imbalance=1.64MWh,1.6395084548788224,2026-01-31 05:03:14.449918+00
2026-01-31 05:06:14.362926+00,0,imbalance=7.38MWh > 5.0MW,7.38467224895932,2026-01-31 05:06:14.370821+00
2026-01-31 05:09:15.431654+00,0,imbalance=6.24MWh > 5.0MW,6.24406097112084,2026-01-31 05:09:15.437081+00
2026-01-31 05:12:15.387303+00,3,proportional: imbalance=4.65MWh,4.653829432910152,2026-01-31 05:12:15.402734+00
2026-01-31 05:15:14.772076+00,2,proportional: imbalance=4.73MWh,4.725566908295619,2026-01-31 05:15:14.786133+00
2026-01-31 05:18:15.487069+00,0,imbalance=7.78MWh > 5.0MW,7.77875888179606,2026-01-31 05:18:15.497667+00
2026-01-31 05:21:15.591034+00,0,imbalance=7.29MWh > 5.0MW,7.286581459773096,2026-01-31 05:21:15.598647+00
2026-01-31 05:24:15.492826+00,0,imbalance=6.30MWh > 5.0MW,6.303347710803979,2026-01-31 05:24:15.498415+00
2026-01-31 05:27:14.352503+00,0,imbalance=7.35MWh > 5.0MW,7.346886999521158,2026-01-31 05:27:14.359737+00
2026-01-31 05:30:14.648282+00,0,imbalance=6.87MWh > 5.0MW,6.869803963842952,2026-01-31 05:30:14.657326+00
2026-01-31 05:33:15.569395+00,0,imbalance=9.28MWh > 5.0MW,9.280260177822106,2026-01-31 05:33:15.578883+00
2026-01-31 05:36:15.492758+00,0,imbalance=9.21MWh > 5.0MW,9.21171313085779,2026-01-31 05:36:15.510306+00
2026-01-31 05:39:15.465416+00,0,imbalance=9.76MWh > 5.0MW,9.759174378781811,2026-01-31 05:39:15.471425+00
2026-01-31 05:42:16.688106+00,0,imbalance=11.75MWh > 5.0MW,11.753837974205663,2026-01-31 05:42:16.698785+00
2026-01-31 05:45:15.603204+00,0,imbalance=11.98MWh > 5.0MW,11.976935616699352,2026-01-31 05:45:15.609312+00
2026-01-31 05:48:15.499883+00,0,imbalance=10.11MWh > 5.0MW,10.10730748016864,2026-01-31 05:48:15.505501+00
2026-01-31 05:51:15.663646+00,0,imbalance=12.31MWh > 5.0MW,12.305860123742418,2026-01-31 05:51:15.67025+00
2026-01-31 05:54:15.735533+00,0,imbalance=13.44MWh > 5.0MW,13.43655406106292,2026-01-31 05:54:15.747392+00
2026-01-31 05:57:15.489301+00,0,imbalance=11.69MWh > 5.0MW,11.686890421519978,2026-01-31 05:57:15.498615+00
2026-01-31 06:00:16.205443+00,0,imbalance=5.06MWh > 5.0MW,5.061756407606402,2026-01-31 06:00:16.214901+00
2026-01-31 06:03:15.473106+00,0,imbalance=10.48MWh > 5.0MW,10.476745766812426,2026-01-31 06:03:15.478578+00
2026-01-31 06:06:16.226511+00,0,imbalance=5.58MWh > 5.0MW,5.575548100877215,2026-01-31 06:06:16.241044+00
2026-01-31 06:09:15.685864+00,20,proportional: imbalance=2.94MWh,2.9367091151585503,2026-01-31 06:09:15.691326+00
2026-01-31 06:12:15.618132+00,24,proportional: imbalance=2.60MWh,2.5961840908788822,2026-01-31 06:12:15.625124+00
2026-01-31 06:15:15.549056+00,19,proportional: imbalance=3.01MWh,3.007383479124982,2026-01-31 06:15:15.557006+00
2026-01-31 06:18:15.630542+00,29,proportional: imbalance=2.03MWh,2.034899176355397,2026-01-31 06:18:15.652009+00
2026-01-31 06:21:15.64613+00,34,proportional: imbalance=1.54MWh,1.539045321928285,2026-01-31 06:21:15.6533+00
2026-01-31 06:24:15.422444+00,34,proportional: imbalance=1.57MWh,1.5700045024817864,2026-01-31 06:24:15.438388+00
2026-01-31 06:27:15.527789+00,45,proportional: imbalance=0.46MWh,0.461925814957879,2026-01-31 06:27:15.545651+00
2026-01-31 06:30:15.450535+00,24,proportional: imbalance=2.57MWh,2.5702591754707926,2026-01-31 06:30:15.466617+00
2026-01-31 06:33:15.53869+00,30,proportional: imbalance=1.98MWh,1.983032848006999,2026-01-31 06:33:15.551332+00
2026-01-31 06:36:15.368902+00,27,proportional: imbalance=2.29MWh,2.285183881726072,2026-01-31 06:36:15.383715+00
2026-01-31 06:39:15.408205+00,25,proportional: imbalance=2.43MWh,2.43406632950833,2026-01-31 06:39:15.414577+00
2026-01-31 06:42:15.6493+00,16,proportional: imbalance=3.35MWh,3.3489169918108646,2026-01-31 06:42:15.664003+00
2026-01-31 06:45:15.652057+00,28,proportional: imbalance=2.14MWh,2.142087836785277,2026-01-31 06:45:15.661938+00
2026-01-31 06:48:15.528644+00,55,proportional: imbalance=-0.56MWh,-0.5645141321695522,2026-01-31 06:48:15.549168+00
2026-01-31 06:51:15.491013+00,39,proportional: imbalance=1.09MWh,1.0857920685972808,2026-01-31 06:51:15.498176+00
2026-01-31 06:54:15.42182+00,41,proportional: imbalance=0.89MWh,0.8875918530689677,2026-01-31 06:54:15.433553+00
2026-01-31 06:57:16.088375+00,25,proportional: imbalance=2.48MWh,2.481720221193127,2026-01-31 06:57:16.095006+00
2026-01-31 07:00:17.566262+00,44,proportional: imbalance=0.52MWh,0.5170571013226225,2026-01-31 07:00:17.574102+00
2026-01-31 07:03:15.462949+00,0,imbalance=6.44MWh > 5.0MW,6.4383083067187785,2026-01-31 07:03:15.476439+00
2026-01-31 07:06:18.305063+00,0,imbalance=10.42MWh > 5.0MW,10.415201803483995,2026-01-31 07:06:18.311345+00
2026-01-31 07:09:15.518236+00,0,imbalance=12.30MWh > 5.0MW,12.297002219650958,2026-01-31 07:09:15.524728+00
2026-01-31 07:12:15.658775+00,0,imbalance=11.61MWh > 5.0MW,11.613805127102,2026-01-31 07:12:15.712307+00
2026-01-31 07:15:15.69144+00,0,imbalance=7.85MWh > 5.0MW,7.8486072905843205,2026-01-31 07:15:15.699304+00
2026-01-31 07:18:15.541698+00,0,imbalance=9.84MWh > 5.0MW,9.837969517324467,2026-01-31 07:18:15.553775+00
2026-01-31 07:21:15.648302+00,0,imbalance=11.90MWh > 5.0MW,11.903656342476754,2026-01-31 07:21:15.655444+00
2026-01-31 07:24:15.707481+00,0,imbalance=11.89MWh > 5.0MW,11.891750446098332,2026-01-31 07:24:15.723044+00
2026-01-31 07:27:15.465948+00,0,imbalance=12.03MWh > 5.0MW,12.030984940984753,2026-01-31 07:27:15.4837+00
2026-01-31 07:30:15.838009+00,0,imbalance=12.58MWh > 5.0MW,12.57731251418794,2026-01-31 07:30:15.85408+00
2026-01-31 07:33:15.408151+00,0,imbalance=14.57MWh > 5.0MW,14.572600416560645,2026-01-31 07:33:15.413996+00
2026-01-31 07:36:15.449677+00,0,imbalance=14.00MWh > 5.0MW,14.001380814146943,2026-01-31 07:36:15.456005+00
2026-01-31 07:39:15.631743+00,0,imbalance=11.17MWh > 5.0MW,11.166156300699361,2026-01-31 07:39:15.637426+00
2026-01-31 07:42:15.59746+00,0,imbalance=10.71MWh > 5.0MW,10.712449486465333,2026-01-31 07:42:15.603822+00
2026-01-31 07:45:15.722382+00,0,imbalance=9.37MWh > 5.0MW,9.370745893552927,2026-01-31 07:45:15.729693+00
2026-01-31 07:48:15.46855+00,0,imbalance=10.31MWh > 5.0MW,10.312656887659324,2026-01-31 07:48:15.474336+00
2026-01-31 07:51:15.744697+00,0,imbalance=6.34MWh > 5.0MW,6.339877265790814,2026-01-31 07:51:15.751242+00
2026-01-31 07:54:15.421964+00,22,proportional: imbalance=2.70MWh,2.7049576603738803,2026-01-31 07:54:15.42824+00
2026-01-31 07:57:15.45431+00,13,proportional: imbalance=3.63MWh,3.633901316620483,2026-01-31 07:57:15.460516+00
2026-01-31 08:00:16.687943+00,0,imbalance=6.64MWh > 5.0MW,6.638832912894161,2026-01-31 08:00:16.69465+00
2026-01-31 08:03:15.56716+00,32,proportional: imbalance=1.75MWh,1.753486726315149,2026-01-31 08:03:15.58296+00
2026-01-31 08:06:15.426128+00,24,proportional: imbalance=2.55MWh,2.5469137972755167,2026-01-31 08:06:15.432532+00
2026-01-31 08:09:15.587541+00,37,proportional: imbalance=1.29MWh,1.2887866432732296,2026-01-31 08:09:15.59659+00
2026-01-31 08:12:15.757742+00,51,proportional: imbalance=-0.12MWh,-0.12180354668865608,2026-01-31 08:12:15.763929+00
2026-01-31 08:15:15.466397+00,24,proportional: imbalance=2.54MWh,2.5375258619015173,2026-01-31 08:15:15.473412+00
2026-01-31 08:18:15.43471+00,53,proportional: imbalance=-0.32MWh,-0.31829313052572866,2026-01-31 08:18:15.440858+00
2026-01-31 08:21:15.697699+00,45,proportional: imbalance=0.41MWh,0.41072157460908015,2026-01-31 08:21:15.704243+00
2026-01-31 08:24:15.73924+00,54,proportional: imbalance=-0.46MWh,-0.46103987531376966,2026-01-31 08:24:15.744752+00
2026-01-31 08:27:15.402441+00,72,proportional: imbalance=-2.29MWh,-2.294809379612607,2026-01-31 08:27:15.409884+00
2026-01-31 08:30:15.475319+00,59,proportional: imbalance=-0.99MWh,-0.9936507450319692,2026-01-31 08:30:15.489607+00
2026-01-31 08:33:15.462752+00,82,proportional: imbalance=-3.26MWh,-3.2605035572558076,2026-01-31 08:33:15.476862+00
2026-01-31 08:36:16.205693+00,94,proportional: imbalance=-4.43MWh,-4.4284272861594465,2026-01-31 08:36:16.212316+00
2026-01-31 08:39:15.692148+00,90,proportional: imbalance=-4.06MWh,-4.056334841910675,2026-01-31 08:39:15.706964+00
2026-01-31 08:42:15.602919+00,95,proportional: imbalance=-4.53MWh,-4.527658759126438,2026-01-31 08:42:15.620716+00
2026-01-31 08:45:15.646358+00,66,proportional: imbalance=-1.63MWh,-1.6343955427608943,2026-01-31 08:45:15.655134+00
2026-01-31 08:48:15.619918+00,57,proportional: imbalance=-0.78MWh,-0.7808977653686764,2026-01-31 08:48:15.625551+00
2026-01-31 08:51:15.54906+00,31,proportional: imbalance=1.89MWh,1.8914754231261794,2026-01-31 08:51:15.556483+00
2026-01-31 08:54:15.490961+00,25,proportional: imbalance=2.45MWh,2.446917459253989,2026-01-31 08:54:15.496502+00
2026-01-31 08:57:15.387697+00,4,proportional: imbalance=4.54MWh,4.536779667691853,2026-01-31 08:57:15.39445+00
2026-01-31 09:00:16.463853+00,29,proportional: imbalance=2.02MWh,2.0179885682339638,2026-01-31 09:00:16.470356+00
2026-01-31 09:03:15.463763+00,0,imbalance=10.05MWh > 5.0MW,10.046837553922735,2026-01-31 09:03:15.476122+00
2026-01-31 09:06:15.570785+00,0,imbalance=14.65MWh > 5.0MW,14.646350108341437,2026-01-31 09:06:15.577557+00
2026-01-31 09:09:15.606074+00,0,imbalance=13.88MWh > 5.0MW,13.881911094422541,2026-01-31 09:09:15.615665+00
2026-01-31 09:12:15.460629+00,0,imbalance=14.41MWh > 5.0MW,14.410124042941176,2026-01-31 09:12:15.467813+00
2026-01-31 09:15:16.277847+00,0,imbalance=9.15MWh > 5.0MW,9.146397979887828,2026-01-31 09:15:16.284611+00
2026-01-31 09:18:15.544033+00,0,imbalance=18.55MWh > 5.0MW,18.54887900264476,2026-01-31 09:18:15.557303+00
2026-01-31 09:21:15.735852+00,0,imbalance=19.05MWh > 5.0MW,19.050137579168855,2026-01-31 09:21:15.743719+00
2026-01-31 09:24:15.557952+00,0,imbalance=16.79MWh > 5.0MW,16.786868331514338,2026-01-31 09:24:15.564186+00
2026-01-31 09:27:15.606959+00,0,imbalance=17.69MWh > 5.0MW,17.69440706767144,2026-01-31 09:27:15.613454+00
2026-01-31 09:30:15.367352+00,0,imbalance=10.67MWh > 5.0MW,10.666238126934116,2026-01-31 09:30:15.375709+00
2026-01-31 09:33:15.713219+00,0,imbalance=22.08MWh > 5.0MW,22.078273114416785,2026-01-31 09:33:15.718633+00
2026-01-31 09:36:15.599109+00,0,imbalance=20.09MWh > 5.0MW,20.09012245619185,2026-01-31 09:36:15.606737+00
2026-01-31 09:39:15.758514+00,0,imbalance=19.70MWh > 5.0MW,19.70293666772701,2026-01-31 09:39:15.765188+00
2026-01-31 09:42:15.74707+00,0,imbalance=19.57MWh > 5.0MW,19.565463356309102,2026-01-31 09:42:15.757226+00
2026-01-31 09:45:15.528218+00,0,imbalance=13.08MWh > 5.0MW,13.077826291120878,2026-01-31 09:45:15.534268+00
2026-01-31 09:48:15.680831+00,0,imbalance=16.04MWh > 5.0MW,16.04412222737796,2026-01-31 09:48:15.687212+00
2026-01-31 09:51:15.529123+00,0,imbalance=16.90MWh > 5.0MW,16.90442478691531,2026-01-31 09:51:15.535155+00
2026-01-31 09:54:15.46467+00,0,imbalance=15.36MWh > 5.0MW,15.358940793333245,2026-01-31 09:54:15.480435+00
2026-01-31 09:57:15.522504+00,0,imbalance=16.09MWh > 5.0MW,16.09347234672128,2026-01-31 09:57:15.53624+00
2026-01-31 10:00:16.040179+00,0,imbalance=19.90MWh > 5.0MW,19.89857486798176,2026-01-31 10:00:16.053398+00
2026-01-31 10:03:15.603455+00,0,imbalance=21.04MWh > 5.0MW,21.039215322447188,2026-01-31 10:03:15.620064+00
2026-01-31 10:06:15.453006+00,0,imbalance=23.41MWh > 5.0MW,23.40827367206016,2026-01-31 10:06:15.48839+00
