Date;Settlement Term;System Imbalance (MWh);SREC (EUR/MWh);SREC price (EUR/MWh);System imbalance price (EUR/MWh);Imbalance Settlement Price (EUR/MWh);Payment of subject for imbalance (EUR);Payment of OKTE for imbalance (EUR);Payment for System Imbalance (EUR);Total Cost of RE (EUR);Payment for SREC (EUR);Balance of Revenues and Expenses for Imbalance and RE (EUR);Settlement in special mode
1/28/2026;1;-28.674;-5.3709;-5.3709;142.1880;142.1880;-6,084.2245;1,974.2804;-4,109.9441;3,718.9277;-544.7274;935.7439;No
1/28/2026;2;-28.033;-6.6193;-6.6193;149.6610;149.6610;-6,024.6036;1,794.4354;-4,230.1682;4,488.3745;-671.3426;413.1363;No
1/28/2026;3;-19.913;-3.2022;-3.2022;102.5560;127.8750;-3,767.7090;1,196.2706;-2,571.4384;2,113.6623;-324.7735;782.5496;No
1/28/2026;4;-24.099;-4.0392;-4.0392;104.9950;125.3230;-4,060.2146;1,011.2313;-3,048.9833;2,672.3018;-409.6637;786.3452;No
1/28/2026;5;-14.452;-2.2267;-2.2267;103.2780;129.9320;-3,424.7477;1,522.5432;-1,902.2045;1,434.9279;-208.6485;675.9251;No
1/28/2026;6;-8.499;-1.7355;-1.7355;123.3890;127.0610;-3,284.0186;2,178.9691;-1,105.0495;1,111.9627;-162.6216;155.7084;No
1/28/2026;7;-7.713;-1.4730;-1.4730;113.0570;123.3439;-3,576.2330;2,601.6929;-974.5402;1,005.7750;-138.0245;106.7897;No
1/28/2026;8;0.237;-0.0472;-0.0472;102.4720;102.4720;-2,806.2982;2,813.2663;6.9681;32.3807;-4.4228;-34.9260;No
1/28/2026;9;-11.330;-1.5209;-1.5209;93.3530;125.6750;-3,937.6491;2,513.2487;-1,424.4005;1,099.6168;-136.5525;461.3361;No
1/28/2026;10;-6.410;-0.7025;-0.7025;70.8180;123.3592;-3,287.0292;2,490.0055;-797.0238;499.7802;-63.0733;360.3169;No
1/28/2026;11;-9.794;-1.1892;-1.1892;87.6490;123.3592;-3,485.7609;2,267.7122;-1,218.0487;875.3633;-106.7711;449.4566;No
1/28/2026;12;-8.979;-1.3682;-1.3682;103.2800;123.3592;-2,940.2665;1,824.7293;-1,115.5372;998.4622;-122.8425;239.9175;No
1/28/2026;13;-5.640;-0.5731;-0.5731;81.9670;123.6510;-3,022.7723;2,312.6447;-710.1277;429.7893;-50.2786;330.6170;No
1/28/2026;14;-1.730;-0.3016;-0.3016;101.4460;123.5624;-2,689.7063;2,463.7107;-225.9956;225.6174;-26.4597;26.8379;No
1/28/2026;15;-0.046;-0.0237;-0.0237;103.4170;123.5624;-2,587.7673;2,568.2445;-19.5229;17.7652;-2.0792;3.8369;No
1/28/2026;16;-3.329;-0.4999;-0.4999;92.7040;123.5624;-2,807.8320;2,382.2831;-425.5489;376.3628;-43.8567;93.0428;No
1/28/2026;17;0.077;0.2264;0.2264;111.5860;109.8400;-2,095.5275;2,091.4634;-4.0641;-164.7559;21.1659;147.6541;No
1/28/2026;18;-3.161;-0.6024;-0.6024;111.9780;129.2830;-2,775.1889;2,354.3727;-420.8162;442.8358;-56.3178;34.2981;No
1/28/2026;19;-3.208;-0.5254;-0.5254;111.9650;130.4820;-3,027.9653;2,594.1126;-433.8527;365.8928;-49.1191;117.0790;No
1/28/2026;20;3.872;0.4403;0.4403;97.9440;97.9440;-1,708.8290;2,078.3717;369.5427;-306.4422;41.1632;-104.2637;No
1/28/2026;21;7.791;0.9577;0.9577;96.4290;96.4290;-1,195.7196;1,936.1015;740.3819;-657.6778;102.1349;-184.8389;No
1/28/2026;22;6.744;0.8984;0.8984;103.9080;103.9080;-1,573.4788;2,262.7006;689.2218;-628.3473;95.8108;-156.6852;No
1/28/2026;23;5.126;0.9144;0.9144;102.3270;102.3270;-1,466.0389;1,980.9484;514.9095;-656.2351;97.5171;43.8085;No
1/28/2026;24;9.736;0.9069;0.9069;74.0860;74.0860;-1,057.3554;1,770.8777;713.5223;-669.8289;96.7173;-140.4106;No
1/28/2026;25;14.961;1.7369;1.7369;73.0370;73.0370;-799.4630;1,884.6467;1,085.1837;-1,355.3228;213.3208;56.8182;No
1/28/2026;26;9.878;1.0988;1.0988;103.6270;103.6270;-1,319.8971;2,330.7785;1,010.8814;-895.0168;134.9513;-250.8159;No
1/28/2026;27;4.838;1.0258;1.0258;112.9650;112.9650;-1,773.5505;2,303.6952;530.1447;-863.3987;125.9857;207.2683;No
1/28/2026;28;4.530;0.8482;0.8482;164.8900;158.0148;-2,964.5157;3,651.4060;686.8903;-725.6077;104.1734;-65.4560;No
1/28/2026;29;-9.787;-1.4215;-1.4215;159.2890;225.9527;-6,021.1875;3,770.2468;-2,250.9408;1,235.9650;-186.1184;1,201.0942;No
1/28/2026;30;-6.081;-1.2177;-1.2177;178.8980;233.1560;-6,656.3706;5,198.6793;-1,457.6913;1,068.5876;-159.4347;548.5384;No
1/28/2026;31;-12.443;-2.4827;-2.4827;176.9610;251.0970;-7,878.1684;4,693.0029;-3,185.1654;2,190.4605;-325.0624;1,319.7673;No
1/28/2026;32;-1.945;-0.4858;-0.4858;154.7200;259.8640;-8,908.9175;8,332.0194;-576.8981;431.4055;-63.6063;209.0989;No
1/28/2026;33;-0.421;-0.3649;-0.3649;143.3330;248.6000;-5,627.3096;5,477.4038;-149.9058;325.0041;-49.3327;-125.7656;No
1/28/2026;34;1.143;0.1634;0.1634;132.2690;132.2690;-2,689.1610;2,814.2875;125.1265;-146.3736;22.0909;-0.8437;No
1/28/2026;35;-4.664;-0.8686;-0.8686;158.1750;264.2090;-5,788.8192;4,485.4762;-1,303.3430;798.0673;-117.4304;622.7061;No
1/28/2026;36;3.465;0.4090;0.4090;133.1130;133.1130;-2,831.1804;3,260.7360;429.5557;-375.8514;55.2948;-108.9990;No
1/28/2026;37;3.612;0.2743;0.2743;140.4640;140.4640;-2,984.0172;3,465.2469;481.2297;-255.8291;39.0633;-264.4639;No
1/28/2026;38;2.725;0.3332;0.3332;119.7820;119.7820;-3,148.1105;3,451.8777;303.7672;-311.8937;47.4513;-39.3248;No
1/28/2026;39;-1.574;-0.3270;-0.3270;138.2650;237.4790;-6,520.6984;6,109.8597;-410.8387;302.9768;-46.5684;154.4303;No
1/28/2026;40;-0.902;-0.3948;-0.3948;155.6610;210.3640;-4,978.2641;4,758.2233;-220.0407;361.6985;-56.2239;-85.4339;No
1/28/2026;41;2.418;0.4574;0.4574;130.7920;130.7920;-2,612.7010;2,895.3425;282.6415;-409.1642;66.0751;60.4476;No
1/28/2026;42;3.726;0.2926;0.2926;97.1720;97.1720;-2,432.7010;2,768.9161;336.2151;-259.4804;42.2684;-119.0031;No
1/28/2026;43;5.465;0.7978;0.7978;126.0930;126.0930;-3,041.6153;3,690.1116;648.4963;-716.9963;115.2486;-46.7486;No
1/28/2026;44;17.658;2.8270;2.8270;133.1530;133.1530;-3,008.5920;5,314.0031;2,305.4110;-2,533.0742;408.3828;-180.7196;No
1/28/2026;45;10.239;1.6481;1.6481;152.5950;152.5950;-3,895.7504;5,436.6547;1,540.9043;-1,522.3405;251.5858;-270.1496;No
1/28/2026;46;6.771;0.9248;0.9248;137.0330;137.0330;-3,516.2668;4,418.6291;902.3623;-847.4865;141.1726;-196.0484;No
1/28/2026;47;12.097;1.9754;1.9754;138.1600;138.1600;-3,191.4960;4,835.4618;1,643.9658;-1,801.6855;301.5488;-143.8291;No
1/28/2026;48;23.577;4.1893;4.1893;165.1280;165.1280;-2,646.5065;6,502.7406;3,856.2342;-3,791.9703;639.5050;-703.7689;No
1/28/2026;49;35.056;6.1755;6.1755;161.4920;157.9745;-2,403.1081;7,905.9918;5,502.8837;-5,588.2468;915.7772;-830.4142;No
1/28/2026;50;31.947;4.9250;4.9250;139.9370;139.9370;-1,943.8649;6,377.4888;4,433.6240;-4,447.3275;730.3381;-716.6346;No
1/28/2026;51;30.195;4.7395;4.7395;136.8660;136.8660;-1,366.6070;5,470.3972;4,103.7901;-4,232.9994;702.8299;-573.6207;No
1/28/2026;52;16.482;3.4661;3.4661;181.2470;162.3084;-3,489.7929;6,130.2260;2,640.4331;-3,087.2026;513.9949;-67.2254;No
1/28/2026;53;26.142;5.5893;5.5893;191.7330;160.9550;-2,946.7641;7,119.6835;4,172.9193;-5,028.0702;816.4570;38.6939;No
1/28/2026;54;10.100;1.2788;1.2788;143.1340;143.1340;-3,458.5468;4,868.2736;1,409.7268;-1,142.9046;186.8007;-453.6229;No
1/28/2026;55;19.334;3.7050;3.7050;161.6590;161.6590;-2,850.5331;5,929.9754;3,079.4423;-3,269.4723;541.2079;-351.1779;No
1/28/2026;56;11.975;2.2239;2.2239;172.4230;162.7290;-3,798.2576;5,699.9087;1,901.6511;-1,952.0165;324.8562;-274.4908;No
1/28/2026;57;-1.295;-0.0290;-0.0290;190.2650;190.2650;-7,294.7601;6,996.6148;-298.1453;25.4439;-4.2480;276.9494;No
1/28/2026;58;3.772;0.8384;0.8384;191.6670;164.1458;-3,808.3467;4,388.6021;580.2554;-732.9793;122.8122;29.9117;No
1/28/2026;59;-0.939;-0.2426;-0.2426;190.3890;219.8790;-7,336.9225;7,072.1882;-264.7343;211.1747;-35.5370;89.0966;No
1/28/2026;60;-1.332;-0.5241;-0.5241;179.6990;214.9620;-5,797.7401;5,458.9600;-338.7801;458.0892;-76.7723;-42.5368;No
1/28/2026;61;-4.219;-0.8182;-0.8182;141.7810;206.7610;-7,346.2183;6,405.2490;-940.9693;697.0500;-123.8853;367.8046;No
1/28/2026;62;-4.593;-0.9547;-0.9547;188.0240;207.3170;-6,441.5465;5,426.3152;-1,015.2313;811.5496;-144.5530;348.2348;No
1/28/2026;63;-7.965;-1.5296;-1.5296;164.8380;237.8750;-7,891.7410;5,910.7180;-1,981.0230;1,303.4689;-231.5998;909.1539;No
1/28/2026;64;2.033;0.1677;0.1677;137.9110;137.9110;-3,739.3189;3,983.0076;243.6887;-144.4871;25.3918;-124.5934;No
1/28/2026;65;-7.118;-1.0067;-1.0067;134.1290;211.4860;-7,775.4943;6,252.5836;-1,522.9107;891.7667;-167.7877;798.9317;No
1/28/2026;66;-3.471;-0.5240;-0.5240;129.4240;217.0960;-7,109.6769;6,334.2100;-775.4669;466.4823;-87.3356;396.3202;No
1/28/2026;67;0.945;0.2744;0.2744;145.5970;145.5970;-3,597.7019;3,717.5282;119.8263;-247.4204;45.7345;81.8595;No
1/28/2026;68;0.255;-0.1631;-0.1631;106.8300;106.8300;-2,203.3688;2,218.2181;14.8494;146.9747;-27.1840;-134.6400;No
1/28/2026;69;-1.455;-0.1293;-0.1293;132.5580;216.2820;-3,848.0893;3,499.0102;-349.0791;116.6076;-23.8994;256.3710;No
1/28/2026;70;-1.504;-0.3630;-0.3630;140.5720;224.8730;-4,521.2965;4,153.1794;-368.1171;327.2475;-67.0958;107.9654;No
1/28/2026;71;11.960;1.4652;1.4652;39.4740;39.4740;-808.4670;1,274.8918;466.4248;-1,308.4451;270.8232;571.1971;No
1/28/2026;72;5.557;0.7435;0.7435;134.0360;134.0360;-2,599.2261;3,324.6289;725.4028;-662.6596;137.4263;-200.1695;No
1/28/2026;73;-22.915;-3.9208;-3.9208;150.4610;190.9160;-7,159.3500;2,759.4999;-4,399.8501;3,489.5055;-748.5866;1,658.9312;No
1/28/2026;74;-23.618;-4.2808;-4.2808;163.4760;189.9906;-6,671.7099;2,161.1431;-4,510.5668;3,765.9326;-817.3203;1,561.9545;No
1/28/2026;75;-18.474;-3.3322;-3.3322;154.2010;189.3409;-5,825.4515;2,299.7346;-3,525.7169;2,931.5746;-636.2069;1,230.3492;No
1/28/2026;76;-13.469;-3.3146;-3.3146;207.0710;207.0710;-6,707.6509;3,886.5156;-2,821.1353;2,914.3111;-632.8466;539.6708;No
1/28/2026;77;-10.767;-1.9528;-1.9528;163.9910;186.7030;-5,766.3222;3,721.7376;-2,044.5846;1,713.9543;-363.2696;693.8999;No
1/28/2026;78;-18.100;-2.5033;-2.5033;127.5780;183.4800;-6,434.4601;3,081.3631;-3,353.0970;2,201.1705;-465.6764;1,617.6029;No
1/28/2026;79;-12.408;-2.3139;-2.3139;159.1870;177.3200;-5,342.2970;3,111.6114;-2,230.6856;2,016.4189;-430.4432;644.7099;No
1/28/2026;80;-10.864;-2.0205;-2.0205;164.8590;170.9532;-5,532.7294;3,645.5770;-1,887.1524;1,748.2329;-375.8635;514.7830;No
1/28/2026;81;-15.321;-2.8004;-2.8004;168.8240;178.3870;-5,974.0022;3,213.4634;-2,760.5388;2,416.5355;-492.5344;836.5377;No
1/28/2026;82;-13.424;-2.4236;-2.4236;134.0780;168.4650;-5,383.8045;3,095.0390;-2,288.7655;2,075.0208;-426.2628;640.0075;No
1/28/2026;83;-16.903;-2.2485;-2.2485;110.5260;154.2891;-4,821.2258;2,191.6767;-2,629.5491;1,875.7220;-395.4662;1,149.2933;No
1/28/2026;84;-14.452;-2.1543;-2.1543;122.0650;151.7941;-5,065.8245;2,852.2111;-2,213.6134;1,768.5533;-378.8983;823.9583;No
1/28/2026;85;-0.162;-0.2010;-0.2010;116.8050;166.8920;-2,890.5694;2,842.3377;-48.2318;161.1596;-31.3118;-81.6160;No
1/28/2026;86;0.112;-0.0749;-0.0749;96.0190;96.0190;-1,613.5033;1,612.9272;-0.5761;58.8765;-11.6679;-46.6325;No
1/28/2026;87;0.132;-0.0935;-0.0935;104.6040;104.6040;-1,691.3421;1,687.3671;-3.9750;73.1338;-14.5654;-54.5934;No
1/28/2026;88;-0.618;-0.1453;-0.1453;130.1670;139.5313;-2,918.4367;2,812.1138;-106.3229;110.5050;-22.6348;18.4527;No
1/28/2026;89;0.608;0.0492;0.0492;111.4680;111.4680;-1,705.2375;1,755.7325;50.4950;-36.7300;6.6174;-20.3824;No
1/28/2026;90;2.745;0.5009;0.5009;117.3060;117.3060;-1,991.2694;2,291.9246;300.6553;-368.2560;67.3705;0.2302;No
1/28/2026;91;4.664;0.6919;0.6919;110.5750;110.5750;-1,634.6302;2,136.8619;502.2317;-497.5635;93.0599;-97.7280;No
1/28/2026;92;6.148;0.7589;0.7589;107.7540;107.7540;-1,528.3827;2,178.5704;650.1876;-538.6301;102.0713;-213.6288;No
1/28/2026;93;1.120;0.0947;0.0947;99.2990;99.2990;-1,844.2803;1,941.6926;97.4123;-68.0851;10.7120;-40.0392;No
1/28/2026;94;4.613;0.5044;0.5044;89.2910;89.2910;-1,785.1950;2,185.0401;399.8451;-358.4547;57.0552;-98.4456;No
1/28/2026;95;5.043;0.6888;0.6888;105.2610;105.2610;-2,268.3746;2,781.4167;513.0421;-520.2921;77.9136;-70.6636;No
1/28/2026;96;2.527;0.2996;0.2996;116.5360;104.0100;-2,167.7764;2,407.4155;239.6390;-224.1017;33.8893;-49.4266;No
1/29/2026;1;-2.052;-0.2791;-0.2791;98.0210;120.2630;-2,450.2384;2,171.3485;-278.8899;185.5943;-28.5586;121.8542;No
1/29/2026;2;2.897;0.1216;0.1216;98.3190;98.3190;-1,903.9474;2,164.0995;260.1521;-79.9181;12.4426;-192.6766;No
1/29/2026;3;-0.202;-0.1391;-0.1391;96.3620;119.0825;-2,663.3992;2,611.3601;-52.0391;99.4991;-14.2333;-33.2268;No
1/29/2026;4;-3.776;-0.6034;-0.6034;103.8370;119.0825;-2,639.3445;2,159.9184;-479.4261;430.4825;-61.7423;110.6859;No
1/29/2026;5;-6.749;-0.8385;-0.8385;101.3170;118.3826;-2,855.0332;2,029.4329;-825.6003;574.2543;-77.4296;328.7756;No
1/29/2026;6;-5.476;-0.9745;-0.9745;112.8540;118.3826;-2,663.2534;1,986.5784;-676.6749;662.6266;-89.9883;104.0366;No
1/29/2026;7;-5.222;-0.6953;-0.6953;87.2470;118.3826;-2,880.6038;2,235.4186;-645.1852;469.0613;-64.2061;240.3300;No
1/29/2026;8;-4.237;-0.7385;-0.7385;116.2860;118.3826;-2,803.7735;2,274.1297;-529.6438;495.5455;-68.1953;102.2936;No
1/29/2026;9;2.081;0.3407;0.3407;119.9310;103.2200;-1,880.9781;2,087.9342;206.9561;-235.1616;30.7713;-2.5658;No
1/29/2026;10;6.039;0.8658;0.8658;104.0340;102.8100;-1,903.4243;2,515.7607;612.3364;-592.3865;78.1973;-98.1472;No
1/29/2026;11;4.972;0.6955;0.6955;98.7070;98.7070;-1,731.7156;2,213.5045;481.7889;-490.1962;62.8162;-54.4088;No
1/29/2026;12;5.791;0.9568;0.9568;109.8170;100.2300;-1,849.3437;2,416.1444;566.8007;-673.0739;86.4163;19.8570;No
1/29/2026;13;4.209;1.0961;1.0961;135.9760;100.0300;-2,155.0463;2,560.9681;405.9217;-794.8885;98.5394;290.4274;No
1/29/2026;14;3.083;0.3776;0.3776;122.1560;100.0000;-2,101.4000;2,396.3000;294.9000;-275.2213;33.9462;-53.6249;No
1/29/2026;15;1.551;0.0706;0.0706;91.1200;91.1200;-1,873.8828;2,001.7242;127.8414;-51.6725;6.3469;-82.5158;No
1/29/2026;16;0.340;-0.0131;-0.0131;100.0270;100.0270;-2,018.8449;2,037.7500;18.9051;9.5958;-1.1777;-27.3232;No
1/29/2026;17;-0.128;0.0576;0.0576;103.3110;115.8242;-2,445.7438;2,416.5561;-29.1877;-42.1975;5.3786;66.0066;No
1/29/2026;18;0.573;0.1467;0.1467;108.4240;101.3000;-1,892.9931;1,935.7417;42.7486;-107.5094;13.6986;51.0622;No
1/29/2026;19;2.043;0.0122;0.0122;44.7070;44.7070;-777.5889;862.8898;85.3010;-8.4603;1.1392;-77.9799;No
1/29/2026;20;6.826;0.2840;0.2840;26.0240;26.0240;-390.8805;565.0331;174.1526;-198.4587;26.5194;-2.2133;No
1/29/2026;21;9.845;1.8336;1.8336;121.2080;101.5700;-1,363.5773;2,348.6031;985.0259;-1,333.7699;192.7095;156.0345;No
1/29/2026;22;9.095;1.2859;1.2859;105.6160;105.6160;-1,420.2184;2,367.2770;947.0587;-948.2098;135.1468;-133.9957;No
1/29/2026;23;9.846;1.3362;1.3362;87.4310;87.4310;-1,305.4323;2,156.3108;850.8785;-947.3599;140.4333;-43.9519;No
1/29/2026;24;5.670;0.8442;0.8442;102.0900;102.0900;-1,735.9384;2,303.3546;567.4162;-616.5854;88.7246;-39.5554;No
1/29/2026;25;7.367;0.9469;0.9469;82.9130;82.9130;-1,979.2991;2,579.1747;599.8756;-735.1661;116.5634;18.7272;No
1/29/2026;26;-5.686;-0.8577;-0.8577;135.3020;139.4140;-4,706.0590;3,894.8089;-811.2501;704.2832;-105.5829;212.5497;No
1/29/2026;27;-3.595;-0.5712;-0.5712;170.5880;170.5880;-4,182.6472;3,546.5245;-636.1227;483.2208;-70.3147;223.2166;No
1/29/2026;28;-6.942;-1.4175;-1.4175;167.4990;179.0309;-5,413.8944;4,147.9669;-1,265.9275;1,212.6208;-174.4943;227.8009;No
1/29/2026;29;-4.166;-0.6211;-0.6211;144.4350;205.7949;-6,260.0751;5,379.8903;-880.1848;536.5473;-81.9262;425.5637;No
1/29/2026;30;-8.574;-1.4708;-1.4708;152.2120;205.7949;-6,433.5602;4,642.1156;-1,791.4446;1,282.1314;-194.0059;703.3191;No
1/29/2026;31;-5.851;-0.7255;-0.7255;143.6320;206.1344;-5,245.2959;4,014.6736;-1,230.6224;633.6972;-95.6971;692.6222;No
1/29/2026;32;-4.740;-0.7201;-0.7201;154.6100;209.7982;-5,783.7168;4,763.0485;-1,020.6682;632.8133;-94.9848;482.8397;No
1/29/2026;33;-10.652;-1.7700;-1.7700;164.3650;210.4008;-6,916.7159;4,645.8601;-2,270.8558;1,568.4560;-244.5910;946.9908;No
1/29/2026;34;-3.551;-0.6054;-0.6054;182.9160;208.2414;-6,376.3517;5,609.1904;-767.1613;541.2505;-83.6584;309.5692;No
1/29/2026;35;-11.209;-2.1306;-2.1306;179.6450;211.2259;-7,456.4855;5,047.0317;-2,409.4538;1,948.4733;-294.4212;755.4018;No
1/29/2026;36;-8.146;-1.5393;-1.5393;180.3080;212.4207;-7,138.6100;5,365.1096;-1,773.5004;1,418.5244;-212.7112;567.6873;No
1/29/2026;37;-21.700;-4.6007;-4.6007;195.0890;245.1090;-10,615.6708;5,250.9701;-5,364.7007;4,308.8315;-662.6894;1,718.5586;No
1/29/2026;38;-1.217;-0.1728;-0.1728;190.3090;224.3561;-5,700.2154;5,389.2579;-310.9576;160.8822;-24.8903;174.9656;No
1/29/2026;39;-0.233;-0.2047;-0.2047;190.9670;222.2799;-5,758.6054;5,670.1380;-88.4674;188.7066;-29.4852;-70.7540;No
1/29/2026;40;-4.740;-1.1828;-1.1828;216.6390;222.5667;-6,688.1293;5,591.5432;-1,096.5861;1,082.4370;-170.3717;184.5208;No
1/29/2026;41;2.783;0.0849;0.0849;132.4310;132.4310;-3,715.4841;3,856.2583;140.7742;-76.4812;12.3421;-76.6350;No
1/29/2026;42;0.205;0.2811;0.2811;140.6530;140.6530;-4,511.3043;4,300.4655;-210.8388;-251.6771;40.8641;421.6519;No
1/29/2026;43;-7.261;-0.6030;-0.6030;292.9060;292.9060;-10,908.1123;8,259.9492;-2,648.1631;546.0134;-87.6593;2,189.8091;No
1/29/2026;44;4.460;-0.2802;-0.2802;124.2010;124.2010;-4,507.2543;4,842.7212;335.4669;252.7702;-40.7332;-547.5039;No
1/29/2026;45;-12.770;-1.8707;-1.8707;158.3640;222.5556;-10,021.0110;6,776.1504;-3,244.8606;1,753.6013;-279.8941;1,771.1535;No
1/29/2026;46;1.581;0.7803;0.7803;168.3120;168.3120;-5,971.2048;5,942.0868;-29.1180;-722.9875;116.7485;635.3570;No
1/29/2026;47;0.042;-0.4323;-0.4323;133.4900;133.4900;-3,484.3560;3,446.8453;-37.5107;398.5842;-64.6807;-296.3928;No
1/29/2026;48;-3.769;-0.2309;-0.2309;172.1770;211.3076;-7,804.6462;6,930.0440;-874.6022;211.9451;-34.5473;697.2043;No
1/29/2026;49;-2.389;-0.7874;-0.7874;129.4640;221.7765;-6,977.5322;6,353.4532;-624.0791;727.7728;-113.7769;10.0832;No
1/29/2026;50;3.854;0.6049;0.6049;129.5090;129.5090;-2,734.4530;3,174.2656;439.8126;-552.1439;87.4062;24.9251;No
1/29/2026;51;-1.580;-0.1497;-0.1497;101.0850;204.5716;-5,874.8872;5,448.9691;-425.9181;137.4495;-21.6312;310.0998;No
1/29/2026;52;2.098;0.6145;0.6145;121.3920;121.3920;-2,956.8663;3,157.0417;200.1754;-558.7746;88.7934;269.8058;No
1/29/2026;53;-16.590;-2.5725;-2.5725;166.9820;209.3553;-8,484.9610;4,914.4063;-3,570.5546;2,351.8062;-371.3841;1,590.1325;No
1/29/2026;54;-20.258;-4.5525;-4.5525;215.1090;222.1102;-8,843.0955;4,239.4174;-4,603.6781;4,138.1888;-657.2308;1,122.7201;No
1/29/2026;55;-17.376;-3.6990;-3.6990;198.7280;221.0201;-8,172.6602;4,238.2814;-3,934.3788;3,325.2300;-534.0135;1,143.1623;No
1/29/2026;56;-15.197;-3.3105;-3.3105;184.3770;220.8935;-8,445.8630;5,004.1213;-3,441.7416;2,947.8340;-477.9270;971.8346;No
1/29/2026;57;-20.046;-4.1268;-4.1268;192.9790;212.4487;-8,845.5141;4,505.3996;-4,340.1145;3,667.0459;-606.3920;1,279.4606;No
1/29/2026;58;-8.978;-1.7335;-1.7335;199.0680;214.9533;-8,340.4030;6,331.0195;-2,009.3834;1,524.4956;-254.7205;739.6083;No
1/29/2026;59;-13.041;-2.8056;-2.8056;189.7420;214.1133;-9,147.7766;6,287.4371;-2,860.3396;2,476.1347;-412.2549;796.4597;No
1/29/2026;60;-13.675;-2.9832;-2.9832;164.7500;220.1340;-10,774.8989;7,709.0927;-3,065.8062;2,624.7666;-438.3514;879.3910;No
1/29/2026;61;-16.431;-2.6013;-2.6013;144.9380;217.3077;-7,701.3849;4,061.2636;-3,640.1213;2,247.4608;-394.9970;1,787.6575;No
1/29/2026;62;-14.561;-2.2587;-2.2587;149.1600;220.6094;-8,283.4418;5,009.5983;-3,273.8435;1,960.7760;-342.9746;1,656.0421;No
1/29/2026;63;-10.164;-1.6975;-1.6975;133.0480;223.9717;-7,811.0130;5,467.8211;-2,343.1919;1,475.8941;-257.7586;1,125.0564;No
1/29/2026;64;-10.669;-1.5784;-1.5784;124.4090;220.6094;-7,671.9125;5,264.6227;-2,407.2898;1,375.7018;-239.6737;1,271.2617;No
1/29/2026;65;-8.313;-0.9814;-0.9814;105.9380;199.3034;-5,905.9577;4,237.3896;-1,668.5681;877.1842;-164.2942;955.6781;No
1/29/2026;66;-7.143;-0.7436;-0.7436;101.7320;201.6870;-5,613.3526;4,159.5927;-1,453.7599;668.3124;-124.4846;909.9321;No
1/29/2026;67;-4.744;-0.4360;-0.4360;110.3900;202.0202;-5,342.4242;4,367.2727;-975.1515;393.3296;-72.9899;654.8118;No
1/29/2026;68;-5.594;-0.5157;-0.5157;116.2740;204.4269;-6,026.3006;4,865.1558;-1,161.1448;468.1030;-86.3323;779.3741;No
1/29/2026;69;-9.848;-1.6134;-1.6134;160.8920;207.1418;-7,352.9125;5,284.3945;-2,068.5180;1,457.9062;-298.9098;909.5216;No
1/29/2026;70;-10.219;-1.6560;-1.6560;145.0800;209.3676;-7,666.6228;5,504.9023;-2,161.7205;1,496.4221;-306.8022;972.1005;No
1/29/2026;71;-6.008;-0.8837;-0.8837;152.9740;209.3676;-7,477.3545;6,190.7906;-1,286.5639;791.4125;-163.7204;658.8718;No
1/29/2026;72;-2.079;-0.4176;-0.4176;176.7900;205.6031;-5,934.3223;5,478.2946;-456.0277;374.6583;-77.3675;158.7369;No
1/29/2026;73;-5.243;-0.9867;-0.9867;179.1080;190.4026;-5,914.2856;4,885.9211;-1,028.3644;887.9732;-187.7927;328.1839;No
1/29/2026;74;-4.864;-0.8634;-0.8634;177.2710;190.9645;-5,500.9234;4,545.9099;-955.0135;774.5034;-164.3257;344.8358;No
1/29/2026;75;2.275;0.3189;0.3189;170.1560;160.6900;-3,809.7992;4,152.8724;343.0732;-283.3081;60.6943;-120.4594;No
1/29/2026;76;3.240;0.4461;0.4461;146.2900;146.2900;-3,353.1131;3,804.1252;451.0121;-397.5411;84.9035;-138.3745;No
1/29/2026;77;-4.853;-1.0074;-1.0074;175.5120;196.6944;-5,671.8797;4,685.2606;-986.6191;897.7092;-190.5134;279.4234;No
1/29/2026;78;5.691;1.1363;1.1363;155.9110;155.9110;-3,854.2758;4,728.7806;874.5048;-992.3508;214.8902;-97.0442;No
1/29/2026;79;-5.382;-0.8311;-0.8311;149.7440;199.1196;-6,146.8221;5,054.8502;-1,091.9719;728.3788;-157.1726;520.7657;No
1/29/2026;80;-4.976;-0.6029;-0.6029;117.9480;195.2764;-6,802.6487;5,807.9107;-994.7380;522.8376;-114.0168;585.9172;No
1/29/2026;81;-12.870;-2.3112;-2.3112;164.5700;177.4723;-5,580.9714;3,273.8315;-2,307.1399;2,018.8892;-412.5908;700.8415;No
1/29/2026;82;-5.814;-1.0783;-1.0783;177.3830;177.3830;-4,507.1246;3,452.7601;-1,054.3646;926.5298;-192.4960;320.3307;No
1/29/2026;83;-9.928;-1.9920;-1.9920;170.3220;170.3220;-5,097.7375;3,387.1936;-1,710.5438;1,683.5962;-355.6079;382.5555;No
1/29/2026;84;-11.822;-2.1516;-2.1516;148.3650;165.6235;-5,116.2755;3,138.5653;-1,977.7102;1,781.6602;-384.0993;580.1493;No
1/29/2026;85;-2.157;-0.0972;-0.0972;114.3740;159.0466;-3,609.4035;3,244.7097;-364.6939;78.4992;-15.2853;301.4799;No
1/29/2026;86;-8.388;-1.2236;-1.2236;148.9600;156.1336;-4,401.4062;3,073.0215;-1,328.3847;977.6364;-192.4184;543.1667;No
1/29/2026;87;-7.791;-1.4085;-1.4085;169.3760;169.3760;-4,370.2396;3,021.6678;-1,348.5717;1,121.2747;-221.4951;448.7921;No
1/29/2026;88;-10.582;-2.9501;-2.9501;189.7630;189.7630;-6,680.0371;4,642.1723;-2,037.8649;2,275.3364;-463.9209;226.4494;No
1/29/2026;89;-3.509;-0.6776;-0.6776;144.5770;148.1750;-3,561.0898;3,021.2883;-539.8015;512.6497;-92.7262;119.8780;No
1/29/2026;90;-6.267;-1.2466;-1.2466;152.6420;156.1201;-3,795.1235;2,793.3008;-1,001.8227;930.3966;-170.5910;242.0171;No
1/29/2026;91;-4.340;-0.8878;-0.8878;154.0530;154.0530;-2,791.9025;2,104.9802;-686.9223;671.5547;-121.4910;136.8586;No
1/29/2026;92;-2.614;-0.5450;-0.5450;140.6590;140.6590;-2,940.8984;2,556.3367;-384.5617;403.6214;-74.5805;55.5208;No
1/29/2026;93;9.641;1.1565;1.1565;90.2260;90.2260;-972.4558;1,830.4149;857.9590;-814.0307;132.9882;-176.9166;No
1/29/2026;94;9.107;0.7506;0.7506;65.0460;65.0460;-1,046.1999;1,628.5567;582.3568;-525.1999;86.3130;-143.4699;No
1/29/2026;95;1.510;-0.0181;-0.0181;91.0020;91.0020;-1,816.5819;1,936.1586;119.5766;13.9379;-2.0814;-131.4332;No
1/29/2026;96;0.505;-0.1370;-0.1370;91.6860;91.6860;-2,068.0694;2,092.7330;24.6635;104.2005;-15.7539;-113.1101;No
1/30/2026;1;-1.801;-0.1391;-0.1391;93.5880;137.5880;-3,152.1411;2,862.9311;-289.2100;94.9208;-14.2399;208.5291;No
1/30/2026;2;0.725;-0.0124;-0.0124;79.6090;79.6090;-1,170.2523;1,206.1560;35.9037;8.2598;-1.2694;-42.8940;No
1/30/2026;3;-3.895;-0.6954;-0.6954;102.8680;122.6365;-2,560.6501;2,050.1144;-510.5357;459.7450;-71.1895;121.9802;No
1/30/2026;4;-5.133;-0.6733;-0.6733;85.9460;118.6736;-2,428.0619;1,786.2750;-641.7868;437.8980;-68.9271;272.8159;No
1/30/2026;5;-8.455;-1.2097;-1.2097;117.7820;117.7820;-2,903.7974;1,875.7961;-1,028.0013;784.5098;-113.0840;356.5755;No
1/30/2026;6;-5.767;-0.9399;-0.9399;95.5100;115.1150;-2,416.2639;1,721.7751;-694.4888;605.9535;-87.8628;176.3981;No
1/30/2026;7;-5.327;-0.8604;-0.8604;92.6190;112.7170;-2,352.5165;1,721.0759;-631.4406;551.2062;-80.4311;160.6655;No
1/30/2026;8;0.836;0.0409;0.0409;72.4240;72.4240;-1,311.7435;1,352.5182;40.7747;-25.8489;3.8234;-18.7492;No
1/30/2026;9;-6.049;-0.7279;-0.7279;68.7220;114.6860;-2,072.0320;1,370.2683;-701.7636;490.3644;-65.2453;276.6446;No
1/30/2026;10;-1.781;-0.1321;-0.1321;54.2070;112.0570;-1,669.6493;1,457.1892;-212.4601;88.8151;-11.8408;135.4858;No
1/30/2026;11;0.114;-0.0755;-0.0755;31.0410;31.0410;-432.4322;431.4078;-1.0244;50.2978;-6.7674;-42.5060;No
1/30/2026;12;0.685;0.0319;0.0319;70.4070;70.4070;-1,081.6627;1,119.1193;37.4565;-21.3333;2.8594;-18.9826;No
1/30/2026;13;-2.800;-0.3610;-0.3610;67.4910;110.6319;-2,273.1536;1,942.8068;-330.3469;247.3659;-32.0019;114.9829;No
1/30/2026;14;-2.429;-0.4447;-0.4447;88.0390;110.6319;-2,214.9613;1,926.1014;-288.8599;307.4490;-39.4218;20.8327;No
1/30/2026;15;-3.862;-0.4501;-0.4501;73.3960;110.6319;-2,276.2513;1,830.6260;-445.6253;311.0428;-39.9005;174.4830;No
1/30/2026;16;-3.147;-0.4889;-0.4889;85.2850;110.6319;-2,376.7051;2,007.4158;-369.2893;338.4519;-43.3400;74.1774;No
1/30/2026;17;1.933;0.2515;0.2515;71.1220;71.1220;-1,367.6049;1,493.6331;126.0282;-174.8939;23.7431;25.1226;No
1/30/2026;18;0.140;-0.0831;-0.0831;47.1170;47.1170;-701.4308;699.1220;-2.3087;58.9422;-7.8451;-48.7883;No
1/30/2026;19;-20.467;-2.7314;-2.7314;98.8870;110.4617;-4,234.7702;1,954.3989;-2,280.3713;1,952.3488;-257.8605;585.8831;No
1/30/2026;20;-25.901;-3.2570;-3.2570;87.6450;111.3640;-4,623.0537;1,718.7920;-2,904.2618;2,357.4653;-307.4803;854.2768;No
1/30/2026;21;-3.175;-0.1719;-0.1719;120.2900;120.2900;-2,702.5554;2,299.1028;-403.4527;122.9281;-18.1767;298.7013;No
1/30/2026;22;1.676;0.0961;0.0961;75.2280;75.2280;-1,151.8911;1,264.2818;112.3906;-69.5135;10.1616;-53.0387;No
1/30/2026;23;-0.149;0.1168;0.1168;88.8980;118.2390;-2,261.5574;2,220.2919;-41.2654;-83.8857;12.3504;112.8007;No
1/30/2026;24;7.927;0.7787;0.7787;79.2050;79.2050;-1,504.3406;2,117.3081;612.9675;-574.2568;82.3397;-121.0504;No
1/30/2026;25;2.692;0.5102;0.5102;70.1610;70.1610;-1,458.2262;1,633.1376;174.9114;-400.4387;62.7225;162.8049;No
1/30/2026;26;2.132;0.2315;0.2315;136.4950;122.9066;-2,238.8666;2,475.9535;237.0868;-189.9413;28.4599;-75.6054;No
1/30/2026;27;-2.861;-0.6138;-0.6138;159.8230;159.8230;-3,648.7591;3,154.1069;-494.6522;518.3787;-75.4587;51.7322;No
1/30/2026;28;-2.630;-0.4136;-0.4136;156.4700;167.2220;-3,981.5558;3,503.8026;-477.7533;353.8214;-50.8467;174.7786;No
1/30/2026;29;-0.854;-0.0863;-0.0863;152.9380;161.2110;-2,819.0968;2,646.9234;-172.1733;75.7028;-11.5658;108.0363;No
1/30/2026;30;-1.691;-0.5133;-0.5133;154.5650;172.0620;-3,402.8702;3,075.7803;-327.0899;452.8401;-68.7914;-56.9588;No
1/30/2026;31;7.905;1.4015;1.4015;125.5860;125.5860;-2,136.8458;3,098.3322;961.4864;-1,231.6291;187.8262;82.3165;No
1/30/2026;32;1.620;0.2158;0.2158;132.8180;132.8180;-2,377.4422;2,555.8168;178.3746;-191.3451;28.9211;-15.9506;No
1/30/2026;33;14.021;1.9159;1.9159;130.8420;130.8420;-1,464.3837;3,258.7509;1,794.3672;-1,721.8092;277.4472;-350.0052;No
1/30/2026;34;7.293;1.3671;1.3671;152.4490;152.4490;-2,381.4058;3,447.9390;1,066.5332;-1,241.8944;197.9739;-22.6127;No
1/30/2026;35;11.584;2.0914;2.0914;155.6940;155.6940;-2,082.5629;3,826.1801;1,743.6171;-1,939.7392;302.8619;-106.7398;No
1/30/2026;36;6.646;1.3372;1.3372;175.4320;163.5900;-3,570.1882;4,602.2775;1,032.0893;-1,246.2516;193.6439;20.5183;No
1/30/2026;37;10.192;1.5964;1.5964;164.7540;160.2053;-2,784.6885;4,359.1862;1,574.4977;-1,503.2687;241.8291;-313.0580;No
1/30/2026;38;8.325;0.8518;0.8518;110.3030;110.3030;-2,100.5000;2,977.1883;876.6882;-805.9155;129.0341;-199.8068;No
1/30/2026;39;11.544;2.0505;2.0505;158.8460;157.4908;-2,911.0599;4,679.2092;1,768.1492;-1,916.3001;310.6179;-162.4671;No
1/30/2026;40;10.437;2.1088;2.1088;174.1950;155.1464;-2,888.5157;4,455.6495;1,567.1338;-1,954.2353;319.4495;67.6521;No
1/30/2026;41;4.722;0.9694;0.9694;160.3070;147.5313;-3,303.6684;3,930.3814;626.7130;-868.8340;151.2380;90.8830;No
1/30/2026;42;4.845;1.2454;1.2454;177.7310;147.6534;-3,054.3582;3,693.8451;639.4869;-1,109.9860;194.2973;276.2018;No
1/30/2026;43;0.499;0.0772;0.0772;184.7680;148.8781;-3,667.9097;3,656.7439;-11.1659;-69.8626;12.0441;68.9843;No
1/30/2026;44;15.877;1.9140;1.9140;133.3450;133.3450;-2,548.7563;4,591.8684;2,043.1121;-1,703.0372;298.6070;-638.6819;No
1/30/2026;45;9.529;1.5846;1.5846;156.2010;154.7821;-3,993.3782;5,411.6466;1,418.2684;-1,455.9069;256.9952;-219.3567;No
1/30/2026;46;6.011;0.6686;0.6686;109.9210;109.9210;-2,861.1337;3,476.5814;615.4477;-611.6287;108.4356;-112.2545;No
1/30/2026;47;4.539;0.4294;0.4294;112.3880;112.3880;-2,978.7316;3,439.7471;461.0156;-394.3500;69.6414;-136.3070;No
1/30/2026;48;-1.095;-0.1312;-0.1312;91.4180;167.2612;-5,010.3092;4,757.5776;-252.7317;120.2535;-21.2784;153.7566;No
1/30/2026;49;1.741;0.1897;0.1897;106.6240;106.6240;-2,607.5965;2,740.7699;133.1734;-173.9654;29.4217;11.3703;No
1/30/2026;50;0.811;0.0885;0.0885;115.5440;115.5440;-2,690.9042;2,730.8824;39.9782;-80.5502;13.7260;26.8460;No
1/30/2026;51;1.790;0.3825;0.3825;127.1510;127.1510;-3,462.9575;3,634.9928;172.0353;-348.7378;59.3242;117.3783;No
1/30/2026;52;6.466;0.5995;0.5995;92.6830;92.6830;-2,506.7044;3,069.2902;562.5858;-543.1643;92.9801;-112.4016;No
1/30/2026;53;4.044;0.3959;0.3959;115.1620;115.1620;-3,575.5498;3,990.7088;415.1590;-359.8859;61.5549;-116.8280;No
1/30/2026;54;0.188;-0.2122;-0.2122;111.9200;111.9200;-3,854.8606;3,827.3282;-27.5323;191.1923;-32.9931;-130.6669;No
1/30/2026;55;-1.599;-0.3621;-0.3621;155.8390;159.9179;-5,316.6305;4,991.6773;-324.9532;323.1842;-56.2997;58.0686;No
1/30/2026;56;0.320;0.0063;0.0063;99.3970;99.3970;-3,392.3202;3,375.2239;-17.0963;-5.6409;0.9795;21.7577;No
1/30/2026;57;-6.680;-0.4993;-0.4993;73.5100;156.4310;-6,650.8204;5,533.1209;-1,117.6995;444.1041;-77.0335;750.6289;No
1/30/2026;58;-11.351;-0.8382;-0.8382;68.0050;157.3660;-6,468.6868;4,614.4432;-1,854.2436;738.2385;-129.3200;1,245.3251;No
1/30/2026;59;-4.137;-0.5694;-0.5694;121.4850;161.7660;-6,104.2400;5,380.1754;-724.0646;502.3646;-87.8487;309.5488;No
1/30/2026;60;-8.210;-0.8746;-0.8746;156.9750;169.2570;-7,737.4145;6,290.9442;-1,446.4703;770.1280;-134.9359;811.2782;No
1/30/2026;61;2.719;-0.1724;-0.1724;120.4230;120.4230;-3,727.8144;4,011.0493;283.2349;148.5116;-27.4730;-404.2735;No
1/30/2026;62;3.381;0.5586;0.5586;143.6200;140.2128;-3,932.4082;4,361.8800;429.4718;-481.7840;89.0163;-36.7041;No
1/30/2026;63;0.420;0.1837;0.1837;162.5790;141.5979;-3,956.8117;3,973.2371;16.4254;-158.2177;29.2737;112.5186;No
1/30/2026;64;0.551;0.2271;0.2271;116.0000;116.0000;-3,297.7640;3,331.1720;33.4080;-195.7776;36.1897;126.1799;No
1/30/2026;65;-0.252;0.1438;0.1438;147.9500;172.5240;-4,361.2342;4,307.4067;-53.8275;-128.3792;24.7913;157.4154;No
1/30/2026;66;2.840;0.5016;0.5016;154.5850;146.4088;-2,839.7451;3,239.8803;400.1353;-445.3357;86.4763;-41.2759;No
1/30/2026;67;2.814;0.4208;0.4208;151.6110;147.4654;-2,358.4141;2,757.7504;399.3363;-374.1803;72.5463;-97.7023;No
1/30/2026;68;-1.635;-0.3500;-0.3500;142.0070;171.7100;-3,093.3557;2,789.7724;-303.5833;313.2071;-60.3404;50.7165;No
1/30/2026;69;4.382;0.5039;0.5039;92.8930;92.8930;-1,988.9320;2,380.5689;391.6369;-451.6121;95.1212;-35.1460;No
1/30/2026;70;-2.784;-0.2153;-0.2153;114.6020;165.9848;-3,419.6188;2,931.7895;-487.8293;192.4973;-40.6422;335.9742;No
1/30/2026;71;-2.718;-0.5127;-0.5127;135.3420;169.4000;-3,351.4096;2,866.2480;-485.1616;455.8778;-96.7824;126.0662;No
1/30/2026;72;-7.618;-1.3614;-1.3614;145.5170;173.6790;-4,811.7767;3,468.0223;-1,343.7544;1,198.0149;-256.9915;402.7310;No
1/30/2026;73;-13.332;-2.1562;-2.1562;153.7110;169.1000;-5,705.2649;3,430.8699;-2,274.3950;1,899.0844;-407.5132;782.8238;No
1/30/2026;74;-4.359;-0.5942;-0.5942;117.1930;168.5135;-5,101.2407;4,344.2780;-756.9626;518.6913;-112.3014;350.5728;No
1/30/2026;75;-4.177;-0.9585;-0.9585;181.3000;181.3000;-5,439.1813;4,664.8490;-774.3323;839.8910;-181.1527;115.5940;No
1/30/2026;76;-10.419;-1.5019;-1.5019;128.7690;166.6091;-6,068.0700;4,309.0112;-1,759.0589;1,318.1640;-283.8531;724.7480;No
1/30/2026;77;-3.567;-0.4693;-0.4693;136.0480;166.8189;-4,656.2491;4,033.3474;-622.9018;406.3973;-86.9768;303.4812;No
1/30/2026;78;-5.577;-0.7862;-0.7862;118.5890;165.6008;-4,799.1112;3,857.1738;-941.9374;679.0593;-145.7088;408.5869;No
1/30/2026;79;-0.471;0.0170;0.0170;116.9960;165.9691;-3,741.2755;3,652.8139;-88.4615;-14.4440;3.1507;99.7549;No
1/30/2026;80;1.504;0.1507;0.1507;117.7830;117.7830;-3,039.0370;3,208.8801;169.8431;-127.8549;27.9297;-69.9179;No
1/30/2026;81;0.206;-0.1153;-0.1153;113.8300;113.8300;-2,899.1363;2,915.4140;16.2777;98.2124;-20.4883;-94.0017;No
1/30/2026;82;-5.303;-0.7421;-0.7421;133.5600;167.2990;-4,228.4822;3,324.0638;-904.4184;622.1378;-131.8682;414.1488;No
1/30/2026;83;-2.312;-0.2595;-0.2595;136.7270;164.0601;-3,374.3881;2,979.9877;-394.4005;211.9497;-46.1121;228.5629;No
1/30/2026;84;-0.041;-0.1652;-0.1652;142.3960;154.1349;-2,875.3866;2,852.4205;-22.9661;133.0031;-29.3554;-80.6816;No
1/30/2026;85;0.255;0.5745;0.5745;135.2020;131.1720;-2,704.1108;2,724.9671;20.8563;-451.5378;92.5847;338.0968;No
1/30/2026;86;-0.461;-0.4578;-0.4578;135.6070;144.0560;-3,000.5424;2,916.5578;-83.9846;356.0474;-73.7777;-198.2851;No
1/30/2026;87;-0.694;-0.1713;-0.1713;118.3740;136.0878;-2,609.4836;2,501.1577;-108.3259;132.3422;-27.6062;3.5899;No
1/30/2026;88;6.039;0.8804;0.8804;107.4810;107.3600;-1,897.3733;2,535.0917;637.7184;-658.9209;141.8826;-120.6801;No
1/30/2026;89;-9.894;-1.3063;-1.3063;272.7430;272.7430;-8,737.0493;6,011.5285;-2,725.5208;970.1373;-186.0184;1,941.4019;No
1/30/2026;90;-5.723;-1.3561;-1.3561;159.2250;159.2250;-4,027.2779;3,101.5438;-925.7342;985.7755;-193.1100;133.0686;No
1/30/2026;91;-11.877;-2.2706;-2.2706;150.3760;150.3760;-4,535.7913;2,743.7605;-1,792.0308;1,620.4829;-323.3357;494.8836;No
1/30/2026;92;-11.190;-2.3637;-2.3637;137.3530;137.3530;-4,129.2432;2,588.2799;-1,540.9633;1,669.2618;-336.5932;208.2948;No
1/30/2026;93;-10.151;-1.6531;-1.6531;109.6070;130.2510;-3,888.2529;2,561.7767;-1,326.4762;1,148.4914;-198.8183;376.8031;No
1/30/2026;94;-8.123;-1.5676;-1.5676;122.4260;124.5420;-3,372.2237;2,355.7119;-1,016.5118;1,068.5046;-188.5353;136.5425;No
1/30/2026;95;-5.885;-1.0449;-1.0449;113.8860;118.8998;-2,803.4195;2,095.0145;-708.4050;713.3655;-125.6701;120.7096;No
1/30/2026;96;-4.932;-0.6464;-0.6464;83.0950;115.2029;-3,265.6566;2,683.5364;-582.1203;441.0262;-77.7425;218.8366;No
