target,feature,pearson_r,pearson_p,spearman_r,spearman_p,n_obs,abs_spearman
DA-IDM,prev_spread_da_imb_mean,0.24645284817819854,1.8788363584703708e-06,0.31346246387791415,9.174186088053896e-10,365,0.31346246387791415
DA-IDM,da_price_mean,0.2937471111464939,3.351611292714633e-09,0.26737474124899424,8.267304674500473e-08,390,0.26737474124899424
DA-IDM,prev_spread_da_idm_mean,0.37648265524716645,1.5166083303523203e-14,0.25992815919140355,1.9957928743576322e-07,389,0.25992815919140355
DA-IDM,da_price_max,0.3068331575279157,6.01802647192663e-10,0.22224637428654379,9.403377649649521e-06,390,0.22224637428654379
DA-IDM,is_weekend,0.24565957468837687,9.048510247192069e-07,0.2071912451872389,3.7332911032170026e-05,390,0.2071912451872389
DA-IDM,load_forecast_change,-0.20374066147963305,5.0514573763404306e-05,-0.20474468779169772,4.628393706193834e-05,390,0.20474468779169772
DA-IDM,day_of_week,0.26157689242991944,1.59994072630273e-07,0.18823234651911272,0.00018487640230138445,390,0.18823234651911272
DA-IDM,load_error_mean,-0.20478239411688454,4.6131768969094525e-05,-0.1806367006914019,0.0003365935409986298,390,0.1806367006914019
DA-IDM,prev2_gas_mean,0.15292115239976634,0.0024610794431749487,0.16919658097180632,0.0007940558572469563,390,0.16919658097180632
DA-IDM,da_price_change,0.23212664051364976,3.606643765326975e-06,0.16852454904118622,0.0008337532756040715,390,0.16852454904118622
DA-IDM,da_price_min,0.08572361529571357,0.09091610273335021,0.16674857262153636,0.0009476558948246306,390,0.16674857262153636
DA-IDM,prev_spread_idm_imb_mean,0.061634661066482604,0.24080169677461158,0.1660466557104166,0.0014769763950845517,364,0.1660466557104166
DA-IDM,prev2_load_forecast_mean,0.13238871797730045,0.008854876838387324,0.14720395855633936,0.003572849976869282,390,0.14720395855633936
DA-IDM,prev_da_price_mean,0.11214691661158957,0.026787144960025024,0.14718804098747426,0.0035764968061520615,390,0.14718804098747426
DA-IDM,prev_load_error_mean,-0.15230389461150576,0.0025637113349693446,-0.1434659713031037,0.004527912752630756,390,0.1434659713031037
DA-IDM,da_price_std,0.29305002315671186,3.6638767373714664e-09,0.13941739363076783,0.005817105421654506,390,0.13941739363076783
DA-IDM,prev2_load_actual_mean,0.11308082444830093,0.025537962674085167,0.13221381929225146,0.008945813392305291,390,0.13221381929225146
DA-IDM,hydro_mean,-0.06316499407572228,0.2132612182901408,-0.12695570419360475,0.012097490152739619,390,0.12695570419360475
DA-IDM,prev2_solar_actual_mean,-0.05906695934098692,0.24452491493972098,-0.12602390305746303,0.012748389326675868,390,0.12602390305746303
DA-IDM,da_price_range,0.2291209483711017,4.849308067789077e-06,0.11556612671807379,0.02245540183190108,390,0.11556612671807379
DA-IDM,da_demand_mean,0.06860123114807934,0.17637200022553473,0.11225927810476077,0.026634122559748164,390,0.11225927810476077
DA-IDM,prev2_spread_idm_imb_mean,-0.019005864947009742,0.7178047499982557,0.1060160263149055,0.043238395036319426,364,0.1060160263149055
DA-IDM,prev2_da_demand_mean,0.04975510030913759,0.32706753736298144,0.0995598564882012,0.049446374259367216,390,0.0995598564882012
DA-IDM,prev_gas_mean,0.045523844750617624,0.36993075998904185,0.08541713974754296,0.09208148745325076,390,0.08541713974754296
DA-IDM,prev_da_demand_mean,0.05206780649462568,0.3050556129895438,0.08488520305272856,0.09413254836208254,390,0.08488520305272856
DA-IDM,da_supply_mean,0.020275533682984147,0.6897712743207013,0.08414165470161893,0.09706051564421879,390,0.08414165470161893
DA-IDM,prev2_da_price_mean,0.01545857983112552,0.7608835299169869,0.07601961677793866,0.13397288403172594,390,0.07601961677793866
DA-IDM,prev2_load_error_mean,-0.09299676069469177,0.06656181039508309,-0.07468769076011726,0.1409435912206162,390,0.07468769076011726
DA-IDM,prev_temp_actual_mean,0.13981028363072087,0.10848398981367882,0.07445853439569072,0.39433880521327325,133,0.07445853439569072
DA-IDM,prev_da_supply_mean,-0.022302333011792876,0.6606059865014192,0.07353216806664889,0.14721318760629798,390,0.07353216806664889
DA-IDM,prev_nuclear_mean,0.014681146630829218,0.7725703898804925,0.0648482655396697,0.20128986214751432,390,0.0648482655396697
DA-IDM,nuclear_mean,0.012557465359777385,0.8047505017772031,0.06393681441713381,0.2077099960684668,390,0.06393681441713381
DA-IDM,prev_solar_actual_mean,-0.0034425215742933967,0.9459716437236121,-0.06357186018740461,0.21032173292154904,390,0.06357186018740461
DA-IDM,prev_flow_hu_mean,0.004823143591813065,0.9243590942508003,-0.06322815049105163,0.21280300562091184,390,0.06322815049105163
DA-IDM,prev2_spread_da_imb_mean,-0.1037520396640102,0.04731612463081548,0.06253543672300033,0.23269344206653622,366,0.06253543672300033
DA-IDM,prev2_net_import_mean,0.0822800665731597,0.10470972301743472,0.06086106872699816,0.23046429040293992,390,0.06086106872699816
DA-IDM,flow_hu_mean,-0.0186524135593582,0.7134659385536093,-0.057813660839321754,0.254696302548809,390,0.057813660839321754
DA-IDM,prev_load_forecast_mean,0.004876512738076727,0.9235246548174917,0.05474027157925949,0.2808675595627093,390,0.05474027157925949
DA-IDM,prev2_nuclear_mean,0.0066244335378878175,0.8962471265720082,0.054699306347362135,0.2812282544866224,390,0.054699306347362135
DA-IDM,prev2_hydro_mean,0.030518454024691954,0.5479088568646113,-0.05331367002202432,0.2936132350478238,390,0.05331367002202432
DA-IDM,prev_hydro_mean,0.02304498094513109,0.6500437939944765,-0.05232918952311833,0.30263089052534536,390,0.05232918952311833
DA-IDM,temp_actual_mean,0.11411618836672087,0.18921400859978696,0.04724996571029565,0.5877244133728644,134,0.04724996571029565
DA-IDM,prev2_temp_actual_mean,0.10761752248020469,0.2193562199014653,0.04359963058235456,0.6196168799618662,132,0.04359963058235456
DA-IDM,prev_flow_pl_mean,-0.030972869269881697,0.5419624172741834,0.043175623973656825,0.3951527941473084,390,0.043175623973656825
DA-IDM,load_actual_mean,-0.13381512104859827,0.008143420444590243,-0.04285640952891891,0.3986596527213371,390,0.04285640952891891
DA-IDM,prev2_flow_cz_mean,0.015534239885348551,0.759749009952275,0.04219751609149303,0.4059569691467889,390,0.04219751609149303
DA-IDM,prev2_flow_pl_mean,-0.04222408586454879,0.40566117717657735,0.04106060475793347,0.41873363139651687,390,0.04106060475793347
DA-IDM,temp_forecast_mean,0.1078284901277286,0.216679419094675,0.03564542291957845,0.6837640209113842,133,0.03564542291957845
DA-IDM,prev2_da_price_range,-0.014294117687469578,0.7784078492593602,-0.03514259690171432,0.48893935297068647,390,0.03514259690171432
DA-IDM,prev_load_actual_mean,-0.01999085665389968,0.6939059891627437,0.034280919836352584,0.4996635088512268,390,0.034280919836352584
DA-IDM,net_import_mean,0.03806541120095608,0.4535014413601161,0.03295272765157511,0.5164343010914908,390,0.03295272765157511
DA-IDM,prev2_da_price_std,-0.009505292842604944,0.8515695407276738,-0.03241137983509728,0.5233522147560037,390,0.03241137983509728
DA-IDM,flow_pl_mean,-0.0066636059971673465,0.8956370886591825,0.028762339508629754,0.5711867131489959,390,0.028762339508629754
DA-IDM,prev2_flow_hu_mean,0.04709273264855015,0.3536480737360087,-0.02737053346327569,0.589962285012096,390,0.02737053346327569
DA-IDM,prev2_spread_da_idm_mean,-0.1156623158769746,0.022691754395326082,-0.025649006267415047,0.6144865309012973,388,0.025649006267415047
DA-IDM,gas_mean,-0.13414515080590075,0.007986253617059685,-0.022304804512445587,0.6605707225609,390,0.022304804512445587
DA-IDM,prev_flow_cz_mean,-0.014522126614482819,0.7749673179049134,0.020133546622215184,0.6918323832587225,390,0.020133546622215184
DA-IDM,solar_actual_mean,0.03353058205763406,0.5091023169051752,-0.01951441743301993,0.7008461982680737,390,0.01951441743301993
DA-IDM,solar_forecast_mean,0.05704822259228218,0.47366095953142906,-0.018503977398805257,0.8163488536754752,160,0.018503977398805257
DA-IDM,load_forecast_mean,-0.10332573747286553,0.041406971992119554,-0.018502528591583047,0.7156683643505127,390,0.018502528591583047
DA-IDM,month,0.025420166491445444,0.6167388466713072,-0.01761756573659262,0.7287196440243111,390,0.01761756573659262
DA-IDM,prev_net_import_mean,0.06859588038384719,0.1764058167883346,0.015014411160342429,0.7675540837684521,390,0.015014411160342429
DA-IDM,prev_da_price_range,0.057390391849698026,0.2581967224536329,-0.010319493325956223,0.8390217598454491,390,0.010319493325956223
DA-IDM,flow_cz_mean,-0.04219613702159296,0.40597232535037164,-0.010303309534731174,0.8392707853621029,390,0.010303309534731174
DA-IDM,prev2_da_supply_mean,-0.03725207911191655,0.4632151985421819,0.009435251432897702,0.8526507586184764,390,0.009435251432897702
DA-IDM,prev_da_price_std,0.08412234861003456,0.09713749510325431,0.006182309396663205,0.9031365372356809,390,0.006182309396663205
DA-Imbalance,da_price_mean,0.4340015990073089,3.756924087171623e-18,0.48054660159267876,1.981496047498176e-22,364,0.48054660159267876
DA-Imbalance,da_price_min,0.27174196983613386,1.3935623607505284e-07,0.37027333515484656,2.8522250145914e-13,364,0.37027333515484656
DA-Imbalance,da_demand_mean,0.24065794500446164,3.4156369463246334e-06,0.3281453495536444,1.3839700878721552e-10,364,0.3281453495536444
DA-Imbalance,prev_spread_da_imb_mean,0.23336828878342347,7.018785467969465e-06,0.32523353090907087,2.1731533526054205e-10,363,0.32523353090907087
DA-Imbalance,da_price_max,0.3124586500350211,1.1007113646210791e-09,0.30504903627493984,2.81277490079302e-09,364,0.30504903627493984
DA-Imbalance,da_price_change,0.30988531438120953,1.5292185087945462e-09,0.30218125585497935,4.016127388583299e-09,364,0.30218125585497935
DA-Imbalance,prev_spread_idm_imb_mean,0.18036448283433346,0.0005645028906183334,0.2885623178895814,2.2621778560298945e-08,362,0.2885623178895814
DA-Imbalance,da_supply_mean,0.20364822346101585,9.112649202597698e-05,0.28527835800563073,3.032035247888358e-08,364,0.28527835800563073
DA-Imbalance,prev_da_price_mean,0.18575611430454653,0.0003668251926910483,0.261738510555447,4.083040235631001e-07,364,0.261738510555447
DA-Imbalance,nuclear_mean,0.1757770685799589,0.0007562204815116638,0.2495730140792652,1.4235205854855733e-06,364,0.2495730140792652
DA-Imbalance,load_forecast_mean,0.16751837786637028,0.001337774208858126,0.24223679254644181,2.9323276731911124e-06,364,0.24223679254644181
DA-Imbalance,prev2_load_forecast_mean,0.1624350822286908,0.001876722712791511,0.23533572135702344,5.668955596030549e-06,364,0.23533572135702344
DA-Imbalance,prev2_hydro_mean,-0.09468179327801199,0.0711912624787642,-0.23176356190847527,7.912686469972563e-06,364,0.23176356190847527
DA-Imbalance,prev_nuclear_mean,0.15725682677985822,0.002623759144585644,0.2265774499306679,1.2721026920325844e-05,364,0.2265774499306679
DA-Imbalance,prev_load_forecast_mean,0.14073895411344442,0.0071604089170464935,0.22644311679701126,1.2876556387694706e-05,364,0.22644311679701126
DA-Imbalance,prev_da_demand_mean,0.15681299706053164,0.002698975228376736,0.22473916026309726,1.5012954417451158e-05,364,0.22473916026309726
DA-Imbalance,prev2_load_actual_mean,0.14245009330331404,0.006482475578617481,0.22286635478254807,1.7747915232406235e-05,364,0.22286635478254807
DA-Imbalance,prev_da_supply_mean,0.15176612500238795,0.0037033408843496645,0.2223577170027979,1.856864582784213e-05,364,0.2223577170027979
DA-Imbalance,prev2_nuclear_mean,0.14791103164577113,0.004686520017130267,0.21618895727976453,3.186229044136711e-05,364,0.21618895727976453
DA-Imbalance,load_actual_mean,0.1410111965791857,0.00704847869727669,0.2144381681676219,3.703573745603873e-05,364,0.2144381681676219
DA-Imbalance,prev2_da_price_mean,0.12772650232907395,0.014749168445436488,0.21087803852436476,5.0101996266744415e-05,364,0.21087803852436476
DA-Imbalance,prev2_gas_mean,0.18316889492302385,0.0004441104493484543,0.21008456052042598,5.3555717286136504e-05,364,0.21008456052042598
DA-Imbalance,hydro_mean,-0.04664407498729412,0.37489887465572114,-0.20424275705434852,8.681984400284618e-05,364,0.20424275705434852
DA-Imbalance,prev_hydro_mean,-0.05209411459063653,0.32161380896864655,-0.20417333704237545,8.731264533282976e-05,364,0.20417333704237545
DA-Imbalance,prev2_da_demand_mean,0.14063871744781886,0.007202018904742584,0.20348407529482235,9.235047285101955e-05,364,0.20348407529482235
DA-Imbalance,prev_load_actual_mean,0.12290568360349703,0.01899008005375552,0.19994294620521968,0.00012283596124454892,364,0.19994294620521968
DA-Imbalance,prev2_flow_hu_mean,-0.1321797365347975,0.011594886365588355,-0.19514483026313661,0.00017939029157367048,364,0.19514483026313661
DA-Imbalance,prev2_solar_actual_mean,-0.14942028087453554,0.004276556530119175,-0.1947514624075469,0.00018497411425505365,364,0.1947514624075469
DA-Imbalance,prev_gas_mean,0.13995244745747137,0.007492753578258278,0.18979426551033027,0.00027079750122922076,364,0.18979426551033027
DA-Imbalance,prev2_flow_pl_mean,0.12702679538073453,0.015307873111850789,0.18954694122813673,0.00027592806057964605,364,0.18954694122813673
DA-Imbalance,gas_mean,0.11419891259501025,0.029375250076206012,0.18159797860918656,0.0004981583615549705,364,0.18159797860918656
DA-Imbalance,prev2_da_supply_mean,0.1371434807990515,0.008795001239434308,0.17773782879635927,0.0006579666817209367,364,0.17773782879635927
DA-Imbalance,prev_solar_actual_mean,-0.13658579419165964,0.00907630587024555,-0.17538217391353167,0.0007775816358685039,364,0.17538217391353167
DA-Imbalance,prev2_spread_idm_imb_mean,0.02959807929908862,0.575113906527193,0.17537763425720448,0.0008181140102393652,361,0.17537763425720448
DA-Imbalance,month,-0.13034776507361093,0.012812072863844932,-0.16970608768932924,0.0011530096648310981,364,0.16970608768932924
DA-Imbalance,load_error_mean,-0.12918158730761162,0.013644318129846218,-0.16561396262517059,0.001520361476773485,364,0.16561396262517059
DA-Imbalance,prev_flow_hu_mean,-0.10366812183803167,0.04811097349217946,-0.16269483940716817,0.001844963458742467,364,0.16269483940716817
DA-Imbalance,prev_load_error_mean,-0.08247644116110646,0.11622557501264066,-0.16057367290243998,0.0021193459587767094,364,0.16057367290243998
DA-Imbalance,flow_hu_mean,-0.07580456853482881,0.14891850896526887,-0.14339757378362608,0.006132360622124016,364,0.14339757378362608
DA-Imbalance,prev_flow_pl_mean,0.07505877416168645,0.15296937233876406,0.13894324853228962,0.007939343605520965,364,0.13894324853228962
DA-Imbalance,prev_spread_da_idm_mean,0.15307844200562654,0.003458675162920431,0.12139693556067237,0.02069474875602679,363,0.12139693556067237
DA-Imbalance,solar_actual_mean,-0.06095982646099492,0.24600065227253648,-0.10251468363699687,0.05066812989094197,364,0.10251468363699687
DA-Imbalance,flow_pl_mean,0.0446509110241351,0.3956705899754554,0.09945471713840331,0.05800621453321314,364,0.09945471713840331
DA-Imbalance,prev2_spread_da_imb_mean,-0.00926348693538693,0.8603817912306243,0.09817781414968757,0.06167797262680687,363,0.09817781414968757
DA-Imbalance,prev_temp_actual_mean,-0.04015600570633845,0.6798820990044289,0.09194318214295921,0.343949852798101,108,0.09194318214295921
DA-Imbalance,prev2_load_error_mean,-0.09012096753458303,0.08598283885233263,-0.0774284246264321,0.14038108837096966,364,0.0774284246264321
DA-Imbalance,prev_net_import_mean,-0.04401918932054516,0.4023958895727455,-0.07729057990577293,0.14109091691879586,364,0.07729057990577293
DA-Imbalance,prev2_spread_da_idm_mean,-0.04452760562412086,0.3982870454984794,-0.07537557892409572,0.1523743596392389,362,0.07537557892409572
DA-Imbalance,flow_cz_mean,0.03645947861814404,0.4880331043369511,0.07291015335847216,0.1651064045039965,364,0.07291015335847216
DA-Imbalance,prev2_da_price_range,-0.042593833057450056,0.41781878750970425,-0.06933639212593135,0.18687073151396225,364,0.06933639212593135
DA-Imbalance,prev2_flow_cz_mean,0.0553814022689629,0.2919815808702619,0.06645707965757779,0.2058863619574461,364,0.06645707965757779
DA-Imbalance,day_of_week,-0.054570224508373365,0.2991181200453033,-0.06543951916702653,0.21293051289997814,364,0.06543951916702653
DA-Imbalance,prev2_temp_actual_mean,-0.018925231254042576,0.8465814382348886,0.06267756029702776,0.5212903373360303,107,0.06267756029702776
DA-Imbalance,prev2_net_import_mean,-0.04114398268178907,0.4338569478352911,-0.061165484577688806,0.2444080182683389,364,0.061165484577688806
DA-Imbalance,prev2_da_price_std,-0.02573730481898889,0.6245382624839796,-0.054447171757258925,0.30021074852976215,364,0.054447171757258925
DA-Imbalance,net_import_mean,-0.035539983928772965,0.49907806778686464,-0.04891770744821804,0.352041070518714,364,0.04891770744821804
DA-Imbalance,solar_forecast_mean,0.021897168559539423,0.8009742220940135,0.046005690131643295,0.5962174218788466,135,0.046005690131643295
DA-Imbalance,is_weekend,-0.006508303917798346,0.9015173783375257,-0.045489386604297986,0.38684938662521906,364,0.045489386604297986
DA-Imbalance,da_price_range,0.11088740748836481,0.03444304839643657,0.04408219426899377,0.4017220913772064,364,0.04408219426899377
DA-Imbalance,prev_flow_cz_mean,0.025334999070235537,0.6299652271099239,0.04110634073274173,0.43427800613249923,364,0.04110634073274173
DA-Imbalance,prev_da_price_range,0.004703360721957227,0.9287431577287079,-0.04004712597489683,0.4462222801607352,364,0.04004712597489683
DA-Imbalance,temp_forecast_mean,-0.0832569822426531,0.3916369305028717,0.038459706383911135,0.692709717010256,108,0.038459706383911135
DA-Imbalance,da_price_std,0.12686017410175798,0.015443621546673577,0.030474880039014534,0.5622124036725614,364,0.030474880039014534
DA-Imbalance,temp_actual_mean,-0.09027955264473016,0.35051649338836643,0.027819479195625985,0.7739967135648919,109,0.027819479195625985
DA-Imbalance,prev_da_price_std,0.027893362533050994,0.5958039482263272,-0.01739232125284429,0.7408650239353416,364,0.01739232125284429
DA-Imbalance,load_forecast_change,0.046922563812213554,0.3720510125460507,-0.004678017720785604,0.9291260992285273,364,0.004678017720785604
IDM-Imbalance,da_price_mean,0.32078417917378765,3.717105207361106e-10,0.3810856640246428,5.0068281040143675e-14,364,0.3810856640246428
IDM-Imbalance,load_forecast_mean,0.27150787356617667,1.4297815778540006e-07,0.3637281658964393,7.926264769758698e-13,364,0.3637281658964393
IDM-Imbalance,load_actual_mean,0.24886556746596025,1.5277736288849127e-06,0.3350403855274059,5.353600006116744e-11,364,0.3350403855274059
IDM-Imbalance,da_price_min,0.25492435630957466,8.282829926366129e-07,0.33081817658213475,9.604026177646304e-11,364,0.33081817658213475
IDM-Imbalance,da_demand_mean,0.24759304251700423,1.7339655880778533e-06,0.3181941544255349,5.229221608570535e-10,364,0.3181941544255349
IDM-Imbalance,gas_mean,0.22739191990594274,1.1815592946108245e-05,0.3106012294057126,1.395985413423943e-09,364,0.3106012294057126
IDM-Imbalance,da_supply_mean,0.2017357489857132,0.00010638263006273641,0.28169638580597484,4.576029524909474e-08,364,0.28169638580597484
IDM-Imbalance,nuclear_mean,0.19319872068324742,0.0002086429593269891,0.27838965736436977,6.65700800099379e-08,364,0.27838965736436977
IDM-Imbalance,prev_spread_idm_imb_mean,0.17252356509183922,0.0009811421537982788,0.2667095103488235,2.597421672599309e-07,362,0.2667095103488235
IDM-Imbalance,prev2_da_price_mean,0.16507749441575892,0.0015757741991398032,0.2666384673856654,2.4248367879607824e-07,364,0.2666384673856654
IDM-Imbalance,prev_load_forecast_mean,0.1639328578543948,0.0017002469417566092,0.26005932425587014,4.869594481436951e-07,364,0.26005932425587014
IDM-Imbalance,prev_nuclear_mean,0.1683844503710334,0.0012615980008171448,0.2585171226999302,5.718653582278962e-07,364,0.2585171226999302
IDM-Imbalance,day_of_week,-0.2286524237284168,1.0534064161341636e-05,-0.2426078947956572,2.8286077388142107e-06,364,0.2426078947956572
IDM-Imbalance,prev_load_actual_mean,0.15278283360544334,0.0034772626378334515,0.24226004189087927,2.925724389158991e-06,364,0.24226004189087927
IDM-Imbalance,prev_da_price_mean,0.16424863631629935,0.0016650376383515002,0.23912227249711682,3.9580839224798875e-06,364,0.23912227249711682
IDM-Imbalance,prev2_nuclear_mean,0.16441671908996577,0.001646570038448001,0.2368875651535738,4.896376959976568e-06,364,0.2368875651535738
IDM-Imbalance,prev_da_supply_mean,0.17888124843915532,0.000606269165711583,0.23051021207932787,8.883734742799703e-06,364,0.23051021207932787
IDM-Imbalance,prev2_da_supply_mean,0.18370218845686162,0.0004270379416810543,0.2293171336757887,9.91264332187972e-06,364,0.2293171336757887
IDM-Imbalance,prev2_hydro_mean,-0.11874917372915028,0.023462402031870066,-0.22664439586426627,1.2644185689829994e-05,364,0.22664439586426627
IDM-Imbalance,is_weekend,-0.17435091572069575,0.0008360239425264652,-0.2238008371486264,1.6328962069598443e-05,364,0.2238008371486264
IDM-Imbalance,da_price_change,0.19531396081771124,0.00017703835441979293,0.22377995603400333,1.6359457698447563e-05,364,0.22377995603400333
IDM-Imbalance,prev2_flow_hu_mean,-0.18356387692869872,0.00043140616022001055,-0.2232726177931657,1.7117222881783595e-05,364,0.2232726177931657
IDM-Imbalance,prev_hydro_mean,-0.1270176296488868,0.015315313267208806,-0.22096526660519908,2.100364587770862e-05,364,0.22096526660519908
IDM-Imbalance,prev_da_demand_mean,0.15443371725360913,0.003136690724352141,0.2172271201542621,2.9125818818727536e-05,364,0.2172271201542621
IDM-Imbalance,prev2_flow_pl_mean,0.17861247538880384,0.0006180710645531752,0.21054263295857317,5.153542631785565e-05,364,0.21054263295857317
IDM-Imbalance,prev_solar_actual_mean,-0.16070821906515317,0.00210089211325823,-0.2043758488554859,8.588235674468512e-05,364,0.2043758488554859
IDM-Imbalance,prev2_da_demand_mean,0.1300113599299898,0.013047432090780164,0.197849734191695,0.00014506287048080758,364,0.197849734191695
IDM-Imbalance,prev2_load_forecast_mean,0.10322114484089454,0.049088801359970534,0.19083910822649885,0.00025009011932185303,364,0.19083910822649885
IDM-Imbalance,prev2_load_actual_mean,0.09164875139867905,0.08077459171704651,0.18196390955593153,0.0004850488424416452,364,0.18196390955593153
IDM-Imbalance,month,-0.16073556625057167,0.0020971592697198982,-0.1795258928166102,0.0005788086318256802,364,0.1795258928166102
IDM-Imbalance,prev_flow_hu_mean,-0.13296016831710109,0.01110818707047263,-0.1778455666375965,0.0006529267357777179,364,0.1778455666375965
IDM-Imbalance,prev2_solar_actual_mean,-0.12634729157821947,0.015868117790892377,-0.17427480205192114,0.0008404942587659156,364,0.17427480205192114
IDM-Imbalance,load_forecast_change,0.18838694505180195,0.0003012247028482909,0.17364624621499825,0.000878263524930337,364,0.17364624621499825
IDM-Imbalance,hydro_mean,-0.09348997187480375,0.07484002531612773,-0.1663263676115636,0.0014495380685866793,364,0.1663263676115636
IDM-Imbalance,da_price_max,0.17275417535377738,0.0009345618820001092,0.1652563084806002,0.001557101730101157,364,0.1652563084806002
IDM-Imbalance,prev_spread_da_imb_mean,0.1018136526723174,0.052603778643492784,0.16214649238255469,0.001940542546922105,363,0.16214649238255469
IDM-Imbalance,prev_flow_pl_mean,0.11923335770867466,0.022898433110822587,0.16167220077556319,0.001972909647078996,364,0.16167220077556319
IDM-Imbalance,prev_gas_mean,0.10558347279638426,0.044103497254914054,0.1615811336857414,0.001984687919813425,364,0.1615811336857414
IDM-Imbalance,load_error_mean,-0.08952699067446224,0.08807928244984907,-0.14661179418340065,0.0050674589192990956,364,0.14661179418340065
IDM-Imbalance,flow_hu_mean,-0.08968179536256028,0.08752898355675057,-0.1420320650706703,0.0066425606284597665,364,0.1420320650706703
IDM-Imbalance,solar_actual_mean,-0.08483277495913305,0.10612603675972498,-0.13421723161237764,0.010362184838434494,364,0.13421723161237764
IDM-Imbalance,prev2_spread_idm_imb_mean,0.05435470021069988,0.3030479532567852,0.13204904526509642,0.012030910740437247,361,0.13204904526509642
IDM-Imbalance,prev2_spread_da_imb_mean,0.07022155616449997,0.1818978383520552,0.12935959068555755,0.013643978283912285,363,0.12935959068555755
IDM-Imbalance,prev2_net_import_mean,-0.10106337921711933,0.05404578116823856,-0.12018890200708382,0.021819765339989534,364,0.12018890200708382
IDM-Imbalance,da_price_std,-0.0330039641420675,0.5302130968942764,-0.11549098473133342,0.027578817407763457,364,0.11549098473133342
IDM-Imbalance,flow_pl_mean,0.07539178352313827,0.15115039835457242,0.113994598178907,0.02966830617542052,364,0.113994598178907
IDM-Imbalance,prev2_gas_mean,0.07409789418158035,0.1583108738159412,0.11292791890550295,0.03123926639046937,364,0.11292791890550295
IDM-Imbalance,prev_net_import_mean,-0.07588677296149722,0.14847704437334866,-0.10474880039014535,0.045813987781571475,364,0.10474880039014535
IDM-Imbalance,prev_load_error_mean,-0.038944252583885064,0.45885446753063086,-0.09345648125224712,0.07494471398537168,364,0.09345648125224712
IDM-Imbalance,da_price_range,-0.007683179347295519,0.8838553191302579,-0.09113103583838326,0.08251014344406365,364,0.09113103583838326
IDM-Imbalance,flow_cz_mean,0.054743928333499586,0.2975802467222491,0.08861947516991102,0.09136142299186101,364,0.08861947516991102
IDM-Imbalance,prev2_flow_cz_mean,0.06856163249867493,0.19185551362202094,0.06799004233624407,0.19559505284627457,364,0.06799004233624407
IDM-Imbalance,prev_da_price_range,-0.0014364134677497657,0.9782118615304007,-0.06368152395549656,0.22550561137813582,364,0.06368152395549656
IDM-Imbalance,prev_spread_da_idm_mean,-0.059930356816822704,0.2547396726320904,-0.06129781820389556,0.24404002955052953,363,0.06129781820389556
IDM-Imbalance,net_import_mean,-0.027975540357089823,0.5947207094676482,-0.061038587813183075,0.24538986370828278,364,0.061038587813183075
IDM-Imbalance,prev2_temp_actual_mean,-0.08599021740589681,0.3784937908041989,-0.06047336350633829,0.5360740030145499,107,0.06047336350633829
IDM-Imbalance,prev2_load_error_mean,-0.0513975569686737,0.32813537804401005,-0.058982113776634315,0.26168649025804297,364,0.058982113776634315
IDM-Imbalance,prev_da_price_std,0.011019094939855156,0.834046848640013,-0.04786570838874699,0.36250588953990537,364,0.04786570838874699
IDM-Imbalance,prev2_da_price_range,-0.013701021642377518,0.7944688761747316,-0.044877413993229684,0.3932758099093474,364,0.044877413993229684
IDM-Imbalance,prev_flow_cz_mean,0.032834848220655986,0.5323237544252488,0.04466343121386707,0.3955379873438726,364,0.04466343121386707
IDM-Imbalance,prev_temp_actual_mean,-0.10940756506105849,0.25967742603495203,-0.04022216506140024,0.679383610927871,108,0.04022216506140024
IDM-Imbalance,temp_actual_mean,-0.11539594782458452,0.23213555247224443,-0.035149661755166345,0.7167134834245333,109,0.035149661755166345
IDM-Imbalance,prev2_da_price_std,0.008940118055755921,0.8650232590526158,-0.025785173730379207,0.6238938678873007,364,0.025785173730379207
IDM-Imbalance,temp_forecast_mean,-0.1150767380200536,0.23564552367361608,-0.024445778196957136,0.8017140988383464,108,0.024445778196957136
IDM-Imbalance,prev2_spread_da_idm_mean,0.06040577212045719,0.2516419261061185,0.015814681554277045,0.7642740783723194,362,0.015814681554277045
IDM-Imbalance,solar_forecast_mean,-0.00928344556899262,0.9148975336851083,0.00516567098016331,0.9525841737500056,135,0.00516567098016331
