date,pnl,pnl_raw,n_correct,n_traded,cum_pnl,cum_pnl_raw,accuracy,year,month_period
2025-01-01,0.0,-964.0899999999999,0,0,0.0,-964.0899999999999,0.0,2025,2025-01
2025-01-02,463.95,463.95,15,24,463.95,-500.13999999999993,0.625,2025,2025-01
2025-01-03,-474.32000000000005,-474.32000000000005,9,24,-10.370000000000061,-974.46,0.375,2025,2025-01
2025-01-04,1.4599999999999227,1.4599999999999227,12,24,-8.910000000000139,-973.0000000000001,0.5,2025,2025-01
2025-01-05,72.07000000000005,72.07000000000005,11,24,63.15999999999991,-900.9300000000001,0.4583333333333333,2025,2025-01
2025-01-06,110.03999999999999,739.27,2,3,173.1999999999999,-161.66000000000008,0.6666666666666666,2025,2025-01
2025-01-07,-225.32,-225.32,11,24,-52.12000000000009,-386.9800000000001,0.4583333333333333,2025,2025-01
2025-01-08,-479.96000000000004,-479.96000000000004,3,24,-532.0800000000002,-866.94,0.125,2025,2025-01
2025-01-09,-68.37000000000006,-68.37000000000006,10,24,-600.4500000000003,-935.3100000000002,0.4166666666666667,2025,2025-01
2025-01-10,-139.06000000000003,-139.06000000000003,8,24,-739.5100000000003,-1074.3700000000001,0.3333333333333333,2025,2025-01
2025-01-11,417.96000000000004,417.96000000000004,24,24,-321.5500000000003,-656.4100000000001,1.0,2025,2025-01
2025-01-12,478.54999999999995,478.54999999999995,24,24,156.99999999999966,-177.86000000000013,1.0,2025,2025-01
2025-01-13,97.91999999999997,97.91999999999997,15,24,254.91999999999962,-79.94000000000015,0.625,2025,2025-01
2025-01-14,-13.990000000000089,-13.990000000000089,10,22,240.92999999999952,-93.93000000000025,0.45454545454545453,2025,2025-01
2025-01-15,-655.3199999999999,-655.3199999999999,8,24,-414.39000000000044,-749.2500000000002,0.3333333333333333,2025,2025-01
2025-01-16,186.47000000000003,186.47000000000003,16,24,-227.9200000000004,-562.7800000000002,0.6666666666666666,2025,2025-01
2025-01-17,183.86000000000004,183.86000000000004,16,24,-44.06000000000037,-378.9200000000002,0.6666666666666666,2025,2025-01
2025-01-18,184.73999999999995,184.73999999999995,18,24,140.67999999999958,-194.18000000000023,0.75,2025,2025-01
2025-01-19,-305.67999999999995,-305.67999999999995,11,24,-165.00000000000037,-499.8600000000002,0.4583333333333333,2025,2025-01
2025-01-20,0.5900000000000709,-95.9899999999999,10,24,-164.4100000000003,-595.8500000000001,0.4166666666666667,2025,2025-01
2025-01-21,247.9100000000001,247.9100000000001,12,24,83.4999999999998,-347.94000000000005,0.5,2025,2025-01
2025-01-22,-134.25,-134.25,14,24,-50.7500000000002,-482.19000000000005,0.5833333333333334,2025,2025-01
2025-01-23,243.75000000000006,243.75000000000006,13,22,192.99999999999986,-238.44,0.5909090909090909,2025,2025-01
2025-01-24,-480.53999999999996,-765.89,3,24,-287.5400000000001,-1004.3299999999999,0.125,2025,2025-01
2025-01-25,222.45000000000005,222.45000000000005,17,24,-65.09000000000003,-781.8799999999999,0.7083333333333334,2025,2025-01
2025-01-26,305.59,305.59,21,24,240.49999999999994,-476.2899999999999,0.875,2025,2025-01
2025-01-27,339.58000000000004,646.9800000000001,23,24,580.0799999999999,170.69000000000023,0.9583333333333334,2025,2025-01
2025-01-28,-9.66000000000002,-16.14,13,24,570.42,154.55000000000024,0.5416666666666666,2025,2025-01
2025-01-29,17.940000000000012,354.47,1,2,588.36,509.02000000000027,0.5,2025,2025-01
2025-01-30,145.85000000000002,199.96,16,24,734.21,708.9800000000002,0.6666666666666666,2025,2025-01
2025-01-31,44.44999999999999,180.52999999999997,3,3,778.6600000000001,889.5100000000002,1.0,2025,2025-01
2025-02-01,18.070000000000036,18.070000000000036,12,24,796.7300000000001,907.5800000000003,0.5,2025,2025-02
2025-02-02,189.67000000000002,189.67000000000002,19,24,986.4000000000001,1097.2500000000002,0.7916666666666666,2025,2025-02
2025-02-03,-135.54999999999987,-135.54999999999987,8,24,850.8500000000003,961.7000000000004,0.3333333333333333,2025,2025-02
2025-02-04,105.10999999999997,105.10999999999997,20,24,955.9600000000003,1066.8100000000004,0.8333333333333334,2025,2025-02
2025-02-05,213.53,213.53,16,24,1169.4900000000002,1280.3400000000004,0.6666666666666666,2025,2025-02
2025-02-06,-129.09,-129.09,8,24,1040.4000000000003,1151.2500000000005,0.3333333333333333,2025,2025-02
2025-02-07,-603.8000000000001,-603.8000000000001,1,24,436.60000000000025,547.4500000000004,0.041666666666666664,2025,2025-02
2025-02-08,155.40999999999997,155.40999999999997,14,24,592.0100000000002,702.8600000000004,0.5833333333333334,2025,2025-02
2025-02-09,42.97000000000001,42.97000000000001,16,24,634.9800000000002,745.8300000000004,0.6666666666666666,2025,2025-02
2025-02-10,-93.67,126.61000000000001,2,7,541.3100000000003,872.4400000000004,0.2857142857142857,2025,2025-02
2025-02-11,-291.56000000000006,-291.56000000000006,3,24,249.75000000000023,580.8800000000003,0.125,2025,2025-02
2025-02-12,565.8800000000001,565.8800000000001,19,24,815.6300000000003,1146.7600000000004,0.7916666666666666,2025,2025-02
2025-02-13,407.905,622.4499999999999,21,24,1223.5350000000003,1769.2100000000005,0.875,2025,2025-02
2025-02-14,-149.86000000000004,-149.86000000000004,10,24,1073.6750000000002,1619.3500000000004,0.4166666666666667,2025,2025-02
2025-02-15,-205.99999999999994,-205.99999999999994,1,24,867.6750000000002,1413.3500000000004,0.041666666666666664,2025,2025-02
2025-02-16,-283.34999999999997,-283.34999999999997,3,24,584.3250000000003,1130.0000000000005,0.125,2025,2025-02
2025-02-17,46.05000000000001,60.87000000000002,14,24,630.3750000000002,1190.8700000000006,0.5833333333333334,2025,2025-02
2025-02-18,445.71,445.71,15,24,1076.0850000000003,1636.5800000000006,0.625,2025,2025-02
2025-02-19,25.31999999999995,25.31999999999995,7,24,1101.4050000000002,1661.9000000000005,0.2916666666666667,2025,2025-02
2025-02-20,-612.76,-612.76,3,24,488.6450000000002,1049.1400000000006,0.125,2025,2025-02
2025-02-21,-132.78,-132.78,8,24,355.86500000000024,916.3600000000006,0.3333333333333333,2025,2025-02
2025-02-22,226.58999999999992,226.58999999999992,17,24,582.4550000000002,1142.9500000000005,0.7083333333333334,2025,2025-02
2025-02-23,-100.24999999999996,-100.24999999999996,13,24,482.2050000000002,1042.7000000000005,0.5416666666666666,2025,2025-02
2025-02-24,239.50000000000003,561.9900000000001,8,11,721.7050000000003,1604.6900000000005,0.7272727272727273,2025,2025-02
2025-02-25,210.175,203.78,16,24,931.8800000000003,1808.4700000000005,0.6666666666666666,2025,2025-02
2025-02-26,-89.13999999999992,-77.5499999999999,12,24,842.7400000000005,1730.9200000000005,0.5,2025,2025-02
2025-02-27,-0.7999999999999972,-34.349999999999994,3,4,841.9400000000005,1696.5700000000006,0.75,2025,2025-02
2025-02-28,20.379999999999995,26.769999999999982,2,3,862.3200000000005,1723.3400000000006,0.6666666666666666,2025,2025-02
2025-03-01,20.580000000000027,20.580000000000027,13,24,882.9000000000005,1743.9200000000005,0.5416666666666666,2025,2025-03
2025-03-02,762.5699999999999,762.5699999999999,14,24,1645.4700000000005,2506.4900000000007,0.5833333333333334,2025,2025-03
2025-03-03,420.70000000000005,505.3500000000001,20,24,2066.1700000000005,3011.8400000000006,0.8333333333333334,2025,2025-03
2025-03-04,413.2,523.61,20,24,2479.3700000000003,3535.4500000000007,0.8333333333333334,2025,2025-03
2025-03-05,84.14999999999995,9.069999999999926,15,24,2563.5200000000004,3544.5200000000004,0.625,2025,2025-03
2025-03-06,20.110000000000028,182.42000000000007,5,8,2583.6300000000006,3726.9400000000005,0.625,2025,2025-03
2025-03-07,-87.89499999999998,-116.93999999999998,12,24,2495.7350000000006,3610.0000000000005,0.5,2025,2025-03
2025-03-08,177.29999999999998,177.29999999999998,21,24,2673.0350000000008,3787.3000000000006,0.875,2025,2025-03
2025-03-09,157.41,157.41,16,24,2830.4450000000006,3944.7100000000005,0.6666666666666666,2025,2025-03
2025-03-10,24.51,169.68,2,2,2854.955000000001,4114.39,1.0,2025,2025-03
2025-03-11,145.38999999999993,145.38999999999993,8,24,3000.3450000000007,4259.780000000001,0.3333333333333333,2025,2025-03
2025-03-12,-149.23999999999998,-149.23999999999998,4,24,2851.105000000001,4110.540000000001,0.16666666666666666,2025,2025-03
2025-03-13,-118.63999999999997,-118.63999999999997,6,24,2732.465000000001,3991.900000000001,0.25,2025,2025-03
2025-03-14,-53.24000000000004,-53.24000000000004,9,24,2679.225000000001,3938.6600000000008,0.375,2025,2025-03
2025-03-15,-29.039999999999935,-29.039999999999935,10,24,2650.185000000001,3909.620000000001,0.4166666666666667,2025,2025-03
2025-03-16,-37.27999999999999,-37.27999999999999,8,24,2612.9050000000007,3872.3400000000006,0.3333333333333333,2025,2025-03
2025-03-17,87.9,87.9,10,24,2700.8050000000007,3960.2400000000007,0.4166666666666667,2025,2025-03
2025-03-18,37.56000000000002,37.56000000000002,16,24,2738.3650000000007,3997.8000000000006,0.6666666666666666,2025,2025-03
2025-03-19,0.0,116.74000000000005,0,0,2738.3650000000007,4114.540000000001,0.0,2025,2025-03
2025-03-20,-2.450000000000003,-2.450000000000003,8,24,2735.915000000001,4112.090000000001,0.3333333333333333,2025,2025-03
2025-03-21,-77.4,177.47,1,3,2658.515000000001,4289.560000000001,0.3333333333333333,2025,2025-03
2025-03-22,247.44999999999996,247.44999999999996,21,24,2905.9650000000006,4537.010000000001,0.875,2025,2025-03
2025-03-23,-67.48999999999997,-67.48999999999997,9,24,2838.475000000001,4469.520000000001,0.375,2025,2025-03
2025-03-24,94.84000000000013,94.84000000000013,16,24,2933.315000000001,4564.3600000000015,0.6666666666666666,2025,2025-03
2025-03-25,-4.919999999999988,351.9100000000001,0,1,2928.395000000001,4916.270000000001,0.0,2025,2025-03
2025-03-26,-12.375000000000014,12.189999999999985,15,24,2916.020000000001,4928.460000000001,0.625,2025,2025-03
2025-03-27,6.259999999999991,-12.57000000000004,1,1,2922.2800000000007,4915.890000000001,1.0,2025,2025-03
2025-03-28,31.459999999999997,-130.12000000000006,1,1,2953.7400000000007,4785.770000000001,1.0,2025,2025-03
2025-03-29,367.62,367.62,23,24,3321.3600000000006,5153.390000000001,0.9583333333333334,2025,2025-03
2025-03-30,-237.43999999999997,-237.43999999999997,2,23,3083.9200000000005,4915.950000000002,0.08695652173913043,2025,2025-03
2025-03-31,-152.33999999999992,-152.33999999999992,6,24,2931.580000000001,4763.6100000000015,0.25,2025,2025-03
2025-04-01,-6.949999999999992,-6.949999999999992,11,24,2924.630000000001,4756.660000000002,0.4583333333333333,2025,2025-04
2025-04-02,22.81000000000001,22.81000000000001,11,24,2947.440000000001,4779.470000000002,0.4583333333333333,2025,2025-04
2025-04-03,42.19000000000001,42.19000000000001,15,24,2989.630000000001,4821.660000000002,0.625,2025,2025-04
2025-04-04,11.680000000000009,270.26,1,1,3001.310000000001,5091.920000000002,1.0,2025,2025-04
2025-04-05,259.48,259.48,21,24,3260.790000000001,5351.4000000000015,0.875,2025,2025-04
2025-04-06,369.86,369.86,20,24,3630.650000000001,5721.260000000001,0.8333333333333334,2025,2025-04
2025-04-07,-8.960000000000012,-8.960000000000012,7,24,3621.690000000001,5712.300000000001,0.2916666666666667,2025,2025-04
2025-04-08,43.25999999999996,43.25999999999996,11,24,3664.9500000000007,5755.560000000001,0.4583333333333333,2025,2025-04
2025-04-09,65.67999999999998,65.67999999999998,16,24,3730.6300000000006,5821.240000000002,0.6666666666666666,2025,2025-04
2025-04-10,-87.81,-87.81,8,24,3642.8200000000006,5733.430000000001,0.3333333333333333,2025,2025-04
2025-04-11,71.65999999999998,-272.38,3,4,3714.4800000000005,5461.050000000001,0.75,2025,2025-04
2025-04-12,189.87,189.87,18,24,3904.3500000000004,5650.920000000001,0.75,2025,2025-04
2025-04-13,-108.24000000000004,-108.24000000000004,9,24,3796.11,5542.680000000001,0.375,2025,2025-04
2025-04-14,-100.24000000000001,-38.59999999999998,2,9,3695.87,5504.080000000001,0.2222222222222222,2025,2025-04
2025-04-15,16.92999999999999,16.92999999999999,14,24,3712.7999999999997,5521.010000000001,0.5833333333333334,2025,2025-04
2025-04-16,17.61000000000001,107.74000000000007,2,2,3730.41,5628.750000000001,1.0,2025,2025-04
2025-04-17,-0.049999999999998934,-44.85000000000002,1,2,3730.3599999999997,5583.900000000001,0.5,2025,2025-04
2025-04-18,7.829999999999999,-77.07000000000001,4,5,3738.1899999999996,5506.830000000001,0.8,2025,2025-04
2025-04-19,-120.44999999999999,-120.44999999999999,10,24,3617.74,5386.380000000001,0.4166666666666667,2025,2025-04
2025-04-20,937.6800000000001,937.6800000000001,22,24,4555.42,6324.060000000001,0.9166666666666666,2025,2025-04
2025-04-21,256.815,317.90999999999997,20,24,4812.235,6641.970000000001,0.8333333333333334,2025,2025-04
2025-04-22,-383.98,-383.98,1,24,4428.254999999999,6257.990000000002,0.041666666666666664,2025,2025-04
2025-04-23,-553.3499999999999,-553.3499999999999,0,24,3874.9049999999993,5704.640000000001,0.0,2025,2025-04
2025-04-24,-208.97,-208.97,1,24,3665.9349999999995,5495.670000000001,0.041666666666666664,2025,2025-04
2025-04-25,242.69000000000003,242.69000000000003,24,24,3908.6249999999995,5738.360000000001,1.0,2025,2025-04
2025-04-26,41.24000000000001,41.24000000000001,12,24,3949.865,5779.6,0.5,2025,2025-04
2025-04-27,1192.16,1192.16,23,24,5142.025,6971.76,0.9583333333333334,2025,2025-04
2025-04-28,-19.650000000000023,-19.650000000000023,10,24,5122.375,6952.110000000001,0.4166666666666667,2025,2025-04
2025-04-29,-65.49999999999999,-65.49999999999999,6,24,5056.875,6886.610000000001,0.25,2025,2025-04
2025-04-30,17.39,184.16,1,1,5074.265,7070.77,1.0,2025,2025-04
2025-05-01,-2.52,-176.03999999999996,0,1,5071.745,6894.7300000000005,0.0,2025,2025-05
2025-05-02,-1.9400000000000002,36.50999999999999,2,4,5069.805,6931.240000000001,0.5,2025,2025-05
2025-05-03,-376.59000000000003,-376.59000000000003,9,24,4693.215,6554.650000000001,0.375,2025,2025-05
2025-05-04,-17.08,-17.08,13,24,4676.135,6537.570000000001,0.5416666666666666,2025,2025-05
2025-05-05,-5.629999999999988,-5.629999999999988,15,24,4670.505,6531.9400000000005,0.625,2025,2025-05
2025-05-06,188.49,188.49,15,24,4858.995,6720.43,0.625,2025,2025-05
2025-05-07,-156.19999999999996,-156.19999999999996,8,24,4702.795,6564.2300000000005,0.3333333333333333,2025,2025-05
2025-05-08,78.52000000000005,38.92000000000006,4,7,4781.3150000000005,6603.150000000001,0.5714285714285714,2025,2025-05
2025-05-09,-16.040000000000006,-28.610000000000003,1,3,4765.275000000001,6574.540000000001,0.3333333333333333,2025,2025-05
2025-05-10,-376.14000000000004,-376.14000000000004,4,24,4389.135,6198.400000000001,0.16666666666666666,2025,2025-05
2025-05-11,-136.16999999999996,-136.16999999999996,12,24,4252.965,6062.2300000000005,0.5,2025,2025-05
2025-05-12,-81.6,-81.6,11,24,4171.365,5980.63,0.4583333333333333,2025,2025-05
2025-05-13,-93.59000000000005,-93.59000000000005,5,24,4077.7749999999996,5887.04,0.20833333333333334,2025,2025-05
2025-05-14,0.4400000000000066,0.4400000000000066,12,24,4078.2149999999997,5887.48,0.5,2025,2025-05
2025-05-15,7.469999999999974,7.469999999999974,10,24,4085.6849999999995,5894.95,0.4166666666666667,2025,2025-05
2025-05-16,220.7,220.7,18,24,4306.384999999999,6115.65,0.75,2025,2025-05
2025-05-17,-399.4,-399.4,3,24,3906.984999999999,5716.25,0.125,2025,2025-05
2025-05-18,-261.05000000000007,-261.05000000000007,8,24,3645.934999999999,5455.2,0.3333333333333333,2025,2025-05
2025-05-19,295.67,295.67,20,24,3941.604999999999,5750.87,0.8333333333333334,2025,2025-05
2025-05-20,-97.82,-97.82,11,24,3843.784999999999,5653.05,0.4583333333333333,2025,2025-05
2025-05-21,25.000000000000043,25.000000000000043,15,24,3868.784999999999,5678.05,0.625,2025,2025-05
2025-05-22,-56.62999999999997,-492.92999999999995,1,3,3812.154999999999,5185.12,0.3333333333333333,2025,2025-05
2025-05-23,-250.31000000000006,-250.31000000000006,3,24,3561.844999999999,4934.8099999999995,0.125,2025,2025-05
2025-05-24,9.750000000000021,9.750000000000021,15,24,3571.594999999999,4944.5599999999995,0.625,2025,2025-05
2025-05-25,-152.91,-152.91,3,24,3418.684999999999,4791.65,0.125,2025,2025-05
2025-05-26,3.550000000000012,-112.57000000000001,1,1,3422.234999999999,4679.08,1.0,2025,2025-05
2025-05-27,-2.3900000000000183,-2.3900000000000183,9,24,3419.8449999999993,4676.69,0.375,2025,2025-05
2025-05-28,24.099999999999994,-174.36000000000004,2,2,3443.9449999999993,4502.33,1.0,2025,2025-05
2025-05-29,437.37,437.37,17,24,3881.314999999999,4939.7,0.7083333333333334,2025,2025-05
2025-05-30,164.21999999999997,164.21999999999997,17,24,4045.534999999999,5103.92,0.7083333333333334,2025,2025-05
2025-05-31,-0.7300000000000555,-0.7300000000000555,13,24,4044.804999999999,5103.19,0.5416666666666666,2025,2025-05
2025-06-01,-35.82000000000002,-35.82000000000002,12,24,4008.9849999999988,5067.37,0.5,2025,2025-06
2025-06-02,33.26000000000001,-62.49999999999992,2,3,4042.244999999999,5004.87,0.6666666666666666,2025,2025-06
2025-06-03,78.14999999999998,78.14999999999998,14,24,4120.394999999999,5083.0199999999995,0.5833333333333334,2025,2025-06
2025-06-04,-306.71,-306.71,1,24,3813.6849999999986,4776.3099999999995,0.041666666666666664,2025,2025-06
2025-06-05,-11.94999999999997,-11.94999999999997,10,24,3801.7349999999988,4764.36,0.4166666666666667,2025,2025-06
2025-06-06,306.92,306.92,18,24,4108.654999999999,5071.28,0.75,2025,2025-06
2025-06-07,-197.86999999999998,-197.86999999999998,9,24,3910.784999999999,4873.41,0.375,2025,2025-06
2025-06-08,-657.5,-657.5,7,24,3253.284999999999,4215.91,0.2916666666666667,2025,2025-06
2025-06-09,-417.37,-520.83,3,24,2835.914999999999,3695.08,0.125,2025,2025-06
2025-06-10,168.865,238.55,21,24,3004.779999999999,3933.63,0.875,2025,2025-06
2025-06-11,-11.010000000000002,-168.13000000000002,1,4,2993.7699999999986,3765.5,0.25,2025,2025-06
2025-06-12,-51.3,83.91,3,6,2942.4699999999984,3849.41,0.5,2025,2025-06
2025-06-13,8.399999999999993,86.58,5,8,2950.8699999999985,3935.99,0.625,2025,2025-06
2025-06-14,-36.75999999999997,-36.75999999999997,9,23,2914.1099999999988,3899.23,0.391304347826087,2025,2025-06
2025-06-15,-68.68,-68.68,10,24,2845.429999999999,3830.55,0.4166666666666667,2025,2025-06
2025-06-16,-70.66999999999997,-70.66999999999997,15,24,2774.759999999999,3759.88,0.625,2025,2025-06
2025-06-17,28.09999999999995,28.09999999999995,10,24,2802.8599999999988,3787.98,0.4166666666666667,2025,2025-06
2025-06-18,291.49999999999994,291.49999999999994,22,24,3094.3599999999988,4079.48,0.9166666666666666,2025,2025-06
2025-06-19,357.55999999999995,357.55999999999995,17,24,3451.9199999999987,4437.04,0.7083333333333334,2025,2025-06
2025-06-20,-37.45,-37.45,8,24,3414.469999999999,4399.59,0.3333333333333333,2025,2025-06
2025-06-21,378.57,378.57,21,24,3793.039999999999,4778.16,0.875,2025,2025-06
2025-06-22,337.63,337.63,22,24,4130.669999999999,5115.79,0.9166666666666666,2025,2025-06
2025-06-23,-46.94500000000002,-98.60000000000002,8,24,4083.724999999999,5017.19,0.3333333333333333,2025,2025-06
2025-06-24,-215.27999999999997,-215.27999999999997,6,24,3868.444999999999,4801.91,0.25,2025,2025-06
2025-06-25,340.05000000000007,340.05000000000007,17,24,4208.494999999999,5141.96,0.7083333333333334,2025,2025-06
2025-06-26,802.06,802.06,20,24,5010.5549999999985,5944.02,0.8333333333333334,2025,2025-06
2025-06-27,616.3,616.3,13,24,5626.854999999999,6560.320000000001,0.5416666666666666,2025,2025-06
2025-06-28,150.51000000000002,150.51000000000002,14,24,5777.364999999999,6710.830000000001,0.5833333333333334,2025,2025-06
2025-06-29,135.80999999999997,135.80999999999997,18,24,5913.174999999999,6846.640000000001,0.75,2025,2025-06
2025-06-30,63.480000000000004,-318.84,3,3,5976.654999999999,6527.800000000001,1.0,2025,2025-06
2025-07-01,281.7199999999999,281.7199999999999,14,24,6258.374999999999,6809.520000000001,0.5833333333333334,2025,2025-07
2025-07-02,-371.46,-371.46,10,24,5886.914999999999,6438.060000000001,0.4166666666666667,2025,2025-07
2025-07-03,-34.51000000000002,-34.51000000000002,14,24,5852.404999999999,6403.550000000001,0.5833333333333334,2025,2025-07
2025-07-04,112.22999999999999,101.13,5,6,5964.634999999998,6504.680000000001,0.8333333333333334,2025,2025-07
2025-07-05,208.41,208.41,19,24,6173.044999999998,6713.090000000001,0.7916666666666666,2025,2025-07
2025-07-06,-266.85,-266.85,8,23,5906.194999999998,6446.240000000001,0.34782608695652173,2025,2025-07
2025-07-07,-160.99,-160.99,8,24,5745.204999999998,6285.250000000001,0.3333333333333333,2025,2025-07
2025-07-08,-72.48000000000002,-72.48000000000002,8,24,5672.7249999999985,6212.77,0.3333333333333333,2025,2025-07
2025-07-09,-17.649999999999963,-17.649999999999963,11,24,5655.074999999999,6195.120000000001,0.4583333333333333,2025,2025-07
2025-07-10,12.600000000000009,82.50000000000006,1,3,5667.674999999999,6277.620000000001,0.3333333333333333,2025,2025-07
2025-07-11,0.0,103.63999999999997,0,0,5667.674999999999,6381.260000000001,0.0,2025,2025-07
2025-07-12,11.509999999999962,11.509999999999962,12,22,5679.1849999999995,6392.770000000001,0.5454545454545454,2025,2025-07
2025-07-13,147.23999999999995,147.23999999999995,20,24,5826.424999999999,6540.010000000001,0.8333333333333334,2025,2025-07
2025-07-14,0.0,267.49,0,0,5826.424999999999,6807.500000000001,0.0,2025,2025-07
2025-07-15,143.03,160.84000000000003,13,24,5969.454999999999,6968.340000000001,0.5416666666666666,2025,2025-07
2025-07-16,-191.61000000000004,-191.61000000000004,4,24,5777.844999999999,6776.730000000001,0.16666666666666666,2025,2025-07
2025-07-17,77.72,77.72,17,24,5855.565,6854.450000000002,0.7083333333333334,2025,2025-07
2025-07-18,-39.079999999999956,-39.079999999999956,8,24,5816.485,6815.370000000002,0.3333333333333333,2025,2025-07
2025-07-19,91.69999999999995,91.69999999999995,17,24,5908.1849999999995,6907.0700000000015,0.7083333333333334,2025,2025-07
2025-07-20,54.47,54.47,13,24,5962.655,6961.540000000002,0.5416666666666666,2025,2025-07
2025-07-21,167.33999999999997,167.33999999999997,20,24,6129.995,7128.880000000002,0.8333333333333334,2025,2025-07
2025-07-22,91.45,91.45,15,24,6221.445,7220.330000000002,0.625,2025,2025-07
2025-07-23,-443.19,-443.19,2,24,5778.255,6777.140000000002,0.08333333333333333,2025,2025-07
2025-07-24,83.92000000000003,83.92000000000003,19,24,5862.175,6861.060000000002,0.7916666666666666,2025,2025-07
2025-07-25,-204.90000000000003,-204.90000000000003,7,24,5657.275000000001,6656.160000000003,0.2916666666666667,2025,2025-07
2025-07-26,-213.79000000000002,-213.79000000000002,9,24,5443.485000000001,6442.370000000003,0.375,2025,2025-07
2025-07-27,0.07999999999994856,0.07999999999994856,10,24,5443.5650000000005,6442.450000000003,0.4166666666666667,2025,2025-07
2025-07-28,0.0,232.46,0,0,5443.5650000000005,6674.910000000003,0.0,2025,2025-07
2025-07-29,2.7500000000000178,252.63000000000005,2,3,5446.3150000000005,6927.540000000003,0.6666666666666666,2025,2025-07
2025-07-30,-2.2199999999999704,-14.249999999999947,15,24,5444.095,6913.290000000003,0.625,2025,2025-07
2025-07-31,3.690000000000026,-120.42,2,2,5447.785,6792.870000000003,1.0,2025,2025-07
2025-08-01,-8.659999999999986,107.84000000000002,1,2,5439.125,6900.710000000003,0.5,2025,2025-08
2025-08-02,242.17,242.17,24,24,5681.295,7142.880000000003,1.0,2025,2025-08
2025-08-03,38.71000000000001,38.71000000000001,10,24,5720.005,7181.590000000003,0.4166666666666667,2025,2025-08
2025-08-04,0.0,-138.97000000000003,0,0,5720.005,7042.620000000003,0.0,2025,2025-08
2025-08-05,100.34000000000002,100.34000000000002,16,24,5820.345,7142.960000000003,0.6666666666666666,2025,2025-08
2025-08-06,-48.32999999999994,-48.32999999999994,8,24,5772.015,7094.630000000003,0.3333333333333333,2025,2025-08
2025-08-07,0.0,218.12000000000006,0,0,5772.015,7312.750000000003,0.0,2025,2025-08
2025-08-08,-12.920000000000016,-128.74,0,1,5759.095,7184.010000000003,0.0,2025,2025-08
2025-08-09,61.02999999999998,61.02999999999998,16,24,5820.125,7245.040000000003,0.6666666666666666,2025,2025-08
2025-08-10,-43.38000000000001,-43.38000000000001,9,24,5776.745,7201.660000000003,0.375,2025,2025-08
2025-08-11,-7.329999999999972,-7.329999999999972,10,24,5769.415,7194.330000000003,0.4166666666666667,2025,2025-08
2025-08-12,35.519999999999996,35.519999999999996,12,24,5804.935,7229.850000000003,0.5,2025,2025-08
2025-08-13,-62.49000000000002,-62.49000000000002,10,24,5742.445000000001,7167.360000000003,0.4166666666666667,2025,2025-08
2025-08-14,-121.89999999999998,-121.89999999999998,7,24,5620.545000000001,7045.460000000004,0.2916666666666667,2025,2025-08
2025-08-15,21.440000000000037,21.440000000000037,12,24,5641.985000000001,7066.900000000003,0.5,2025,2025-08
2025-08-16,-132.84,-132.84,6,24,5509.145,6934.060000000003,0.25,2025,2025-08
2025-08-17,-69.97000000000003,-69.97000000000003,9,24,5439.175,6864.090000000003,0.375,2025,2025-08
2025-08-18,3.1700000000000017,23.559999999999988,1,2,5442.345,6887.650000000003,0.5,2025,2025-08
2025-08-19,50.83000000000001,99.13999999999999,2,2,5493.175,6986.790000000004,1.0,2025,2025-08
2025-08-20,-1.1099999999999852,40.31999999999999,0,1,5492.0650000000005,7027.110000000003,0.0,2025,2025-08
2025-08-21,-60.82000000000001,-60.82000000000001,10,24,5431.245000000001,6966.290000000004,0.4166666666666667,2025,2025-08
2025-08-22,81.97000000000001,81.97000000000001,19,24,5513.215000000001,7048.260000000004,0.7916666666666666,2025,2025-08
2025-08-23,10.419999999999977,10.419999999999977,14,24,5523.635000000001,7058.680000000004,0.5833333333333334,2025,2025-08
2025-08-24,230.29,230.29,22,24,5753.925000000001,7288.970000000004,0.9166666666666666,2025,2025-08
2025-08-25,9.88000000000001,-4.830000000000057,1,1,5763.805000000001,7284.140000000004,1.0,2025,2025-08
2025-08-26,0.0,106.48000000000002,0,0,5763.805000000001,7390.620000000004,0.0,2025,2025-08
2025-08-27,-133.35999999999999,-133.35999999999999,8,22,5630.4450000000015,7257.260000000005,0.36363636363636365,2025,2025-08
2025-08-28,245.25,245.25,8,24,5875.6950000000015,7502.510000000005,0.3333333333333333,2025,2025-08
2025-08-29,-117.775,-153.65,9,24,5757.920000000002,7348.860000000005,0.375,2025,2025-08
2025-08-30,-189.60999999999999,-189.60999999999999,7,24,5568.310000000002,7159.2500000000055,0.2916666666666667,2025,2025-08
2025-08-31,-43.69000000000003,-43.69000000000003,10,24,5524.620000000003,7115.560000000006,0.4166666666666667,2025,2025-08
2025-09-01,45.65000000000001,45.65000000000001,9,24,5570.270000000002,7161.2100000000055,0.375,2025,2025-09
2025-09-02,-0.2399999999999487,-0.2399999999999487,11,24,5570.0300000000025,7160.970000000006,0.4583333333333333,2025,2025-09
2025-09-03,-23.27999999999997,-23.27999999999997,11,24,5546.750000000003,7137.690000000006,0.4583333333333333,2025,2025-09
2025-09-04,57.43999999999999,57.43999999999999,12,24,5604.190000000002,7195.130000000006,0.5,2025,2025-09
2025-09-05,-128.16000000000003,-128.16000000000003,9,24,5476.0300000000025,7066.970000000006,0.375,2025,2025-09
2025-09-06,37.69999999999998,37.69999999999998,16,24,5513.730000000002,7104.6700000000055,0.6666666666666666,2025,2025-09
2025-09-07,-251.56,-251.56,0,24,5262.170000000002,6853.110000000005,0.0,2025,2025-09
2025-09-08,742.13,742.13,21,24,6004.300000000002,7595.240000000005,0.875,2025,2025-09
2025-09-09,75.60999999999996,75.60999999999996,15,24,6079.910000000002,7670.850000000005,0.625,2025,2025-09
2025-09-10,-288.4600000000001,-288.4600000000001,8,24,5791.450000000002,7382.390000000005,0.3333333333333333,2025,2025-09
2025-09-11,-8.91999999999993,-8.91999999999993,9,24,5782.530000000002,7373.470000000005,0.375,2025,2025-09
2025-09-12,165.70000000000002,165.70000000000002,15,24,5948.230000000001,7539.170000000005,0.625,2025,2025-09
2025-09-13,70.31,70.31,15,24,6018.540000000002,7609.480000000005,0.625,2025,2025-09
2025-09-14,-338.8,-338.8,7,24,5679.740000000002,7270.680000000005,0.2916666666666667,2025,2025-09
2025-09-15,157.78500000000003,212.37,13,24,5837.5250000000015,7483.050000000005,0.5416666666666666,2025,2025-09
2025-09-16,-494.03,-494.03,5,24,5343.495000000002,6989.020000000005,0.20833333333333334,2025,2025-09
2025-09-17,124.63000000000005,124.63000000000005,15,24,5468.125000000002,7113.650000000005,0.625,2025,2025-09
2025-09-18,-237.68,-237.68,6,24,5230.4450000000015,6875.970000000005,0.25,2025,2025-09
2025-09-19,-63.030000000000065,-63.030000000000065,9,24,5167.415000000002,6812.940000000005,0.375,2025,2025-09
2025-09-20,177.35999999999999,177.35999999999999,21,24,5344.7750000000015,6990.300000000005,0.875,2025,2025-09
2025-09-21,-24.650000000000027,-24.650000000000027,14,24,5320.125000000002,6965.650000000005,0.5833333333333334,2025,2025-09
2025-09-22,-93.03999999999995,-93.03999999999995,8,24,5227.085000000002,6872.610000000005,0.3333333333333333,2025,2025-09
2025-09-23,100.98000000000005,100.98000000000005,14,24,5328.065000000002,6973.590000000006,0.5833333333333334,2025,2025-09
2025-09-24,487.24,487.24,16,24,5815.305000000002,7460.830000000005,0.6666666666666666,2025,2025-09
2025-09-25,281.6300000000001,281.6300000000001,12,24,6096.935000000002,7742.4600000000055,0.5,2025,2025-09
2025-09-26,530.59,530.59,10,24,6627.525000000002,8273.050000000005,0.4166666666666667,2025,2025-09
2025-09-27,35.14999999999999,35.14999999999999,16,24,6662.675000000002,8308.200000000004,0.6666666666666666,2025,2025-09
2025-09-28,402.68999999999994,402.68999999999994,21,24,7065.365000000002,8710.890000000005,0.875,2025,2025-09
2025-09-29,-19.305000000000067,-11.370000000000097,10,24,7046.060000000001,8699.520000000004,0.4166666666666667,2025,2025-09
2025-09-30,-358.22,-358.22,4,24,6687.840000000001,8341.300000000005,0.16666666666666666,2025,2025-09
2025-10-01,915.46,915.46,19,23,7603.300000000001,9256.760000000006,0.8260869565217391,2025,2025-10
2025-10-02,-622.62,-622.62,7,24,6980.680000000001,8634.140000000005,0.2916666666666667,2025,2025-10
2025-10-03,-287.1499999999999,-287.1499999999999,11,24,6693.530000000002,8346.990000000005,0.4583333333333333,2025,2025-10
2025-10-04,2565.4,2565.4,24,24,9258.930000000002,10912.390000000005,1.0,2025,2025-10
2025-10-05,1896.27,1896.27,18,24,11155.200000000003,12808.660000000005,0.75,2025,2025-10
2025-10-06,613.5999999999999,613.5999999999999,17,24,11768.800000000003,13422.260000000006,0.7083333333333334,2025,2025-10
2025-10-07,2420.77,2420.77,24,24,14189.570000000003,15843.030000000006,1.0,2025,2025-10
2025-10-08,454.12000000000006,454.12000000000006,14,24,14643.690000000004,16297.150000000007,0.5833333333333334,2025,2025-10
2025-10-09,-310.53,-310.53,5,24,14333.160000000003,15986.620000000006,0.20833333333333334,2025,2025-10
2025-10-10,-1171.25,-1171.25,8,24,13161.910000000003,14815.370000000006,0.3333333333333333,2025,2025-10
2025-10-11,1049.79,1049.79,17,24,14211.700000000004,15865.160000000007,0.7083333333333334,2025,2025-10
2025-10-12,283.1700000000001,283.1700000000001,18,24,14494.870000000004,16148.330000000007,0.75,2025,2025-10
2025-10-13,-870.03,-1424.24,0,24,13624.840000000004,14724.090000000007,0.0,2025,2025-10
2025-10-14,1144.8,1144.8,16,24,14769.640000000003,15868.890000000007,0.6666666666666666,2025,2025-10
2025-10-15,974.27,974.27,24,24,15743.910000000003,16843.160000000007,1.0,2025,2025-10
2025-10-16,-1298.3,-1298.3,12,24,14445.610000000004,15544.860000000008,0.5,2025,2025-10
2025-10-17,-2303.07,-2303.07,7,24,12142.540000000005,13241.790000000008,0.2916666666666667,2025,2025-10
2025-10-18,72.77000000000001,72.77000000000001,11,24,12215.310000000005,13314.560000000009,0.4583333333333333,2025,2025-10
2025-10-19,838.45,838.45,17,24,13053.760000000006,14153.01000000001,0.7083333333333334,2025,2025-10
2025-10-20,147.37999999999994,147.37999999999994,13,24,13201.140000000005,14300.390000000009,0.5416666666666666,2025,2025-10
2025-10-21,1286.1599999999999,1286.1599999999999,21,24,14487.300000000005,15586.550000000008,0.875,2025,2025-10
2025-10-22,1158.68,1158.68,18,24,15645.980000000005,16745.230000000007,0.75,2025,2025-10
2025-10-23,1414.7,1414.7,23,24,17060.680000000004,18159.930000000008,0.9583333333333334,2025,2025-10
2025-10-24,-275.1,-339.67,9,24,16785.580000000005,17820.26000000001,0.375,2025,2025-10
2025-10-25,3479.43,3479.43,24,24,20265.010000000006,21299.69000000001,1.0,2025,2025-10
2025-10-26,1213.78,1213.78,20,24,21478.790000000005,22513.47000000001,0.8333333333333334,2025,2025-10
2025-10-27,680.77,504.7099999999999,16,27,22159.560000000005,23018.180000000008,0.5925925925925926,2025,2025-10
2025-10-28,676.37,676.37,14,24,22835.930000000004,23694.550000000007,0.5833333333333334,2025,2025-10
2025-10-29,63.51999999999992,63.51999999999992,9,23,22899.450000000004,23758.070000000007,0.391304347826087,2025,2025-10
2025-10-30,669.4200000000001,521.87,17,21,23568.870000000003,24279.940000000006,0.8095238095238095,2025,2025-10
2025-10-31,1598.375,1597.68,21,24,25167.245000000003,25877.620000000006,0.875,2025,2025-10
2025-11-01,964.71,964.71,17,24,26131.955,26842.330000000005,0.7083333333333334,2025,2025-11
2025-11-02,748.24,748.24,16,24,26880.195000000003,27590.570000000007,0.6666666666666666,2025,2025-11
2025-11-03,-158.58,-158.58,9,24,26721.615,27431.990000000005,0.375,2025,2025-11
2025-11-04,355.0,127.82,10,16,27076.615,27559.810000000005,0.625,2025,2025-11
2025-11-05,-91.75999999999996,-91.75999999999996,11,24,26984.855000000003,27468.050000000007,0.4583333333333333,2025,2025-11
2025-11-06,184.85999999999996,184.85999999999996,14,24,27169.715000000004,27652.910000000007,0.5833333333333334,2025,2025-11
2025-11-07,243.76,243.76,15,24,27413.475000000002,27896.670000000006,0.625,2025,2025-11
2025-11-08,37.88000000000001,37.88000000000001,10,24,27451.355000000003,27934.550000000007,0.4166666666666667,2025,2025-11
2025-11-09,143.53000000000003,143.53000000000003,15,24,27594.885000000002,28078.080000000005,0.625,2025,2025-11
2025-11-10,-284.31000000000006,-284.31000000000006,11,24,27310.575,27793.770000000004,0.4583333333333333,2025,2025-11
2025-11-11,-131.74,-131.74,12,24,27178.835,27662.030000000002,0.5,2025,2025-11
2025-11-12,17.55000000000004,17.55000000000004,12,24,27196.385,27679.58,0.5,2025,2025-11
2025-11-13,69.57999999999998,69.57999999999998,12,24,27265.965,27749.160000000003,0.5,2025,2025-11
2025-11-14,396.24,396.24,18,24,27662.205,28145.400000000005,0.75,2025,2025-11
2025-11-15,597.95,597.95,17,24,28260.155000000002,28743.350000000006,0.7083333333333334,2025,2025-11
2025-11-16,1032.02,1032.02,20,24,29292.175000000003,29775.370000000006,0.8333333333333334,2025,2025-11
2025-11-17,260.71,226.32,12,24,29552.885000000002,30001.690000000006,0.5,2025,2025-11
2025-11-18,439.52,621.3899999999999,10,11,29992.405000000002,30623.080000000005,0.9090909090909091,2025,2025-11
2025-11-19,-21.940000000000023,-244.35000000000002,8,24,29970.465000000004,30378.730000000007,0.3333333333333333,2025,2025-11
2025-11-20,943.38,943.38,18,24,30913.845000000005,31322.110000000008,0.75,2025,2025-11
2025-11-21,952.83,952.83,17,24,31866.675000000007,32274.94000000001,0.7083333333333334,2025,2025-11
2025-11-22,487.78000000000003,487.78000000000003,15,24,32354.455000000005,32762.72000000001,0.625,2025,2025-11
2025-11-23,775.4499999999999,775.4499999999999,15,24,33129.905000000006,33538.170000000006,0.625,2025,2025-11
2025-11-24,1668.0,1668.0,17,24,34797.905000000006,35206.170000000006,0.7083333333333334,2025,2025-11
2025-11-25,2494.54,2494.54,18,24,37292.44500000001,37700.71000000001,0.75,2025,2025-11
2025-11-26,604.43,604.43,17,24,37896.87500000001,38305.14000000001,0.7083333333333334,2025,2025-11
2025-11-27,-1290.3899999999999,-1290.3899999999999,9,24,36606.48500000001,37014.75000000001,0.375,2025,2025-11
2025-11-28,1508.76,1410.83,14,24,38115.24500000001,38425.58000000001,0.5833333333333334,2025,2025-11
2025-11-29,784.2,784.2,14,24,38899.44500000001,39209.780000000006,0.5833333333333334,2025,2025-11
2025-11-30,282.58000000000004,282.58000000000004,13,24,39182.02500000001,39492.36000000001,0.5416666666666666,2025,2025-11
2025-12-01,1005.1899999999999,1005.1899999999999,17,24,40187.21500000001,40497.55000000001,0.7083333333333334,2025,2025-12
2025-12-02,884.255,877.28,23,24,41071.47000000001,41374.83000000001,0.9583333333333334,2025,2025-12
2025-12-03,875.17,875.17,18,24,41946.64000000001,42250.00000000001,0.75,2025,2025-12
2025-12-04,541.655,495.07,11,24,42488.295000000006,42745.07000000001,0.4583333333333333,2025,2025-12
2025-12-05,476.5,451.24,15,24,42964.795000000006,43196.310000000005,0.625,2025,2025-12
2025-12-06,1292.8500000000001,1292.8500000000001,23,24,44257.645000000004,44489.16,0.9583333333333334,2025,2025-12
2025-12-07,785.34,785.34,22,24,45042.985,45274.5,0.9166666666666666,2025,2025-12
2025-12-08,449.13,363.04,14,24,45492.115,45637.54,0.5833333333333334,2025,2025-12
2025-12-09,378.235,259.64,11,24,45870.35,45897.18,0.4583333333333333,2025,2025-12
2025-12-10,611.285,671.4200000000001,22,24,46481.635,46568.6,0.9166666666666666,2025,2025-12
2025-12-11,-146.98000000000005,-146.98000000000005,13,24,46334.655,46421.619999999995,0.5416666666666666,2025,2025-12
2025-12-12,23.889999999999972,23.889999999999972,14,24,46358.545,46445.509999999995,0.5833333333333334,2025,2025-12
2025-12-13,-63.13,-63.13,11,24,46295.415,46382.38,0.4583333333333333,2025,2025-12
2025-12-14,359.04,359.04,20,24,46654.455,46741.42,0.8333333333333334,2025,2025-12
2025-12-15,349.7399999999999,349.7399999999999,17,24,47004.195,47091.159999999996,0.7083333333333334,2025,2025-12
2025-12-16,550.64,550.64,18,24,47554.835,47641.799999999996,0.75,2025,2025-12
2025-12-17,255.39999999999995,255.39999999999995,18,24,47810.235,47897.2,0.75,2025,2025-12
2025-12-18,268.87,239.56,17,24,48079.105,48136.759999999995,0.7083333333333334,2025,2025-12
2025-12-19,331.03999999999996,846.87,5,11,48410.145000000004,48983.63,0.45454545454545453,2025,2025-12
2025-12-20,314.77,314.77,12,24,48724.915,49298.399999999994,0.5,2025,2025-12
2025-12-21,115.25000000000003,115.25000000000003,11,24,48840.165,49413.649999999994,0.4583333333333333,2025,2025-12
2025-12-22,265.51,295.71999999999997,13,19,49105.675,49709.369999999995,0.6842105263157895,2025,2025-12
2025-12-23,415.53000000000003,496.9200000000001,18,24,49521.205,50206.28999999999,0.75,2025,2025-12
2025-12-24,414.815,446.05999999999995,21,24,49936.020000000004,50652.34999999999,0.875,2025,2025-12
2025-12-25,389.195,397.89,16,24,50325.215000000004,51050.23999999999,0.6666666666666666,2025,2025-12
2025-12-26,3.920000000000014,-132.98,13,24,50329.135,50917.25999999999,0.5416666666666666,2025,2025-12
2025-12-27,-324.32,-324.32,6,24,50004.815,50592.93999999999,0.25,2025,2025-12
2025-12-28,256.18,256.18,17,24,50260.995,50849.11999999999,0.7083333333333334,2025,2025-12
2025-12-29,-481.13000000000005,-481.13000000000005,1,24,49779.865000000005,50367.98999999999,0.041666666666666664,2025,2025-12
2025-12-30,-174.77999999999997,-174.77999999999997,10,24,49605.08500000001,50193.20999999999,0.4166666666666667,2025,2025-12
2025-12-31,109.33999999999997,109.33999999999997,11,24,49714.425,50302.54999999999,0.4583333333333333,2025,2025-12
2026-01-01,66.59999999999998,688.98,2,6,49781.025,50991.52999999999,0.3333333333333333,2026,2026-01
2026-01-02,-123.24000000000001,-123.24000000000001,12,24,49657.785,50868.28999999999,0.5,2026,2026-01
2026-01-03,218.97000000000003,218.97000000000003,16,24,49876.755000000005,51087.259999999995,0.6666666666666666,2026,2026-01
2026-01-04,-502.25000000000006,-502.25000000000006,5,24,49374.505000000005,50585.009999999995,0.20833333333333334,2026,2026-01
2026-01-05,1720.12,1720.12,17,24,51094.62500000001,52305.13,0.7083333333333334,2026,2026-01
2026-01-06,2565.995,2626.99,19,24,53660.62000000001,54932.119999999995,0.7916666666666666,2026,2026-01
2026-01-07,597.4200000000001,597.4200000000001,17,24,54258.04000000001,55529.53999999999,0.7083333333333334,2026,2026-01
2026-01-08,1653.02,1653.02,17,24,55911.060000000005,57182.55999999999,0.7083333333333334,2026,2026-01
2026-01-09,399.70000000000005,399.70000000000005,17,24,56310.76,57582.25999999999,0.7083333333333334,2026,2026-01
2026-01-10,715.6999999999999,715.6999999999999,18,24,57026.46,58297.959999999985,0.75,2026,2026-01
2026-01-11,1506.24,1506.24,21,24,58532.7,59804.19999999998,0.875,2026,2026-01
2026-01-12,1796.51,1796.51,17,24,60329.21,61600.709999999985,0.7083333333333334,2026,2026-01
2026-01-13,2694.9900000000002,2694.9900000000002,18,24,63024.2,64295.69999999998,0.75,2026,2026-01
2026-01-14,1108.75,1108.75,18,24,64132.95,65404.44999999998,0.75,2026,2026-01
2026-01-15,-992.09,-1527.0600000000002,7,24,63140.86,63877.389999999985,0.2916666666666667,2026,2026-01
2026-01-16,1775.32,1713.16,18,24,64916.18,65590.54999999999,0.75,2026,2026-01
2026-01-17,1111.26,1111.26,15,24,66027.44,66701.80999999998,0.625,2026,2026-01
2026-01-18,1148.8700000000001,1148.8700000000001,17,24,67176.31,67850.67999999998,0.7083333333333334,2026,2026-01
2026-01-19,175.05000000000004,175.05000000000004,12,24,67351.36,68025.72999999998,0.5,2026,2026-01
2026-01-20,382.23999999999995,382.23999999999995,15,24,67733.6,68407.96999999999,0.625,2026,2026-01
2026-01-21,1515.06,1515.06,19,24,69248.66,69923.02999999998,0.7916666666666666,2026,2026-01
2026-01-22,-128.11,-128.11,14,24,69120.55,69794.91999999998,0.5833333333333334,2026,2026-01
2026-01-23,-483.09999999999997,-483.09999999999997,13,24,68637.45,69311.81999999998,0.5416666666666666,2026,2026-01
2026-01-24,977.4399999999999,977.4399999999999,19,24,69614.89,70289.25999999998,0.7916666666666666,2026,2026-01
2026-01-25,545.91,545.91,14,24,70160.8,70835.16999999998,0.5833333333333334,2026,2026-01
