accuracy,avg_pnl_per_mwh,mwh_for_200,daily_pnl_1mwh,sharpe,max_dd_1mwh,worst_week_1mwh,win_rate,profit_factor,n_trades,target
0.5,-6.860565196013339,inf,-152.79444547579783,-14.708151790415801,105290.21658275263,-4233.06288583796,0.08272859216255443,0.05195998905191469,15345,T3: IDM dir 3h->1h
0.55,-6.343192186329781,inf,-141.2718201730486,-13.536655808698717,97361.38588655915,-4130.011385621083,0.10595065312046444,0.06264125400572812,15345,T3: IDM dir 3h->1h
0.6,-5.896868248147896,inf,-131.331557718185,-12.52301645218624,90520.85283607976,-4102.99619739856,0.13062409288824384,0.07503875291362698,15345,T3: IDM dir 3h->1h
0.65,-5.514966786237842,inf,-122.82607450626952,-11.660439300883708,84667.7491246476,-4065.0032954236813,0.1683599419448476,0.08708675273681801,15345,T3: IDM dir 3h->1h
0.7,-5.194678245119682,inf,-115.6927977813665,-10.958772721373851,79759.62247494527,-4033.565463458354,0.19013062409288825,0.10071523620823734,15345,T3: IDM dir 3h->1h
0.75,-4.928726711470075,inf,-109.76968271046198,-10.387276442462802,75710.06831468928,-4006.271097492222,0.21335268505079827,0.11296927405389161,15345,T3: IDM dir 3h->1h
0.8,-4.7115003629344905,inf,-104.93174610918688,-9.899945610870944,72399.44609529313,-3988.8364671693334,0.2409288824383164,0.1248282505602148,15345,T3: IDM dir 3h->1h
0.85,-4.544223573821057,inf,-101.20625651710321,-9.528384468503866,69856.83672734258,-3976.3654471593654,0.26705370101596515,0.1360605112430911,15345,T3: IDM dir 3h->1h
0.9,-4.425049714969513,inf,-98.55208690305832,-9.258945182193232,68070.06685609024,-3959.3342718661684,0.2931785195936139,0.14543668044469454,15345,T3: IDM dir 3h->1h
