Delivery day;Period number;Period;Buy Orders (MWh);Sell Orders (MWh);Buy trades (MWh);Sell trades (MWh);Traded Quantity Difference (MWh);Weighted average price of all trades (EUR/MWh);Total Traded Quantity (MWh)
1.1.2026;1;00:00 - 01:00;86.5;141.2;18.5;10.2;8.3;108.57;28.7
1.1.2026;2;01:00 - 02:00;108.0;78.8;41.0;15.6;25.4;90.60;56.6
1.1.2026;3;02:00 - 03:00;94.7;94.2;18.5;16.8;1.7;82.41;35.3
1.1.2026;4;03:00 - 04:00;119.9;50.3;27.4;8.9;18.5;58.10;36.3
1.1.2026;5;04:00 - 05:00;224.7;106.0;36.7;11.5;25.2;64.38;48.2
1.1.2026;6;05:00 - 06:00;93.6;109.2;26.0;6.4;19.6;76.97;32.4
1.1.2026;7;06:00 - 07:00;100.5;149.6;19.2;23.1;-3.9;68.94;42.3
1.1.2026;8;07:00 - 08:00;69.6;7,996.8;18.7;4.8;13.9;39.93;23.5
1.1.2026;9;08:00 - 09:00;327.5;362.6;11.7;16.6;-4.9;41.74;28.3
1.1.2026;10;09:00 - 10:00;377.9;457.1;53.2;66.6;-13.4;42.07;119.8
1.1.2026;11;10:00 - 11:00;1,166.0;1,269.1;72.8;115.5;-42.7;27.80;188.3
1.1.2026;12;11:00 - 12:00;871.7;1,057.5;21.7;52.5;-30.8;37.99;74.2
1.1.2026;13;12:00 - 13:00;666.2;5,412.9;73.0;56.4;16.6;35.82;129.4
1.1.2026;14;13:00 - 14:00;345.5;1,211.5;45.9;71.8;-25.9;27.76;117.7
1.1.2026;15;14:00 - 15:00;294.6;689.9;55.5;71.8;-16.3;38.93;127.3
1.1.2026;16;15:00 - 16:00;155.2;5,288.1;52.4;105.4;-53.0;56.69;157.8
1.1.2026;17;16:00 - 17:00;136.4;336.3;32.7;55.0;-22.3;75.26;87.7
1.1.2026;18;17:00 - 18:00;87.5;207.2;9.5;14.7;-5.2;87.42;24.2
1.1.2026;19;18:00 - 19:00;20,943.2;10,571.3;31.6;49.8;-18.2;81.89;81.4
1.1.2026;20;19:00 - 20:00;41,542.1;31,321.3;37.5;41.9;-4.4;78.47;79.4
1.1.2026;21;20:00 - 21:00;477.1;24,459.3;34.9;19.5;15.4;87.17;54.4
1.1.2026;22;21:00 - 22:00;175.6;71,883.5;44.7;24.1;20.6;77.21;68.8
1.1.2026;23;22:00 - 23:00;223.5;220.7;30.3;7.9;22.4;71.06;38.2
1.1.2026;24;23:00 - 00:00;187.6;308.3;25.7;30.3;-4.6;68.13;56.0
2.1.2026;1;00:00 - 01:00;107.5;107.8;11.0;23.3;-12.3;81.30;34.3
2.1.2026;2;01:00 - 02:00;138.4;53.5;4.5;4.7;-0.2;69.67;9.2
2.1.2026;3;02:00 - 03:00;110.0;53.6;11.7;5.3;6.4;58.69;17.0
2.1.2026;4;03:00 - 04:00;128.8;77.1;13.5;17.7;-4.2;54.87;31.2
2.1.2026;5;04:00 - 05:00;263.6;77.2;8.5;17.7;-9.2;57.48;26.2
2.1.2026;6;05:00 - 06:00;71.3;79.1;8.6;23.2;-14.6;65.66;31.8
2.1.2026;7;06:00 - 07:00;3,051.4;75.3;2.2;8.2;-6.0;79.68;10.4
2.1.2026;8;07:00 - 08:00;3,864.6;266.2;82.0;10.5;71.5;106.12;92.5
2.1.2026;9;08:00 - 09:00;1,146.0;273.5;65.1;27.6;37.5;98.59;92.7
2.1.2026;10;09:00 - 10:00;9,058.9;323.2;51.7;78.0;-26.3;98.41;129.7
2.1.2026;11;10:00 - 11:00;7,862.3;7,520.6;58.5;85.7;-27.2;95.21;144.2
2.1.2026;12;11:00 - 12:00;1,308.9;471.9;129.9;77.1;52.8;90.66;207.0
2.1.2026;13;12:00 - 13:00;2,736.9;2,416.7;115.0;57.3;57.7;92.24;172.3
2.1.2026;14;13:00 - 14:00;1,662.0;9,485.9;100.9;72.6;28.3;102.28;173.5
2.1.2026;15;14:00 - 15:00;2,360.8;3,462.9;74.2;53.0;21.2;101.19;127.2
2.1.2026;16;15:00 - 16:00;1,028.5;10,861.3;84.9;53.7;31.2;109.48;138.6
2.1.2026;17;16:00 - 17:00;974.7;13,814.6;96.7;172.8;-76.1;116.61;269.5
2.1.2026;18;17:00 - 18:00;10,232.7;12,134.8;115.5;174.6;-59.1;113.35;290.1
2.1.2026;19;18:00 - 19:00;1,756.2;637.8;113.0;72.1;40.9;112.98;185.1
2.1.2026;20;19:00 - 20:00;3,053.2;633.2;124.6;69.7;54.9;114.00;194.3
2.1.2026;21;20:00 - 21:00;1,580.8;761.8;136.6;67.9;68.7;111.29;204.5
2.1.2026;22;21:00 - 22:00;780.8;39,396.2;83.1;65.9;17.2;101.28;149.0
2.1.2026;23;22:00 - 23:00;8,793.8;46,575.1;100.6;114.2;-13.6;87.35;214.8
2.1.2026;24;23:00 - 00:00;13,872.9;5,752.8;48.6;59.8;-11.2;81.28;108.4
3.1.2026;1;00:00 - 01:00;118.1;84.8;28.8;7.5;21.3;86.67;36.3
3.1.2026;2;01:00 - 02:00;210.6;114.6;26.6;24.6;2.0;90.65;51.2
3.1.2026;3;02:00 - 03:00;176.6;113.4;31.0;34.7;-3.7;86.11;65.7
3.1.2026;4;03:00 - 04:00;460.1;143.7;40.4;37.0;3.4;88.53;77.4
3.1.2026;5;04:00 - 05:00;130.2;138.3;37.1;32.0;5.1;80.97;69.1
3.1.2026;6;05:00 - 06:00;971.4;166.5;37.7;39.6;-1.9;85.51;77.3
3.1.2026;7;06:00 - 07:00;594.1;189.5;27.3;34.2;-6.9;91.36;61.5
3.1.2026;8;07:00 - 08:00;580.2;210.7;28.2;17.0;11.2;99.36;45.2
3.1.2026;9;08:00 - 09:00;1,449.0;184.4;49.4;26.2;23.2;95.47;75.6
3.1.2026;10;09:00 - 10:00;285.0;188.3;55.5;40.6;14.9;96.41;96.1
3.1.2026;11;10:00 - 11:00;7,117.4;6,767.6;52.2;20.2;32.0;93.57;72.4
3.1.2026;12;11:00 - 12:00;4,974.3;5,626.5;101.5;49.2;52.3;89.48;150.7
3.1.2026;13;12:00 - 13:00;10,168.2;13,004.5;144.2;79.4;64.8;91.33;223.6
3.1.2026;14;13:00 - 14:00;3,592.0;7,697.3;189.8;67.1;122.7;89.54;256.9
3.1.2026;15;14:00 - 15:00;3,448.9;20,257.7;165.2;63.4;101.8;93.72;228.6
3.1.2026;16;15:00 - 16:00;10,845.7;25,008.8;170.3;138.0;32.3;102.68;308.3
3.1.2026;17;16:00 - 17:00;6,924.6;9,138.1;53.5;12.0;41.5;119.90;65.5
3.1.2026;18;17:00 - 18:00;1,176.9;6,125.2;112.2;48.9;63.3;115.59;161.1
3.1.2026;19;18:00 - 19:00;499.9;586.6;118.8;41.4;77.4;115.32;160.2
3.1.2026;20;19:00 - 20:00;21,320.2;7,044.1;79.0;40.6;38.4;116.83;119.6
3.1.2026;21;20:00 - 21:00;4,785.1;363.2;151.3;38.8;112.5;109.68;190.1
3.1.2026;22;21:00 - 22:00;448.4;316.1;111.4;46.1;65.3;99.75;157.5
3.1.2026;23;22:00 - 23:00;1,256.8;1,251.8;149.3;24.7;124.6;96.23;174.0
3.1.2026;24;23:00 - 00:00;415.5;250.4;103.1;28.4;74.7;97.23;131.5
4.1.2026;1;00:00 - 01:00;1,930.8;56.7;23.0;13.9;9.1;90.47;36.9
4.1.2026;2;01:00 - 02:00;740.0;142.3;30.7;14.8;15.9;91.04;45.5
4.1.2026;3;02:00 - 03:00;304.2;143.5;14.0;12.8;1.2;94.58;26.8
4.1.2026;4;03:00 - 04:00;896.8;120.3;11.9;8.7;3.2;91.26;20.6
4.1.2026;5;04:00 - 05:00;1,379.0;188.4;26.5;17.1;9.4;85.45;43.6
4.1.2026;6;05:00 - 06:00;677.3;114.4;21.6;10.0;11.6;90.82;31.6
4.1.2026;7;06:00 - 07:00;1,972.0;177.8;27.7;8.6;19.1;88.45;36.3
4.1.2026;8;07:00 - 08:00;2,428.6;184.6;30.7;15.2;15.5;92.86;45.9
4.1.2026;9;08:00 - 09:00;1,116.9;233.0;13.5;13.2;0.3;100.89;26.7
4.1.2026;10;09:00 - 10:00;477.4;512.5;20.2;17.7;2.5;107.14;37.9
4.1.2026;11;10:00 - 11:00;380.8;425.8;18.5;19.0;-0.5;104.64;37.5
4.1.2026;12;11:00 - 12:00;134.3;295.6;22.2;34.1;-11.9;95.01;56.3
4.1.2026;13;12:00 - 13:00;273.5;489.5;32.2;38.5;-6.3;81.04;70.7
4.1.2026;14;13:00 - 14:00;373.6;439.4;49.0;60.8;-11.8;83.02;109.8
4.1.2026;15;14:00 - 15:00;1,143.2;748.1;30.1;77.9;-47.8;91.10;108.0
4.1.2026;16;15:00 - 16:00;175.9;467.6;7.8;44.4;-36.6;91.42;52.2
4.1.2026;17;16:00 - 17:00;217.9;1,181.3;33.7;31.3;2.4;106.46;65.0
4.1.2026;18;17:00 - 18:00;595.5;951.0;58.5;53.1;5.4;122.42;111.6
4.1.2026;19;18:00 - 19:00;272.4;1,529.6;80.1;166.7;-86.6;124.01;246.8
4.1.2026;20;19:00 - 20:00;302.7;1,220.7;100.5;80.7;19.8;125.98;181.2
4.1.2026;21;20:00 - 21:00;235.9;807.4;75.2;62.2;13.0;122.54;137.4
4.1.2026;22;21:00 - 22:00;206.9;697.7;67.1;50.3;16.8;112.92;117.4
4.1.2026;23;22:00 - 23:00;351.1;1,001.1;85.2;59.7;25.5;106.59;144.9
4.1.2026;24;23:00 - 00:00;236.2;460.6;55.8;26.4;29.4;96.65;82.2
5.1.2026;1;00:00 - 01:00;731.1;243.9;66.8;5.4;61.4;98.67;72.2
5.1.2026;2;01:00 - 02:00;1,231.6;732.5;25.6;0.6;25.0;88.34;26.2
5.1.2026;3;02:00 - 03:00;130.3;69.2;33.0;0.5;32.5;89.49;33.5
5.1.2026;4;03:00 - 04:00;169.2;131.4;33.2;2.5;30.7;88.75;35.7
5.1.2026;5;04:00 - 05:00;3,176.6;64.4;88.5;0.0;88.5;89.21;88.5
5.1.2026;6;05:00 - 06:00;131.9;52.1;32.1;0.0;32.1;92.21;32.1
5.1.2026;7;06:00 - 07:00;200.5;206.6;37.6;0.6;37.0;111.00;38.2
5.1.2026;8;07:00 - 08:00;185.6;251.9;46.1;15.3;30.8;136.12;61.4
5.1.2026;9;08:00 - 09:00;165.1;473.0;32.1;14.9;17.2;155.60;47.0
5.1.2026;10;09:00 - 10:00;976.8;478.2;63.3;15.0;48.3;154.00;78.3
5.1.2026;11;10:00 - 11:00;786.8;477.8;117.9;52.8;65.1;146.07;170.7
5.1.2026;12;11:00 - 12:00;808.1;1,795.3;180.2;55.4;124.8;160.85;235.6
5.1.2026;13;12:00 - 13:00;3,907.8;8,809.8;182.4;41.8;140.6;158.52;224.2
5.1.2026;14;13:00 - 14:00;7,068.8;4,485.9;236.9;97.8;139.1;170.66;334.7
5.1.2026;15;14:00 - 15:00;2,458.7;588.3;137.5;45.4;92.1;223.95;182.9
5.1.2026;16;15:00 - 16:00;13,294.8;1,187.7;159.2;121.6;37.6;270.86;280.8
5.1.2026;17;16:00 - 17:00;21,730.3;9,694.7;146.5;164.6;-18.1;290.03;311.1
5.1.2026;18;17:00 - 18:00;2,803.5;908.6;308.9;382.9;-74.0;359.66;691.8
5.1.2026;19;18:00 - 19:00;1,220.5;2,538.4;328.1;520.9;-192.8;362.85;849.0
5.1.2026;20;19:00 - 20:00;771.3;939.4;246.7;198.1;48.6;377.05;444.8
5.1.2026;21;20:00 - 21:00;590.6;1,397.9;97.4;86.5;10.9;224.10;183.9
5.1.2026;22;21:00 - 22:00;438.9;843.9;83.9;86.3;-2.4;160.40;170.2
5.1.2026;23;22:00 - 23:00;592.6;734.6;94.1;74.2;19.9;146.52;168.3
5.1.2026;24;23:00 - 00:00;881.3;805.0;308.0;94.4;213.6;119.60;402.4
6.1.2026;1;00:00 - 01:00;122.9;130.0;10.4;2.5;7.9;120.08;12.9
6.1.2026;2;01:00 - 02:00;260.0;136.5;37.1;2.7;34.4;125.02;39.8
6.1.2026;3;02:00 - 03:00;175.6;167.1;72.3;53.1;19.2;117.20;125.4
6.1.2026;4;03:00 - 04:00;153.3;211.0;79.6;53.4;26.2;116.25;133.0
6.1.2026;5;04:00 - 05:00;242.9;214.6;80.8;56.5;24.3;116.55;137.3
6.1.2026;6;05:00 - 06:00;188.6;256.2;40.6;28.1;12.5;140.53;68.7
6.1.2026;7;06:00 - 07:00;477.7;707.3;156.3;113.9;42.4;146.62;270.2
6.1.2026;8;07:00 - 08:00;418.7;659.2;101.3;101.7;-0.4;190.41;203.0
6.1.2026;9;08:00 - 09:00;294.9;252.4;37.8;49.7;-11.9;242.62;87.5
6.1.2026;10;09:00 - 10:00;2,673.7;1,610.1;61.8;101.9;-40.1;271.33;163.7
6.1.2026;11;10:00 - 11:00;662.3;1,785.1;101.5;353.6;-252.1;304.08;455.1
6.1.2026;12;11:00 - 12:00;495.1;2,249.6;72.7;181.5;-108.8;274.64;254.2
6.1.2026;13;12:00 - 13:00;9,822.3;713.7;81.0;56.8;24.2;265.25;137.8
6.1.2026;14;13:00 - 14:00;3,834.8;3,094.0;154.4;170.0;-15.6;282.57;324.4
6.1.2026;15;14:00 - 15:00;3,897.9;2,013.3;111.1;182.2;-71.1;318.16;293.3
6.1.2026;16;15:00 - 16:00;5,251.9;3,630.0;149.4;177.8;-28.4;340.53;327.2
6.1.2026;17;16:00 - 17:00;5,159.4;1,693.6;143.3;168.3;-25.0;330.08;311.6
6.1.2026;18;17:00 - 18:00;7,344.2;2,394.9;476.1;588.7;-112.6;374.30;1,064.8
6.1.2026;19;18:00 - 19:00;899.6;2,843.6;309.6;412.7;-103.1;324.48;722.3
6.1.2026;20;19:00 - 20:00;737.6;929.5;145.6;123.7;21.9;240.76;269.3
6.1.2026;21;20:00 - 21:00;791.1;2,432.7;226.5;193.1;33.4;169.02;419.6
6.1.2026;22;21:00 - 22:00;998.6;843.6;98.1;79.7;18.4;133.91;177.8
6.1.2026;23;22:00 - 23:00;2,799.1;901.5;295.2;98.7;196.5;128.77;393.9
6.1.2026;24;23:00 - 00:00;808.5;485.8;147.6;111.6;36.0;107.02;259.2
7.1.2026;1;00:00 - 01:00;34.4;134.3;0.3;23.2;-22.9;96.68;23.5
7.1.2026;2;01:00 - 02:00;40.0;160.4;6.0;29.6;-23.6;95.69;35.6
7.1.2026;3;02:00 - 03:00;85.6;277.4;11.4;37.4;-26.0;93.87;48.8
7.1.2026;4;03:00 - 04:00;111.1;161.9;30.7;42.0;-11.3;85.01;72.7
7.1.2026;5;04:00 - 05:00;127.0;693.3;45.7;55.1;-9.4;82.45;100.8
7.1.2026;6;05:00 - 06:00;130.3;3,656.9;27.4;59.6;-32.2;85.77;87.0
7.1.2026;7;06:00 - 07:00;149.8;323.4;7.1;90.8;-83.7;112.78;97.9
7.1.2026;8;07:00 - 08:00;271.1;301.0;47.3;73.2;-25.9;145.55;120.5
7.1.2026;9;08:00 - 09:00;1,741.7;1,488.9;72.1;89.5;-17.4;148.23;161.6
7.1.2026;10;09:00 - 10:00;483.6;905.6;59.9;91.8;-31.9;143.49;151.7
7.1.2026;11;10:00 - 11:00;792.2;1,814.4;46.8;118.1;-71.3;137.31;164.9
7.1.2026;12;11:00 - 12:00;524.3;1,275.9;54.9;114.9;-60.0;142.87;169.8
7.1.2026;13;12:00 - 13:00;595.7;903.5;39.0;126.4;-87.4;140.51;165.4
7.1.2026;14;13:00 - 14:00;2,434.2;4,817.0;104.9;105.4;-0.5;166.80;210.3
7.1.2026;15;14:00 - 15:00;2,389.0;2,338.0;107.0;123.0;-16.0;161.96;230.0
7.1.2026;16;15:00 - 16:00;1,365.7;4,754.8;149.4;339.1;-189.7;182.27;488.5
7.1.2026;17;16:00 - 17:00;2,653.5;1,918.0;130.4;121.2;9.2;181.04;251.6
7.1.2026;18;17:00 - 18:00;1,519.8;2,753.4;143.2;285.7;-142.5;171.62;428.9
7.1.2026;19;18:00 - 19:00;36,645.9;11,310.1;161.3;227.7;-66.4;166.06;389.0
7.1.2026;20;19:00 - 20:00;21,487.8;15,905.4;131.6;203.9;-72.3;164.80;335.5
7.1.2026;21;20:00 - 21:00;66,459.7;52,606.5;50.7;48.3;2.4;111.26;99.0
7.1.2026;22;21:00 - 22:00;108,324.9;146,882.9;72.3;97.3;-25.0;116.50;169.6
7.1.2026;23;22:00 - 23:00;8,820.9;604.0;74.4;92.1;-17.7;127.11;166.5
7.1.2026;24;23:00 - 00:00;1,106.2;1,293.3;285.9;77.3;208.6;113.59;363.2
8.1.2026;1;00:00 - 01:00;2,413.1;76.6;105.4;15.7;89.7;106.85;121.1
8.1.2026;2;01:00 - 02:00;157.1;95.5;72.8;17.5;55.3;108.29;90.3
8.1.2026;3;02:00 - 03:00;3,535.2;114.4;70.2;17.2;53.0;105.39;87.4
8.1.2026;4;03:00 - 04:00;2,208.6;113.1;65.3;19.6;45.7;105.82;84.9
8.1.2026;5;04:00 - 05:00;269.6;146.2;102.7;17.1;85.6;108.80;119.8
8.1.2026;6;05:00 - 06:00;11,661.6;190.3;195.4;22.4;173.0;113.85;217.8
8.1.2026;7;06:00 - 07:00;298.4;143.4;80.9;16.1;64.8;117.11;97.0
8.1.2026;8;07:00 - 08:00;523.5;927.0;35.7;18.6;17.1;189.08;54.3
8.1.2026;9;08:00 - 09:00;6,541.1;316.8;99.6;41.8;57.8;241.72;141.4
8.1.2026;10;09:00 - 10:00;3,947.5;462.7;129.4;87.5;41.9;278.79;216.9
8.1.2026;11;10:00 - 11:00;7,730.2;882.1;182.3;76.2;106.1;281.65;258.5
8.1.2026;12;11:00 - 12:00;4,748.6;888.8;173.6;138.8;34.8;290.72;312.4
8.1.2026;13;12:00 - 13:00;13,676.0;1,989.7;218.7;175.7;43.0;297.70;394.4
8.1.2026;14;13:00 - 14:00;12,571.6;6,142.6;205.6;202.2;3.4;311.53;407.8
8.1.2026;15;14:00 - 15:00;14,859.8;2,359.7;223.3;358.7;-135.4;358.11;582.0
8.1.2026;16;15:00 - 16:00;5,300.8;1,527.7;186.6;281.9;-95.3;351.06;468.5
8.1.2026;17;16:00 - 17:00;544.3;1,599.6;202.7;279.8;-77.1;355.08;482.5
8.1.2026;18;17:00 - 18:00;1,356.5;1,165.2;143.8;244.4;-100.6;346.74;388.2
8.1.2026;19;18:00 - 19:00;3,087.3;5,258.6;142.0;215.9;-73.9;304.38;357.9
8.1.2026;20;19:00 - 20:00;3,455.1;6,397.8;84.6;115.4;-30.8;257.74;200.0
8.1.2026;21;20:00 - 21:00;3,618.5;13,157.1;86.7;145.6;-58.9;232.68;232.3
8.1.2026;22;21:00 - 22:00;5,154.7;6,739.7;79.1;103.5;-24.4;165.39;182.6
8.1.2026;23;22:00 - 23:00;2,402.8;514.2;68.0;73.6;-5.6;135.64;141.6
8.1.2026;24;23:00 - 00:00;817.2;562.4;110.8;76.0;34.8;119.58;186.8
9.1.2026;1;00:00 - 01:00;257.5;88.4;36.3;40.2;-3.9;105.51;76.5
9.1.2026;2;01:00 - 02:00;542.6;174.9;98.0;37.9;60.1;99.01;135.9
9.1.2026;3;02:00 - 03:00;1,981.2;192.6;66.4;30.5;35.9;92.69;96.9
9.1.2026;4;03:00 - 04:00;10,092.9;247.1;84.1;25.9;58.2;88.11;110.0
9.1.2026;5;04:00 - 05:00;1,765.1;225.8;97.9;30.7;67.2;97.28;128.6
9.1.2026;6;05:00 - 06:00;1,599.4;148.5;52.2;26.4;25.8;109.19;78.6
9.1.2026;7;06:00 - 07:00;22,168.8;225.3;40.2;25.4;14.8;132.22;65.6
9.1.2026;8;07:00 - 08:00;10,891.4;292.3;106.5;137.9;-31.4;182.36;244.4
9.1.2026;9;08:00 - 09:00;12,581.9;553.1;134.3;41.7;92.6;170.26;176.0
9.1.2026;10;09:00 - 10:00;19,215.9;1,158.1;136.7;34.3;102.4;162.64;171.0
9.1.2026;11;10:00 - 11:00;28,801.3;2,541.8;108.9;70.6;38.3;152.97;179.5
9.1.2026;12;11:00 - 12:00;10,979.4;1,143.1;98.0;79.1;18.9;157.53;177.1
9.1.2026;13;12:00 - 13:00;11,495.6;3,213.2;134.9;91.3;43.6;149.77;226.2
9.1.2026;14;13:00 - 14:00;12,573.3;532.5;88.8;106.7;-17.9;159.42;195.5
9.1.2026;15;14:00 - 15:00;13,453.7;3,309.2;136.0;89.5;46.5;153.05;225.5
9.1.2026;16;15:00 - 16:00;10,376.8;4,932.1;126.5;61.0;65.5;152.86;187.5
9.1.2026;17;16:00 - 17:00;1,224.3;6,910.2;198.5;66.0;132.5;172.69;264.5
9.1.2026;18;17:00 - 18:00;1,877.7;5,576.8;189.5;44.4;145.1;157.29;233.9
9.1.2026;19;18:00 - 19:00;917.2;5,399.1;146.5;49.2;97.3;158.31;195.7
9.1.2026;20;19:00 - 20:00;2,057.8;1,132.7;132.3;41.2;91.1;148.98;173.5
9.1.2026;21;20:00 - 21:00;383.6;3,039.4;125.5;28.6;96.9;150.73;154.1
9.1.2026;22;21:00 - 22:00;534.5;1,972.3;88.6;44.6;44.0;137.07;133.2
9.1.2026;23;22:00 - 23:00;3,522.9;307.7;51.5;28.3;23.2;121.68;79.8
9.1.2026;24;23:00 - 00:00;621.8;653.2;60.4;18.3;42.1;110.43;78.7
10.1.2026;1;00:00 - 01:00;101.5;71.3;21.9;5.2;16.7;111.08;27.1
10.1.2026;2;01:00 - 02:00;3,228.2;56.1;50.8;9.1;41.7;101.96;59.9
10.1.2026;3;02:00 - 03:00;2,057.6;84.1;58.0;9.1;48.9;103.96;67.1
10.1.2026;4;03:00 - 04:00;320.6;57.8;64.5;11.6;52.9;98.52;76.1
10.1.2026;5;04:00 - 05:00;1,006.7;84.7;89.9;9.6;80.3;96.53;99.5
10.1.2026;6;05:00 - 06:00;10,169.3;170.0;48.1;13.4;34.7;104.37;61.5
10.1.2026;7;06:00 - 07:00;4,138.1;125.7;46.5;5.1;41.4;110.00;51.6
10.1.2026;8;07:00 - 08:00;1,115.9;264.5;93.1;29.8;63.3;115.58;122.9
10.1.2026;9;08:00 - 09:00;1,870.3;1,052.3;112.8;61.3;51.5;134.70;174.1
10.1.2026;10;09:00 - 10:00;8,908.1;564.5;76.0;73.9;2.1;137.55;149.9
10.1.2026;11;10:00 - 11:00;1,259.8;1,332.4;60.2;59.5;0.7;127.39;119.7
10.1.2026;12;11:00 - 12:00;4,863.7;10,326.7;78.2;82.4;-4.2;117.23;160.6
10.1.2026;13;12:00 - 13:00;5,822.3;2,038.4;87.8;57.0;30.8;124.10;144.8
10.1.2026;14;13:00 - 14:00;3,044.5;9,530.1;69.0;79.6;-10.6;128.44;148.6
10.1.2026;15;14:00 - 15:00;289.5;218.2;56.7;74.6;-17.9;114.18;131.3
10.1.2026;16;15:00 - 16:00;176.4;159.1;64.2;75.4;-11.2;118.45;139.6
10.1.2026;17;16:00 - 17:00;5,260.5;7,768.5;81.9;92.8;-10.9;126.37;174.7
10.1.2026;18;17:00 - 18:00;373.7;2,786.8;58.8;80.9;-22.1;130.01;139.7
10.1.2026;19;18:00 - 19:00;6,230.7;3,161.4;92.1;108.9;-16.8;125.95;201.0
10.1.2026;20;19:00 - 20:00;5,456.6;3,141.0;72.1;90.1;-18.0;117.51;162.2
10.1.2026;21;20:00 - 21:00;485.7;273.6;59.6;80.3;-20.7;112.46;139.9
10.1.2026;22;21:00 - 22:00;8,423.3;4,103.2;91.7;124.2;-32.5;100.45;215.9
10.1.2026;23;22:00 - 23:00;885.8;2,772.8;43.1;87.6;-44.5;99.72;130.7
10.1.2026;24;23:00 - 00:00;1,817.9;15,929.4;125.2;152.0;-26.8;87.98;277.2
11.1.2026;1;00:00 - 01:00;168.7;74.1;93.8;11.2;82.6;89.32;105.0
11.1.2026;2;01:00 - 02:00;316.4;171.4;139.5;42.9;96.6;83.33;182.4
11.1.2026;3;02:00 - 03:00;174.2;568.3;98.7;46.2;52.5;83.48;144.9
11.1.2026;4;03:00 - 04:00;180.3;141.3;90.5;46.6;43.9;90.59;137.1
11.1.2026;5;04:00 - 05:00;222.5;2,439.4;90.5;56.4;34.1;90.77;146.9
11.1.2026;6;05:00 - 06:00;216.4;905.4;93.5;60.7;32.8;87.51;154.2
11.1.2026;7;06:00 - 07:00;293.1;2,238.1;97.7;71.0;26.7;90.60;168.7
11.1.2026;8;07:00 - 08:00;465.2;14,025.9;93.5;71.7;21.8;90.89;165.2
11.1.2026;9;08:00 - 09:00;611.6;813.3;110.2;33.2;77.0;99.94;143.4
11.1.2026;10;09:00 - 10:00;638.9;939.1;138.9;68.2;70.7;102.13;207.1
11.1.2026;11;10:00 - 11:00;581.5;1,501.5;99.4;103.4;-4.0;96.91;202.8
11.1.2026;12;11:00 - 12:00;736.2;2,074.6;116.3;91.7;24.6;96.66;208.0
11.1.2026;13;12:00 - 13:00;173.4;642.8;19.3;54.7;-35.4;94.01;74.0
11.1.2026;14;13:00 - 14:00;708.0;384.9;43.7;58.4;-14.7;96.26;102.1
11.1.2026;15;14:00 - 15:00;650.7;511.2;48.5;58.9;-10.4;93.84;107.4
11.1.2026;16;15:00 - 16:00;519.4;710.4;53.7;104.5;-50.8;95.52;158.2
11.1.2026;17;16:00 - 17:00;20,754.9;5,896.3;79.7;93.9;-14.2;113.27;173.6
11.1.2026;18;17:00 - 18:00;4,972.1;16,118.9;32.4;44.2;-11.8;119.71;76.6
11.1.2026;19;18:00 - 19:00;1,275.1;26,062.5;14.3;67.8;-53.5;121.79;82.1
11.1.2026;20;19:00 - 20:00;315.0;731.1;46.3;84.3;-38.0;123.44;130.6
11.1.2026;21;20:00 - 21:00;500.4;312.7;30.1;50.9;-20.8;116.68;81.0
11.1.2026;22;21:00 - 22:00;997.9;18,392.0;22.4;54.6;-32.2;97.46;77.0
11.1.2026;23;22:00 - 23:00;713.4;358.6;182.8;56.9;125.9;97.89;239.7
11.1.2026;24;23:00 - 00:00;564.2;534.4;191.2;70.3;120.9;94.13;261.5
12.1.2026;1;00:00 - 01:00;449.5;104.5;392.2;50.9;341.3;88.53;443.1
12.1.2026;2;01:00 - 02:00;346.8;178.4;193.3;51.1;142.2;92.86;244.4
12.1.2026;3;02:00 - 03:00;201.5;214.4;100.5;64.4;36.1;90.22;164.9
12.1.2026;4;03:00 - 04:00;123.7;124.6;56.2;52.2;4.0;93.58;108.4
12.1.2026;5;04:00 - 05:00;185.1;135.9;53.4;47.8;5.6;97.29;101.2
12.1.2026;6;05:00 - 06:00;94.2;146.9;26.6;48.4;-21.8;100.37;75.0
12.1.2026;7;06:00 - 07:00;260.5;251.1;29.4;73.0;-43.6;156.56;102.4
12.1.2026;8;07:00 - 08:00;3,003.9;968.3;18.4;48.0;-29.6;279.67;66.4
12.1.2026;9;08:00 - 09:00;13,668.2;340.7;147.0;151.0;-4.0;325.87;298.0
12.1.2026;10;09:00 - 10:00;1,552.6;2,281.0;68.7;295.5;-226.8;344.11;364.2
12.1.2026;11;10:00 - 11:00;3,923.8;2,342.4;102.7;184.1;-81.4;244.66;286.8
12.1.2026;12;11:00 - 12:00;5,588.6;8,032.9;99.3;205.9;-106.6;232.96;305.2
12.1.2026;13;12:00 - 13:00;6,452.4;9,830.0;174.1;302.0;-127.9;221.83;476.1
12.1.2026;14;13:00 - 14:00;4,739.9;1,592.6;70.3;192.5;-122.2;228.94;262.8
12.1.2026;15;14:00 - 15:00;2,725.9;4,938.3;94.1;217.9;-123.8;234.50;312.0
12.1.2026;16;15:00 - 16:00;6,411.0;10,760.8;191.5;238.0;-46.5;257.13;429.5
12.1.2026;17;16:00 - 17:00;9,617.2;8,957.7;236.5;365.3;-128.8;382.62;601.8
12.1.2026;18;17:00 - 18:00;5,663.5;9,279.5;138.8;293.2;-154.4;398.66;432.0
12.1.2026;19;18:00 - 19:00;11,763.0;7,564.2;78.7;68.7;10.0;269.13;147.4
12.1.2026;20;19:00 - 20:00;2,437.1;6,268.4;173.0;278.8;-105.8;326.30;451.8
12.1.2026;21;20:00 - 21:00;14,887.5;17,248.2;162.7;107.3;55.4;251.12;270.0
12.1.2026;22;21:00 - 22:00;4,802.3;3,366.5;106.2;61.4;44.8;130.86;167.6
12.1.2026;23;22:00 - 23:00;51,724.5;10,515.6;123.3;91.1;32.2;121.33;214.4
12.1.2026;24;23:00 - 00:00;31,815.3;9,981.3;430.7;145.9;284.8;108.75;576.6
13.1.2026;1;00:00 - 01:00;404.6;71.2;359.0;22.0;337.0;107.54;381.0
13.1.2026;2;01:00 - 02:00;158.5;94.5;65.5;19.2;46.3;99.40;84.7
13.1.2026;3;02:00 - 03:00;132.4;69.3;69.3;5.4;63.9;115.43;74.7
13.1.2026;4;03:00 - 04:00;95.1;85.1;28.5;7.7;20.8;108.72;36.2
13.1.2026;5;04:00 - 05:00;160.9;102.1;61.8;28.3;33.5;108.09;90.1
13.1.2026;6;05:00 - 06:00;75.0;699.5;26.5;25.7;0.8;127.05;52.2
13.1.2026;7;06:00 - 07:00;11,292.2;1,049.8;60.0;20.9;39.1;188.29;80.9
13.1.2026;8;07:00 - 08:00;347.7;445.0;38.6;52.5;-13.9;277.08;91.1
13.1.2026;9;08:00 - 09:00;513.7;3,877.6;47.6;189.8;-142.2;350.83;237.4
13.1.2026;10;09:00 - 10:00;565.3;6,418.0;128.9;179.6;-50.7;346.65;308.5
13.1.2026;11;10:00 - 11:00;11,633.4;31,422.1;93.0;99.5;-6.5;303.41;192.5
13.1.2026;12;11:00 - 12:00;2,414.8;5,461.9;165.8;203.5;-37.7;316.61;369.3
13.1.2026;13;12:00 - 13:00;4,634.3;9,774.3;184.9;239.8;-54.9;333.92;424.7
13.1.2026;14;13:00 - 14:00;1,650.9;3,997.8;192.3;89.4;102.9;317.95;281.7
13.1.2026;15;14:00 - 15:00;4,024.0;3,451.4;151.8;134.9;16.9;308.34;286.7
13.1.2026;16;15:00 - 16:00;7,024.7;8,828.3;81.0;310.8;-229.8;305.21;391.8
13.1.2026;17;16:00 - 17:00;3,547.9;8,634.3;34.3;44.9;-10.6;303.08;79.2
13.1.2026;18;17:00 - 18:00;39,505.9;1,869.2;38.1;26.4;11.7;307.24;64.5
13.1.2026;19;18:00 - 19:00;14,084.5;14,089.9;78.6;26.3;52.3;299.38;104.9
13.1.2026;20;19:00 - 20:00;2,940.8;15,554.7;52.6;32.8;19.8;297.35;85.4
13.1.2026;21;20:00 - 21:00;22,120.8;17,021.1;38.7;36.4;2.3;218.52;75.1
13.1.2026;22;21:00 - 22:00;4,823.1;56,729.6;49.2;34.7;14.5;178.67;83.9
13.1.2026;23;22:00 - 23:00;10,998.6;241.9;39.9;20.0;19.9;105.84;59.9
13.1.2026;24;23:00 - 00:00;24,622.9;7,194.8;180.1;63.3;116.8;99.48;243.4
14.1.2026;1;00:00 - 01:00;78.3;101.9;11.5;26.1;-14.6;115.78;37.6
14.1.2026;2;01:00 - 02:00;249.9;180.7;59.0;36.5;22.5;110.66;95.5
14.1.2026;3;02:00 - 03:00;4,680.6;186.5;66.4;26.7;39.7;114.47;93.1
14.1.2026;4;03:00 - 04:00;2,008.1;211.9;52.3;24.5;27.8;110.00;76.8
14.1.2026;5;04:00 - 05:00;968.5;200.0;26.0;18.9;7.1;107.61;44.9
14.1.2026;6;05:00 - 06:00;127.7;62.5;27.2;7.0;20.2;108.35;34.2
14.1.2026;7;06:00 - 07:00;3,946.2;284.2;80.4;36.1;44.3;171.00;116.5
14.1.2026;8;07:00 - 08:00;3,295.1;287.4;56.3;39.4;16.9;183.49;95.7
14.1.2026;9;08:00 - 09:00;812.6;6,095.8;34.6;41.7;-7.1;189.74;76.3
14.1.2026;10;09:00 - 10:00;403.7;562.8;47.4;88.5;-41.1;180.55;135.9
14.1.2026;11;10:00 - 11:00;9,121.1;4,581.3;127.6;120.6;7.0;212.60;248.2
14.1.2026;12;11:00 - 12:00;431.2;7,080.5;107.6;111.2;-3.6;172.06;218.8
14.1.2026;13;12:00 - 13:00;6,436.8;534.2;92.4;72.2;20.2;145.57;164.6
14.1.2026;14;13:00 - 14:00;1,226.8;864.3;105.7;56.9;48.8;150.27;162.6
14.1.2026;15;14:00 - 15:00;12,793.8;3,701.9;115.1;107.8;7.3;140.78;222.9
14.1.2026;16;15:00 - 16:00;12,247.2;13,462.4;154.8;157.6;-2.8;179.09;312.4
14.1.2026;17;16:00 - 17:00;485.2;914.2;132.4;132.4;0.0;175.51;264.8
14.1.2026;18;17:00 - 18:00;264.8;584.0;122.5;122.5;0.0;185.48;245.0
14.1.2026;19;18:00 - 19:00;689.1;2,124.6;126.7;128.6;-1.9;205.14;255.3
14.1.2026;20;19:00 - 20:00;46,414.0;1,797.7;135.3;130.7;4.6;177.59;266.0
14.1.2026;21;20:00 - 21:00;418.3;25,318.8;102.0;100.8;1.2;164.92;202.8
14.1.2026;22;21:00 - 22:00;331.1;328.0;74.0;74.0;0.0;169.31;148.0
14.1.2026;23;22:00 - 23:00;46,940.6;24,707.8;62.2;76.5;-14.3;134.87;138.7
14.1.2026;24;23:00 - 00:00;3,899.8;4,336.0;52.4;102.4;-50.0;112.88;154.8
15.1.2026;1;00:00 - 01:00;1,076.9;143.4;47.9;33.2;14.7;112.85;81.1
15.1.2026;2;01:00 - 02:00;150.9;147.9;43.9;57.2;-13.3;107.29;101.1
15.1.2026;3;02:00 - 03:00;132.6;192.2;46.4;80.3;-33.9;106.69;126.7
15.1.2026;4;03:00 - 04:00;210.3;7,591.6;71.6;86.1;-14.5;108.12;157.7
15.1.2026;5;04:00 - 05:00;165.6;526.7;48.8;83.5;-34.7;115.46;132.3
15.1.2026;6;05:00 - 06:00;286.1;151.5;58.9;74.8;-15.9;123.99;133.7
15.1.2026;7;06:00 - 07:00;2,233.2;289.7;69.7;62.2;7.5;157.85;131.9
15.1.2026;8;07:00 - 08:00;4,110.2;267.0;64.2;54.5;9.7;185.60;118.7
15.1.2026;9;08:00 - 09:00;12,376.9;559.3;61.0;54.3;6.7;174.63;115.3
15.1.2026;10;09:00 - 10:00;1,674.9;2,607.0;73.2;48.4;24.8;157.81;121.6
15.1.2026;11;10:00 - 11:00;995.6;1,369.6;64.0;70.7;-6.7;141.40;134.7
15.1.2026;12;11:00 - 12:00;991.2;2,893.8;117.3;88.0;29.3;141.17;205.3
15.1.2026;13;12:00 - 13:00;527.5;11,085.3;118.6;106.9;11.7;122.64;225.5
15.1.2026;14;13:00 - 14:00;1,084.7;2,832.4;112.0;113.6;-1.6;126.38;225.6
15.1.2026;15;14:00 - 15:00;6,015.6;6,179.5;112.5;103.1;9.4;123.86;215.6
15.1.2026;16;15:00 - 16:00;54,582.2;16,236.6;103.0;99.9;3.1;133.57;202.9
15.1.2026;17;16:00 - 17:00;20,938.9;53,017.3;106.2;159.2;-53.0;187.41;265.4
15.1.2026;18;17:00 - 18:00;16,897.1;31,635.7;130.0;114.4;15.6;172.78;244.4
15.1.2026;19;18:00 - 19:00;94,151.8;7,586.0;110.5;89.2;21.3;167.94;199.7
15.1.2026;20;19:00 - 20:00;10,399.0;5,300.8;57.5;74.0;-16.5;154.49;131.5
15.1.2026;21;20:00 - 21:00;65,812.7;22,578.5;61.1;75.3;-14.2;137.09;136.4
15.1.2026;22;21:00 - 22:00;57,480.6;54,361.8;79.3;82.4;-3.1;122.34;161.7
15.1.2026;23;22:00 - 23:00;2,099.3;642.1;63.1;93.5;-30.4;106.12;156.6
15.1.2026;24;23:00 - 00:00;4,890.2;449.7;92.9;122.9;-30.0;108.41;215.8
16.1.2026;1;00:00 - 01:00;3,416.0;177.4;45.6;41.5;4.1;112.97;87.1
16.1.2026;2;01:00 - 02:00;3,816.6;241.7;44.5;54.8;-10.3;105.64;99.3
16.1.2026;3;02:00 - 03:00;18,068.1;428.3;61.6;42.1;19.5;101.79;103.7
16.1.2026;4;03:00 - 04:00;3,820.7;383.6;59.7;44.2;15.5;103.62;103.9
16.1.2026;5;04:00 - 05:00;264.0;389.5;63.7;45.6;18.1;97.79;109.3
16.1.2026;6;05:00 - 06:00;900.2;480.0;55.3;48.7;6.6;112.96;104.0
16.1.2026;7;06:00 - 07:00;431.9;460.9;40.4;46.9;-6.5;142.89;87.3
16.1.2026;8;07:00 - 08:00;27,250.9;464.6;88.9;57.1;31.8;168.53;146.0
16.1.2026;9;08:00 - 09:00;7,716.9;1,565.0;39.4;90.4;-51.0;186.13;129.8
16.1.2026;10;09:00 - 10:00;72,859.7;2,199.1;114.7;174.1;-59.4;185.54;288.8
16.1.2026;11;10:00 - 11:00;25,764.8;2,378.1;154.4;151.1;3.3;183.40;305.5
16.1.2026;12;11:00 - 12:00;1,621.5;2,105.7;139.2;125.2;14.0;166.18;264.4
16.1.2026;13;12:00 - 13:00;12,796.1;2,220.5;251.0;131.5;119.5;158.49;382.5
16.1.2026;14;13:00 - 14:00;10,819.9;1,989.2;223.2;204.7;18.5;149.55;427.9
16.1.2026;15;14:00 - 15:00;10,367.6;2,355.8;132.6;169.3;-36.7;150.75;301.9
16.1.2026;16;15:00 - 16:00;9,415.4;4,927.1;138.0;133.8;4.2;158.43;271.8
16.1.2026;17;16:00 - 17:00;62,680.5;14,018.9;157.7;151.1;6.6;170.40;308.8
16.1.2026;18;17:00 - 18:00;2,554.1;1,281.3;179.4;214.4;-35.0;176.38;393.8
16.1.2026;19;18:00 - 19:00;12,769.7;1,605.0;172.4;153.1;19.3;165.68;325.5
16.1.2026;20;19:00 - 20:00;4,362.5;2,301.8;157.8;150.7;7.1;158.66;308.5
16.1.2026;21;20:00 - 21:00;5,844.2;931.4;115.0;119.6;-4.6;140.84;234.6
16.1.2026;22;21:00 - 22:00;33,335.9;2,687.4;59.1;97.8;-38.7;125.11;156.9
16.1.2026;23;22:00 - 23:00;1,020.0;1,604.6;35.5;97.2;-61.7;125.31;132.7
16.1.2026;24;23:00 - 00:00;531.7;931.7;40.0;84.2;-44.2;109.63;124.2
17.1.2026;1;00:00 - 01:00;655.6;143.8;36.5;24.3;12.2;116.54;60.8
17.1.2026;2;01:00 - 02:00;281.1;421.0;6.8;43.0;-36.2;113.20;49.8
17.1.2026;3;02:00 - 03:00;182.4;152.4;20.5;25.1;-4.6;109.05;45.6
17.1.2026;4;03:00 - 04:00;158.0;111.1;11.0;16.5;-5.5;110.24;27.5
17.1.2026;5;04:00 - 05:00;445.0;77.4;43.3;5.6;37.7;106.02;48.9
17.1.2026;6;05:00 - 06:00;157.5;106.1;15.0;17.7;-2.7;109.72;32.7
17.1.2026;7;06:00 - 07:00;161.8;96.4;28.0;9.5;18.5;110.89;37.5
17.1.2026;8;07:00 - 08:00;358.2;105.2;46.3;23.5;22.8;127.58;69.8
17.1.2026;9;08:00 - 09:00;6,475.1;8,943.4;29.2;39.2;-10.0;133.62;68.4
17.1.2026;10;09:00 - 10:00;7,949.7;7,602.5;67.1;83.4;-16.3;132.09;150.5
17.1.2026;11;10:00 - 11:00;2,761.8;4,591.9;125.5;137.2;-11.7;129.18;262.7
17.1.2026;12;11:00 - 12:00;2,314.9;1,427.2;113.9;163.4;-49.5;130.64;277.3
17.1.2026;13;12:00 - 13:00;2,100.3;29,022.8;172.8;161.0;11.8;119.08;333.8
17.1.2026;14;13:00 - 14:00;5,858.2;2,126.5;72.8;81.7;-8.9;116.57;154.5
17.1.2026;15;14:00 - 15:00;1,027.3;4,505.9;83.3;112.8;-29.5;111.77;196.1
17.1.2026;16;15:00 - 16:00;656.2;13,847.1;42.8;97.9;-55.1;129.34;140.7
17.1.2026;17;16:00 - 17:00;14,466.4;3,237.3;35.8;79.8;-44.0;148.49;115.6
17.1.2026;18;17:00 - 18:00;12,043.3;53,933.1;49.8;104.0;-54.2;149.81;153.8
17.1.2026;19;18:00 - 19:00;581.4;721.3;45.5;76.9;-31.4;148.68;122.4
17.1.2026;20;19:00 - 20:00;483.7;3,729.5;39.7;42.0;-2.3;143.51;81.7
17.1.2026;21;20:00 - 21:00;652.5;452.0;33.7;63.9;-30.2;135.30;97.6
17.1.2026;22;21:00 - 22:00;45,994.4;35,960.1;23.2;49.3;-26.1;122.85;72.5
17.1.2026;23;22:00 - 23:00;428.6;378.6;43.9;61.4;-17.5;118.98;105.3
17.1.2026;24;23:00 - 00:00;594.0;325.7;51.3;68.0;-16.7;111.08;119.3
18.1.2026;1;00:00 - 01:00;1,332.3;95.2;32.0;39.2;-7.2;108.81;71.2
18.1.2026;2;01:00 - 02:00;336.0;137.9;36.3;59.1;-22.8;105.87;95.4
18.1.2026;3;02:00 - 03:00;698.5;166.8;39.0;76.1;-37.1;103.42;115.1
18.1.2026;4;03:00 - 04:00;2,021.4;236.8;26.7;32.6;-5.9;98.65;59.3
18.1.2026;5;04:00 - 05:00;734.2;186.8;28.0;28.3;-0.3;99.40;56.3
18.1.2026;6;05:00 - 06:00;1,030.9;273.3;20.9;33.3;-12.4;100.38;54.2
18.1.2026;7;06:00 - 07:00;1,110.4;306.8;28.3;30.8;-2.5;103.31;59.1
18.1.2026;8;07:00 - 08:00;623.7;313.5;71.1;78.6;-7.5;110.44;149.7
18.1.2026;9;08:00 - 09:00;7,826.1;402.3;67.2;112.2;-45.0;118.58;179.4
18.1.2026;10;09:00 - 10:00;668.9;5,468.4;60.8;128.5;-67.7;112.32;189.3
18.1.2026;11;10:00 - 11:00;3,357.7;10,513.7;79.5;174.6;-95.1;97.44;254.1
18.1.2026;12;11:00 - 12:00;3,633.1;1,873.6;146.1;178.1;-32.0;82.76;324.2
18.1.2026;13;12:00 - 13:00;6,546.4;7,013.2;151.9;183.6;-31.7;79.38;335.5
18.1.2026;14;13:00 - 14:00;8,819.2;4,750.4;205.9;297.9;-92.0;85.64;503.8
18.1.2026;15;14:00 - 15:00;1,648.1;3,395.8;81.3;175.9;-94.6;101.09;257.2
18.1.2026;16;15:00 - 16:00;9,897.6;1,701.4;86.3;172.7;-86.4;112.76;259.0
18.1.2026;17;16:00 - 17:00;23,783.4;34,939.3;94.3;142.7;-48.4;119.45;237.0
18.1.2026;18;17:00 - 18:00;27,882.6;52,317.3;41.0;62.0;-21.0;136.06;103.0
18.1.2026;19;18:00 - 19:00;71,200.8;10,374.1;56.8;46.1;10.7;140.72;102.9
18.1.2026;20;19:00 - 20:00;11,340.6;2,711.8;44.7;51.8;-7.1;143.50;96.5
18.1.2026;21;20:00 - 21:00;152,407.4;20,192.3;36.2;64.7;-28.5;128.74;100.9
18.1.2026;22;21:00 - 22:00;1,148.4;4,018.9;106.1;71.3;34.8;115.03;177.4
18.1.2026;23;22:00 - 23:00;38,317.5;7,635.8;79.8;43.6;36.2;112.19;123.4
18.1.2026;24;23:00 - 00:00;4,325.9;5,387.1;106.4;110.6;-4.2;102.89;217.0
19.1.2026;1;00:00 - 01:00;419.9;1,169.2;18.7;2.4;16.3;99.73;21.1
19.1.2026;2;01:00 - 02:00;414.4;68.1;159.4;4.6;154.8;96.48;164.0
19.1.2026;3;02:00 - 03:00;278.3;1,226.9;187.6;0.0;187.6;98.51;187.6
19.1.2026;4;03:00 - 04:00;606.7;1,750.9;240.4;0.1;240.3;96.24;240.5
19.1.2026;5;04:00 - 05:00;644.5;144.1;265.0;5.6;259.4;98.57;270.6
19.1.2026;6;05:00 - 06:00;980.1;110.0;53.1;11.4;41.7;106.25;64.5
19.1.2026;7;06:00 - 07:00;7,846.3;175.3;63.1;8.2;54.9;125.83;71.3
19.1.2026;8;07:00 - 08:00;5,849.2;239.1;55.7;31.7;24.0;153.93;87.4
19.1.2026;9;08:00 - 09:00;472.2;235.5;25.0;100.7;-75.7;165.13;125.7
19.1.2026;10;09:00 - 10:00;2,368.0;1,644.3;93.6;80.4;13.2;151.63;174.0
19.1.2026;11;10:00 - 11:00;1,426.7;768.6;105.4;98.8;6.6;136.41;204.2
19.1.2026;12;11:00 - 12:00;3,611.3;4,188.0;161.9;180.0;-18.1;113.87;341.9
19.1.2026;13;12:00 - 13:00;7,867.1;2,018.0;145.2;115.4;29.8;112.88;260.6
19.1.2026;14;13:00 - 14:00;6,143.0;22,213.2;130.3;106.0;24.3;109.90;236.3
19.1.2026;15;14:00 - 15:00;9,109.6;50,004.9;102.7;47.6;55.1;128.86;150.3
19.1.2026;16;15:00 - 16:00;21,347.2;25,276.1;120.2;74.1;46.1;157.37;194.3
19.1.2026;17;16:00 - 17:00;21,507.2;24,522.5;43.5;35.2;8.3;248.38;78.7
19.1.2026;18;17:00 - 18:00;47,275.0;7,927.5;46.8;46.8;0.0;246.87;93.6
19.1.2026;19;18:00 - 19:00;30,416.7;9,515.9;122.1;168.0;-45.9;209.68;290.1
19.1.2026;20;19:00 - 20:00;15,215.6;26,554.5;104.2;124.5;-20.3;215.47;228.7
19.1.2026;21;20:00 - 21:00;12,183.8;17,422.1;62.9;31.6;31.3;221.98;94.5
19.1.2026;22;21:00 - 22:00;64,193.3;16,989.3;59.8;57.8;2.0;187.28;117.6
19.1.2026;23;22:00 - 23:00;17,202.5;1,132.7;71.6;49.9;21.7;134.71;121.5
19.1.2026;24;23:00 - 00:00;9,811.4;9,893.9;63.0;14.8;48.2;111.85;77.8
20.1.2026;1;00:00 - 01:00;1,483.6;161.3;62.6;85.9;-23.3;104.40;148.5
20.1.2026;2;01:00 - 02:00;6,725.7;159.2;90.8;88.5;2.3;111.71;179.3
20.1.2026;3;02:00 - 03:00;1,545.4;510.5;85.3;95.9;-10.6;81.91;181.2
20.1.2026;4;03:00 - 04:00;3,096.5;291.0;89.0;92.2;-3.2;76.95;181.2
20.1.2026;5;04:00 - 05:00;35,895.6;348.0;62.0;83.4;-21.4;116.95;145.4
20.1.2026;6;05:00 - 06:00;8,596.9;364.8;108.3;98.5;9.8;78.73;206.8
20.1.2026;7;06:00 - 07:00;5,765.6;2,964.1;180.0;103.9;76.1;147.69;283.9
20.1.2026;8;07:00 - 08:00;3,400.5;2,150.8;136.8;195.4;-58.6;196.00;332.2
20.1.2026;9;08:00 - 09:00;10,153.7;479.8;116.5;210.7;-94.2;202.31;327.2
20.1.2026;10;09:00 - 10:00;1,049.4;1,476.1;170.6;203.7;-33.1;177.53;374.3
20.1.2026;11;10:00 - 11:00;961.8;3,124.6;187.7;195.0;-7.3;129.46;382.7
20.1.2026;12;11:00 - 12:00;2,890.1;4,393.6;194.1;206.0;-11.9;111.84;400.1
20.1.2026;13;12:00 - 13:00;4,360.9;4,725.9;180.4;228.4;-48.0;106.67;408.8
20.1.2026;14;13:00 - 14:00;2,708.8;4,907.3;172.5;184.3;-11.8;111.09;356.8
20.1.2026;15;14:00 - 15:00;5,020.1;11,551.6;198.9;182.9;16.0;127.90;381.8
20.1.2026;16;15:00 - 16:00;47,357.6;15,195.7;233.7;188.5;45.2;183.16;422.2
20.1.2026;17;16:00 - 17:00;15,997.3;14,615.3;119.8;157.9;-38.1;226.54;277.7
20.1.2026;18;17:00 - 18:00;10,913.2;63,792.9;120.3;162.6;-42.3;207.15;282.9
20.1.2026;19;18:00 - 19:00;33,677.2;33,959.3;104.8;104.4;0.4;187.37;209.2
20.1.2026;20;19:00 - 20:00;46,052.6;27,622.0;59.3;108.9;-49.6;161.88;168.2
20.1.2026;21;20:00 - 21:00;20,218.1;14,320.7;56.6;77.7;-21.1;154.20;134.3
20.1.2026;22;21:00 - 22:00;32,552.7;6,734.0;56.3;75.3;-19.0;133.42;131.6
20.1.2026;23;22:00 - 23:00;41,681.1;8,819.7;59.3;97.1;-37.8;120.55;156.4
20.1.2026;24;23:00 - 00:00;48,576.3;8,743.3;244.7;80.1;164.6;114.81;324.8
21.1.2026;1;00:00 - 01:00;276.3;112.5;42.5;17.3;25.2;126.92;59.8
21.1.2026;2;01:00 - 02:00;1,079.7;587.2;59.9;35.0;24.9;129.17;94.9
21.1.2026;3;02:00 - 03:00;1,417.5;2,305.8;40.6;26.5;14.1;132.28;67.1
21.1.2026;4;03:00 - 04:00;5,832.6;715.1;85.1;18.0;67.1;123.28;103.1
21.1.2026;5;04:00 - 05:00;20,576.5;127.8;48.0;17.0;31.0;123.90;65.0
21.1.2026;6;05:00 - 06:00;1,819.2;104.9;27.8;20.0;7.8;164.19;47.8
21.1.2026;7;06:00 - 07:00;643.1;1,196.6;26.7;31.0;-4.3;159.37;57.7
21.1.2026;8;07:00 - 08:00;7,702.4;1,017.9;7.7;48.8;-41.1;176.20;56.5
21.1.2026;9;08:00 - 09:00;11,618.2;315.0;63.6;98.0;-34.4;221.01;161.6
21.1.2026;10;09:00 - 10:00;3,656.7;2,353.5;27.0;28.0;-1.0;150.47;55.0
21.1.2026;11;10:00 - 11:00;2,088.7;28,060.3;81.6;112.0;-30.4;165.66;193.6
21.1.2026;12;11:00 - 12:00;6,057.5;3,621.8;223.6;253.2;-29.6;191.39;476.8
21.1.2026;13;12:00 - 13:00;24,240.6;12,738.1;201.4;244.3;-42.9;186.73;445.7
21.1.2026;14;13:00 - 14:00;25,644.3;22,590.1;248.0;258.5;-10.5;224.70;506.5
21.1.2026;15;14:00 - 15:00;41,043.6;9,960.0;214.0;103.3;110.7;169.00;317.3
21.1.2026;16;15:00 - 16:00;16,221.8;2,928.6;158.0;118.8;39.2;228.05;276.8
21.1.2026;17;16:00 - 17:00;104,138.4;847.0;78.8;82.3;-3.5;247.79;161.1
21.1.2026;18;17:00 - 18:00;7,904.0;1,022.8;142.9;207.2;-64.3;350.63;350.1
21.1.2026;19;18:00 - 19:00;7,464.4;6,642.4;73.6;169.1;-95.5;263.35;242.7
21.1.2026;20;19:00 - 20:00;5,562.3;15,818.1;74.4;188.2;-113.8;250.97;262.6
21.1.2026;21;20:00 - 21:00;4,506.4;10,774.8;48.7;69.0;-20.3;247.32;117.7
21.1.2026;22;21:00 - 22:00;2,927.2;14,014.1;130.2;40.1;90.1;156.12;170.3
21.1.2026;23;22:00 - 23:00;39,959.0;2,812.6;61.3;54.3;7.0;129.80;115.6
21.1.2026;24;23:00 - 00:00;38,964.0;12,223.7;69.1;34.9;34.2;106.53;104.0
22.1.2026;1;00:00 - 01:00;49.1;109.9;5.8;18.4;-12.6;124.70;24.2
22.1.2026;2;01:00 - 02:00;56.7;622.3;11.0;10.0;1.0;100.06;21.0
22.1.2026;3;02:00 - 03:00;165.2;1,629.1;80.5;54.2;26.3;117.49;134.7
22.1.2026;4;03:00 - 04:00;247.3;4,300.9;97.7;47.4;50.3;113.87;145.1
22.1.2026;5;04:00 - 05:00;3,150.1;427.2;18.5;49.2;-30.7;129.98;67.7
22.1.2026;6;05:00 - 06:00;190.0;235.6;28.9;39.9;-11.0;134.49;68.8
22.1.2026;7;06:00 - 07:00;196.3;4,301.8;71.5;30.5;41.0;161.74;102.0
22.1.2026;8;07:00 - 08:00;128.3;3,080.5;23.9;32.8;-8.9;223.94;56.7
22.1.2026;9;08:00 - 09:00;486.4;1,959.7;48.1;130.8;-82.7;290.90;178.9
22.1.2026;10;09:00 - 10:00;2,658.5;1,813.1;103.9;117.5;-13.6;223.92;221.4
22.1.2026;11;10:00 - 11:00;10,832.6;18,451.4;89.0;89.0;0.0;173.66;178.0
22.1.2026;12;11:00 - 12:00;12,885.8;20,205.7;225.1;239.8;-14.7;161.66;464.9
22.1.2026;13;12:00 - 13:00;2,819.2;29,487.6;182.7;117.7;65.0;138.03;300.4
22.1.2026;14;13:00 - 14:00;6,866.1;6,702.6;184.4;113.7;70.7;127.28;298.1
22.1.2026;15;14:00 - 15:00;6,712.0;2,834.8;122.5;75.2;47.3;144.52;197.7
22.1.2026;16;15:00 - 16:00;3,548.8;27,385.7;128.6;135.3;-6.7;202.75;263.9
22.1.2026;17;16:00 - 17:00;1,741.0;29,828.9;135.1;154.8;-19.7;222.23;289.9
22.1.2026;18;17:00 - 18:00;12,439.0;6,478.3;114.1;145.5;-31.4;214.81;259.6
22.1.2026;19;18:00 - 19:00;9,518.4;15,379.7;92.3;56.6;35.7;183.94;148.9
22.1.2026;20;19:00 - 20:00;32,037.9;13,325.2;91.5;70.6;20.9;176.27;162.1
22.1.2026;21;20:00 - 21:00;13,474.0;4,369.0;66.4;77.0;-10.6;138.53;143.4
22.1.2026;22;21:00 - 22:00;5,852.1;22,316.1;32.7;75.5;-42.8;126.74;108.2
22.1.2026;23;22:00 - 23:00;1,664.6;10,427.2;154.8;90.7;64.1;128.20;245.5
22.1.2026;24;23:00 - 00:00;8,468.9;4,333.7;291.3;126.6;164.7;111.73;417.9
23.1.2026;1;00:00 - 01:00;111.7;108.8;41.7;35.6;6.1;119.86;77.3
23.1.2026;2;01:00 - 02:00;195.5;7,742.2;81.0;41.3;39.7;116.86;122.3
23.1.2026;3;02:00 - 03:00;3,837.2;146.4;25.2;25.2;0.0;107.56;50.4
23.1.2026;4;03:00 - 04:00;198.1;156.4;38.8;37.4;1.4;106.66;76.2
23.1.2026;5;04:00 - 05:00;36,027.3;120.9;39.0;37.3;1.7;106.64;76.3
23.1.2026;6;05:00 - 06:00;37,483.2;16,790.9;46.6;13.3;33.3;132.49;59.9
23.1.2026;7;06:00 - 07:00;6,207.4;133.2;81.0;12.6;68.4;154.35;93.6
23.1.2026;8;07:00 - 08:00;245.0;6,270.4;81.2;39.2;42.0;207.26;120.4
23.1.2026;9;08:00 - 09:00;2,331.1;495.8;126.8;122.3;4.5;236.70;249.1
23.1.2026;10;09:00 - 10:00;30,877.3;2,842.5;170.5;115.5;55.0;208.98;286.0
23.1.2026;11;10:00 - 11:00;55,391.4;10,491.5;175.3;241.3;-66.0;224.58;416.6
23.1.2026;12;11:00 - 12:00;27,581.6;5,027.8;156.7;173.4;-16.7;222.48;330.1
23.1.2026;13;12:00 - 13:00;18,605.8;4,088.6;81.5;107.3;-25.8;171.04;188.8
23.1.2026;14;13:00 - 14:00;126,845.7;3,652.6;149.6;70.1;79.5;164.20;219.7
23.1.2026;15;14:00 - 15:00;108,820.5;9,059.0;41.1;62.7;-21.6;172.49;103.8
23.1.2026;16;15:00 - 16:00;170,885.7;30,038.2;48.0;34.0;14.0;164.60;82.0
23.1.2026;17;16:00 - 17:00;49,673.2;24,712.6;86.6;113.4;-26.8;169.69;200.0
23.1.2026;18;17:00 - 18:00;21,682.7;60,239.8;143.8;129.7;14.1;186.18;273.5
23.1.2026;19;18:00 - 19:00;45,474.4;5,943.1;175.1;196.2;-21.1;153.58;371.3
23.1.2026;20;19:00 - 20:00;49,603.7;1,435.1;80.6;143.2;-62.6;164.02;223.8
23.1.2026;21;20:00 - 21:00;80,593.8;4,963.5;100.0;125.5;-25.5;141.64;225.5
23.1.2026;22;21:00 - 22:00;52,001.2;373.1;191.1;70.0;121.1;134.24;261.1
23.1.2026;23;22:00 - 23:00;31,621.0;3,698.7;277.8;123.0;154.8;130.47;400.8
23.1.2026;24;23:00 - 00:00;27,165.7;7,112.5;102.3;123.0;-20.7;110.67;225.3
24.1.2026;1;00:00 - 01:00;132.2;597.9;5.9;39.4;-33.5;131.88;45.3
24.1.2026;2;01:00 - 02:00;197.3;238.2;33.8;61.9;-28.1;108.68;95.7
24.1.2026;3;02:00 - 03:00;1,468.6;204.0;16.7;59.9;-43.2;112.81;76.6
24.1.2026;4;03:00 - 04:00;2,253.9;169.0;33.4;71.8;-38.4;122.72;105.2
24.1.2026;5;04:00 - 05:00;3,343.7;1,297.1;60.2;84.0;-23.8;110.04;144.2
24.1.2026;6;05:00 - 06:00;9,064.1;1,896.1;35.2;77.6;-42.4;119.79;112.8
24.1.2026;7;06:00 - 07:00;10,493.9;270.5;12.3;61.0;-48.7;135.54;73.3
24.1.2026;8;07:00 - 08:00;668.3;3,973.0;7.3;44.7;-37.4;135.36;52.0
24.1.2026;9;08:00 - 09:00;7,980.1;4,368.6;57.1;65.6;-8.5;141.06;122.7
24.1.2026;10;09:00 - 10:00;23,733.6;25,749.4;94.0;49.4;44.6;144.67;143.4
24.1.2026;11;10:00 - 11:00;10,836.9;13,699.5;107.0;90.1;16.9;144.22;197.1
24.1.2026;12;11:00 - 12:00;5,939.9;6,200.3;71.5;89.3;-17.8;144.04;160.8
24.1.2026;13;12:00 - 13:00;70,026.5;5,344.8;115.3;107.4;7.9;138.54;222.7
24.1.2026;14;13:00 - 14:00;8,812.4;6,758.5;113.9;127.9;-14.0;134.05;241.8
24.1.2026;15;14:00 - 15:00;5,220.7;17,496.5;82.5;105.7;-23.2;134.75;188.2
24.1.2026;16;15:00 - 16:00;9,843.0;6,887.4;73.2;137.1;-63.9;145.45;210.3
24.1.2026;17;16:00 - 17:00;11,342.4;1,589.7;107.5;66.6;40.9;161.89;174.1
24.1.2026;18;17:00 - 18:00;8,316.9;7,430.7;129.8;67.6;62.2;155.23;197.4
24.1.2026;19;18:00 - 19:00;2,976.6;4,515.5;45.6;60.6;-15.0;149.29;106.2
24.1.2026;20;19:00 - 20:00;1,857.4;3,762.7;41.2;82.3;-41.1;147.15;123.5
24.1.2026;21;20:00 - 21:00;2,744.6;4,629.5;57.3;62.4;-5.1;143.69;119.7
24.1.2026;22;21:00 - 22:00;7,578.2;1,107.7;75.3;66.9;8.4;129.90;142.2
24.1.2026;23;22:00 - 23:00;8,358.3;582.9;60.9;58.1;2.8;123.64;119.0
24.1.2026;24;23:00 - 00:00;368.0;4,435.6;40.8;60.7;-19.9;109.61;101.5
25.1.2026;1;00:00 - 01:00;138.5;206.9;11.1;71.5;-60.4;109.29;82.6
25.1.2026;2;01:00 - 02:00;59.8;192.8;1.1;44.4;-43.3;108.28;45.5
25.1.2026;3;02:00 - 03:00;97.6;228.6;2.4;38.6;-36.2;106.15;41.0
25.1.2026;4;03:00 - 04:00;88.5;174.0;4.9;59.2;-54.3;102.78;64.1
25.1.2026;5;04:00 - 05:00;226.3;159.3;9.4;70.0;-60.6;104.24;79.4
25.1.2026;6;05:00 - 06:00;122.9;152.4;11.5;65.2;-53.7;104.25;76.7
25.1.2026;7;06:00 - 07:00;100.9;175.6;4.8;56.8;-52.0;105.17;61.6
25.1.2026;8;07:00 - 08:00;316.3;213.9;4.5;61.3;-56.8;108.82;65.8
25.1.2026;9;08:00 - 09:00;3,910.0;1,275.1;31.7;84.2;-52.5;113.39;115.9
25.1.2026;10;09:00 - 10:00;2,357.8;3,106.4;54.0;123.2;-69.2;118.87;177.2
25.1.2026;11;10:00 - 11:00;2,880.5;3,772.3;97.8;125.3;-27.5;124.19;223.1
25.1.2026;12;11:00 - 12:00;10,704.9;11,154.2;120.9;174.2;-53.3;123.89;295.1
25.1.2026;13;12:00 - 13:00;1,881.8;23,466.1;138.7;157.9;-19.2;125.10;296.6
25.1.2026;14;13:00 - 14:00;3,643.5;1,563.1;119.5;128.6;-9.1;123.02;248.1
25.1.2026;15;14:00 - 15:00;3,785.2;5,473.3;102.8;121.5;-18.7;119.98;224.3
25.1.2026;16;15:00 - 16:00;4,415.8;13,936.0;75.5;102.1;-26.6;120.77;177.6
25.1.2026;17;16:00 - 17:00;2,170.6;281.2;60.3;89.7;-29.4;126.47;150.0
25.1.2026;18;17:00 - 18:00;1,012.5;529.1;66.6;95.5;-28.9;131.49;162.1
25.1.2026;19;18:00 - 19:00;411.5;528.0;43.2;79.6;-36.4;135.73;122.8
25.1.2026;20;19:00 - 20:00;256.6;431.0;28.1;68.1;-40.0;134.69;96.2
25.1.2026;21;20:00 - 21:00;2,328.9;373.8;32.6;85.0;-52.4;126.39;117.6
25.1.2026;22;21:00 - 22:00;363.3;3,021.2;42.1;99.3;-57.2;120.81;141.4
25.1.2026;23;22:00 - 23:00;651.8;504.0;74.2;81.8;-7.6;110.08;156.0
25.1.2026;24;23:00 - 00:00;1,550.1;917.8;96.5;101.5;-5.0;101.31;198.0
